date,pm25,pm10,no2,o3,so2,no,co,nh3,hcho,chocho,nmvoc,pans,dust,pm10_sea_salt,pm_wildfire,ec_residential,ec_total,pm25_nh4,pm25_no3,pm25_so4,pm25_om,sia,pm25_lag1,pm25_lag2,pm25_lag3,pm25_lag4,pm25_lag5,pm25_lag6,pm25_lag7,pm10_lag1,pm10_lag2,pm10_lag3,pm10_lag4,pm10_lag5,pm10_lag6,pm10_lag7,no2_lag1,no2_lag2,no2_lag3,no2_lag4,no2_lag5,no2_lag6,no2_lag7,o3_lag1,o3_lag2,o3_lag3,o3_lag4,o3_lag5,o3_lag6,o3_lag7,so2_lag1,so2_lag2,so2_lag3,so2_lag4,so2_lag5,so2_lag6,so2_lag7,no_lag1,no_lag2,no_lag3,no_lag4,no_lag5,no_lag6,no_lag7,co_lag1,co_lag2,co_lag3,co_lag4,co_lag5,co_lag6,co_lag7,nh3_lag1,nh3_lag2,nh3_lag3,nh3_lag4,nh3_lag5,nh3_lag6,nh3_lag7,dust_lag1,dust_lag2,dust_lag3,dust_lag4,dust_lag5,dust_lag6,dust_lag7
2025-01-01,8.270378112792969,10.398808479309082,5.763286113739014,57.27007293701172,1.1791760921478271,0.12290579080581665,165.6954803466797,0.4202464818954468,0.5100876688957214,0.015394089743494987,12.241968154907227,0.7077101469039917,1.150175929069519,0.2994023859500885,0.007800034713000059,0.08119119703769684,0.2022927850484848,0.7882707715034485,1.6424466371536255,0.9807901978492737,1.9129424095153809,3.4002444744110107,,,,,,,,,,,,,,,,,,,,,,,,,,,,,,,,,,,,,,,,,,,,,,,,,,,,,,,,,,,,,,,
2025-01-02,3.986342191696167,7.39020299911499,5.821303367614746,67.29737854003906,1.394178032875061,0.1987190544605255,161.92800903320312,0.5399218797683716,0.19265387952327728,0.0032389643602073193,11.550500869750977,0.48833274841308594,0.09685076773166656,3.3758397102355957,0.00853881984949112,0.04365995153784752,0.09114189445972443,0.18078526854515076,0.2810172140598297,0.24650755524635315,0.8494260907173157,0.7653995752334595,8.270378112792969,,,,,,,10.398808479309082,,,,,,,5.763286113739014,,,,,,,57.27007293701172,,,,,,,1.1791760921478271,,,,,,,0.12290579080581665,,,,,,,165.6954803466797,,,,,,,0.4202464818954468,,,,,,,1.150175929069519,,,,,,
2025-01-03,3.310025453567505,5.944100379943848,4.965763568878174,70.60865783691406,1.318191409111023,0.13808126747608185,167.73028564453125,0.45453011989593506,0.15360549092292786,0.0019203557167202234,9.590319633483887,0.49483731389045715,0.0036811605095863342,2.469177722930908,0.01132985483855009,0.034439440816640854,0.07771239429712296,0.21928894519805908,0.4612792432308197,0.15720650553703308,0.5821223855018616,0.932922899723053,3.986342191696167,8.270378112792969,,,,,,7.39020299911499,10.398808479309082,,,,,,5.821303367614746,5.763286113739014,,,,,,67.29737854003906,57.27007293701172,,,,,,1.394178032875061,1.1791760921478271,,,,,,0.1987190544605255,0.12290579080581665,,,,,,161.92800903320312,165.6954803466797,,,,,,0.5399218797683716,0.4202464818954468,,,,,,0.09685076773166656,1.150175929069519,,,,,
2025-01-04,7.4064178466796875,10.627511024475098,8.955842018127441,61.17774200439453,1.8688697814941406,0.23004116117954254,204.6166534423828,0.6671740412712097,0.26882219314575195,0.0038474872708320618,14.010722160339355,0.5412214994430542,0.005066100507974625,2.301748275756836,0.009625846520066261,0.08692405372858047,0.166785329580307,0.6898604035377502,2.1034624576568604,0.29285311698913574,1.3208597898483276,3.312568187713623,3.310025453567505,3.986342191696167,8.270378112792969,,,,,5.944100379943848,7.39020299911499,10.398808479309082,,,,,4.965763568878174,5.821303367614746,5.763286113739014,,,,,70.60865783691406,67.29737854003906,57.27007293701172,,,,,1.318191409111023,1.394178032875061,1.1791760921478271,,,,,0.13808126747608185,0.1987190544605255,0.12290579080581665,,,,,167.73028564453125,161.92800903320312,165.6954803466797,,,,,0.45453011989593506,0.5399218797683716,0.4202464818954468,,,,,0.0036811605095863342,0.09685076773166656,1.150175929069519,,,,
2025-01-05,11.962138175964355,14.26923942565918,12.051204681396484,44.44404602050781,2.88177227973938,0.2620592713356018,243.10275268554688,0.2424927055835724,0.3802557587623596,0.0071423109620809555,18.104169845581055,0.5382107496261597,0.11863153427839279,0.6457969546318054,0.004416059702634811,0.17780540883541107,0.3301100432872772,1.3686456680297852,4.097737789154053,0.6010586619377136,2.644101142883301,6.2957234382629395,7.4064178466796875,3.310025453567505,3.986342191696167,8.270378112792969,,,,10.627511024475098,5.944100379943848,7.39020299911499,10.398808479309082,,,,8.955842018127441,4.965763568878174,5.821303367614746,5.763286113739014,,,,61.17774200439453,70.60865783691406,67.29737854003906,57.27007293701172,,,,1.8688697814941406,1.318191409111023,1.394178032875061,1.1791760921478271,,,,0.23004116117954254,0.13808126747608185,0.1987190544605255,0.12290579080581665,,,,204.6166534423828,167.73028564453125,161.92800903320312,165.6954803466797,,,,0.6671740412712097,0.45453011989593506,0.5399218797683716,0.4202464818954468,,,,0.005066100507974625,0.0036811605095863342,0.09685076773166656,1.150175929069519,,,
2025-01-06,4.9856276512146,6.8527655601501465,9.284334182739258,52.60595703125,1.6928843259811401,0.20173098146915436,171.2428741455078,0.442491352558136,0.41002118587493896,0.009425003081560135,12.576934814453125,0.4465568959712982,0.916408896446228,0.2996097505092621,0.0044652363285422325,0.0728117898106575,0.16118255257606506,0.3977607190608978,0.6760279536247253,0.7298725247383118,1.3222123384475708,1.9180686473846436,11.962138175964355,7.4064178466796875,3.310025453567505,3.986342191696167,8.270378112792969,,,14.26923942565918,10.627511024475098,5.944100379943848,7.39020299911499,10.398808479309082,,,12.051204681396484,8.955842018127441,4.965763568878174,5.821303367614746,5.763286113739014,,,44.44404602050781,61.17774200439453,70.60865783691406,67.29737854003906,57.27007293701172,,,2.88177227973938,1.8688697814941406,1.318191409111023,1.394178032875061,1.1791760921478271,,,0.2620592713356018,0.23004116117954254,0.13808126747608185,0.1987190544605255,0.12290579080581665,,,243.10275268554688,204.6166534423828,167.73028564453125,161.92800903320312,165.6954803466797,,,0.2424927055835724,0.6671740412712097,0.45453011989593506,0.5399218797683716,0.4202464818954468,,,0.11863153427839279,0.005066100507974625,0.0036811605095863342,0.09685076773166656,1.150175929069519,,
2025-01-07,2.5546393394470215,4.399679660797119,6.245993614196777,66.31851959228516,1.4804884195327759,0.21492889523506165,170.11386108398438,0.4812707304954529,0.22795715928077698,0.005017418414354324,12.228047370910645,0.44961172342300415,0.029866548255085945,1.0162177085876465,0.0015192634891718626,0.05370509624481201,0.10323808342218399,0.14454635977745056,0.1897013932466507,0.23624207079410553,0.8869122862815857,0.6031950116157532,4.9856276512146,11.962138175964355,7.4064178466796875,3.310025453567505,3.986342191696167,8.270378112792969,,6.8527655601501465,14.26923942565918,10.627511024475098,5.944100379943848,7.39020299911499,10.398808479309082,,9.284334182739258,12.051204681396484,8.955842018127441,4.965763568878174,5.821303367614746,5.763286113739014,,52.60595703125,44.44404602050781,61.17774200439453,70.60865783691406,67.29737854003906,57.27007293701172,,1.6928843259811401,2.88177227973938,1.8688697814941406,1.318191409111023,1.394178032875061,1.1791760921478271,,0.20173098146915436,0.2620592713356018,0.23004116117954254,0.13808126747608185,0.1987190544605255,0.12290579080581665,,171.2428741455078,243.10275268554688,204.6166534423828,167.73028564453125,161.92800903320312,165.6954803466797,,0.442491352558136,0.2424927055835724,0.6671740412712097,0.45453011989593506,0.5399218797683716,0.4202464818954468,,0.916408896446228,0.11863153427839279,0.005066100507974625,0.0036811605095863342,0.09685076773166656,1.150175929069519,
2025-01-08,4.275213241577148,6.517275333404541,9.937649726867676,54.12980651855469,1.7024023532867432,0.304319828748703,203.1712646484375,0.4820117950439453,0.24596062302589417,0.00431949645280838,16.130207061767578,0.5098260641098022,0.008032217621803284,1.1678411960601807,0.005463021341711283,0.07330365478992462,0.1504632830619812,0.3831574618816376,0.8362083435058594,0.2858746349811554,1.0853350162506104,1.5411821603775024,2.5546393394470215,4.9856276512146,11.962138175964355,7.4064178466796875,3.310025453567505,3.986342191696167,8.270378112792969,4.399679660797119,6.8527655601501465,14.26923942565918,10.627511024475098,5.944100379943848,7.39020299911499,10.398808479309082,6.245993614196777,9.284334182739258,12.051204681396484,8.955842018127441,4.965763568878174,5.821303367614746,5.763286113739014,66.31851959228516,52.60595703125,44.44404602050781,61.17774200439453,70.60865783691406,67.29737854003906,57.27007293701172,1.4804884195327759,1.6928843259811401,2.88177227973938,1.8688697814941406,1.318191409111023,1.394178032875061,1.1791760921478271,0.21492889523506165,0.20173098146915436,0.2620592713356018,0.23004116117954254,0.13808126747608185,0.1987190544605255,0.12290579080581665,170.11386108398438,171.2428741455078,243.10275268554688,204.6166534423828,167.73028564453125,161.92800903320312,165.6954803466797,0.4812707304954529,0.442491352558136,0.2424927055835724,0.6671740412712097,0.45453011989593506,0.5399218797683716,0.4202464818954468,0.029866548255085945,0.916408896446228,0.11863153427839279,0.005066100507974625,0.0036811605095863342,0.09685076773166656,1.150175929069519
2025-01-09,6.418144702911377,7.999630928039551,13.567188262939453,37.61399459838867,2.6095662117004395,0.8153776526451111,245.9003143310547,0.26980289816856384,0.35188165307044983,0.004279749002307653,28.862300872802734,0.4927041530609131,0.007007524371147156,0.27439332008361816,0.002558588981628418,0.1176462322473526,0.2293580174446106,0.5408309102058411,1.328412413597107,0.5430407524108887,1.7032463550567627,2.506268262863159,4.275213241577148,2.5546393394470215,4.9856276512146,11.962138175964355,7.4064178466796875,3.310025453567505,3.986342191696167,6.517275333404541,4.399679660797119,6.8527655601501465,14.26923942565918,10.627511024475098,5.944100379943848,7.39020299911499,9.937649726867676,6.245993614196777,9.284334182739258,12.051204681396484,8.955842018127441,4.965763568878174,5.821303367614746,54.12980651855469,66.31851959228516,52.60595703125,44.44404602050781,61.17774200439453,70.60865783691406,67.29737854003906,1.7024023532867432,1.4804884195327759,1.6928843259811401,2.88177227973938,1.8688697814941406,1.318191409111023,1.394178032875061,0.304319828748703,0.21492889523506165,0.20173098146915436,0.2620592713356018,0.23004116117954254,0.13808126747608185,0.1987190544605255,203.1712646484375,170.11386108398438,171.2428741455078,243.10275268554688,204.6166534423828,167.73028564453125,161.92800903320312,0.4820117950439453,0.4812707304954529,0.442491352558136,0.2424927055835724,0.6671740412712097,0.45453011989593506,0.5399218797683716,0.008032217621803284,0.029866548255085945,0.916408896446228,0.11863153427839279,0.005066100507974625,0.0036811605095863342,0.09685076773166656
2025-01-10,6.252065181732178,8.327811241149902,9.535908699035645,53.11222457885742,1.4211835861206055,0.24587909877300262,196.62290954589844,0.31530433893203735,0.2225448042154312,0.0034722317941486835,16.542726516723633,0.49829354882240295,0.0196085125207901,1.2411962747573853,0.010008307173848152,0.05282113701105118,0.12956006824970245,0.6073686480522156,1.695658564567566,0.2521083652973175,0.9284286499023438,2.650359869003296,6.418144702911377,4.275213241577148,2.5546393394470215,4.9856276512146,11.962138175964355,7.4064178466796875,3.310025453567505,7.999630928039551,6.517275333404541,4.399679660797119,6.8527655601501465,14.26923942565918,10.627511024475098,5.944100379943848,13.567188262939453,9.937649726867676,6.245993614196777,9.284334182739258,12.051204681396484,8.955842018127441,4.965763568878174,37.61399459838867,54.12980651855469,66.31851959228516,52.60595703125,44.44404602050781,61.17774200439453,70.60865783691406,2.6095662117004395,1.7024023532867432,1.4804884195327759,1.6928843259811401,2.88177227973938,1.8688697814941406,1.318191409111023,0.8153776526451111,0.304319828748703,0.21492889523506165,0.20173098146915436,0.2620592713356018,0.23004116117954254,0.13808126747608185,245.9003143310547,203.1712646484375,170.11386108398438,171.2428741455078,243.10275268554688,204.6166534423828,167.73028564453125,0.26980289816856384,0.4820117950439453,0.4812707304954529,0.442491352558136,0.2424927055835724,0.6671740412712097,0.45453011989593506,0.007007524371147156,0.008032217621803284,0.029866548255085945,0.916408896446228,0.11863153427839279,0.005066100507974625,0.0036811605095863342
2025-01-11,4.138298988342285,6.2773308753967285,4.646233558654785,58.82168960571289,1.0608972311019897,0.13628347218036652,178.33804321289062,0.2736496329307556,0.16421400010585785,0.0035536724608391523,8.668604850769043,0.5079342126846313,0.04690434783697128,1.4623522758483887,0.0006415230454877019,0.04364507645368576,0.0858318954706192,0.30390211939811707,0.7659695148468018,0.34399497509002686,0.7823807597160339,1.423205018043518,6.252065181732178,6.418144702911377,4.275213241577148,2.5546393394470215,4.9856276512146,11.962138175964355,7.4064178466796875,8.327811241149902,7.999630928039551,6.517275333404541,4.399679660797119,6.8527655601501465,14.26923942565918,10.627511024475098,9.535908699035645,13.567188262939453,9.937649726867676,6.245993614196777,9.284334182739258,12.051204681396484,8.955842018127441,53.11222457885742,37.61399459838867,54.12980651855469,66.31851959228516,52.60595703125,44.44404602050781,61.17774200439453,1.4211835861206055,2.6095662117004395,1.7024023532867432,1.4804884195327759,1.6928843259811401,2.88177227973938,1.8688697814941406,0.24587909877300262,0.8153776526451111,0.304319828748703,0.21492889523506165,0.20173098146915436,0.2620592713356018,0.23004116117954254,196.62290954589844,245.9003143310547,203.1712646484375,170.11386108398438,171.2428741455078,243.10275268554688,204.6166534423828,0.31530433893203735,0.26980289816856384,0.4820117950439453,0.4812707304954529,0.442491352558136,0.2424927055835724,0.6671740412712097,0.0196085125207901,0.007007524371147156,0.008032217621803284,0.029866548255085945,0.916408896446228,0.11863153427839279,0.005066100507974625
2025-01-12,3.2718875408172607,5.468180179595947,4.655511379241943,69.80908966064453,1.2666791677474976,0.18392598628997803,173.67279052734375,0.628272294998169,0.1834026575088501,0.0020140677224844694,9.8562593460083,0.4503040313720703,0.020855160430073738,1.5324623584747314,3.288764855824411e-05,0.0661473274230957,0.10783249139785767,0.20135629177093506,0.3577888607978821,0.2080000936985016,0.8882818818092346,0.8708437085151672,4.138298988342285,6.252065181732178,6.418144702911377,4.275213241577148,2.5546393394470215,4.9856276512146,11.962138175964355,6.2773308753967285,8.327811241149902,7.999630928039551,6.517275333404541,4.399679660797119,6.8527655601501465,14.26923942565918,4.646233558654785,9.535908699035645,13.567188262939453,9.937649726867676,6.245993614196777,9.284334182739258,12.051204681396484,58.82168960571289,53.11222457885742,37.61399459838867,54.12980651855469,66.31851959228516,52.60595703125,44.44404602050781,1.0608972311019897,1.4211835861206055,2.6095662117004395,1.7024023532867432,1.4804884195327759,1.6928843259811401,2.88177227973938,0.13628347218036652,0.24587909877300262,0.8153776526451111,0.304319828748703,0.21492889523506165,0.20173098146915436,0.2620592713356018,178.33804321289062,196.62290954589844,245.9003143310547,203.1712646484375,170.11386108398438,171.2428741455078,243.10275268554688,0.2736496329307556,0.31530433893203735,0.26980289816856384,0.4820117950439453,0.4812707304954529,0.442491352558136,0.2424927055835724,0.04690434783697128,0.0196085125207901,0.007007524371147156,0.008032217621803284,0.029866548255085945,0.916408896446228,0.11863153427839279
2025-01-13,7.077068328857422,9.725175857543945,14.834297180175781,57.201759338378906,1.9827985763549805,1.1652624607086182,228.73609924316406,1.2291786670684814,0.36745771765708923,0.006800555158406496,27.37508773803711,0.49915528297424316,0.011131946928799152,0.874359130859375,0.0011462615802884102,0.11349860578775406,0.23105326294898987,0.7819194793701172,1.6147453784942627,0.3140106201171875,1.6208877563476562,3.209611415863037,3.2718875408172607,4.138298988342285,6.252065181732178,6.418144702911377,4.275213241577148,2.5546393394470215,4.9856276512146,5.468180179595947,6.2773308753967285,8.327811241149902,7.999630928039551,6.517275333404541,4.399679660797119,6.8527655601501465,4.655511379241943,4.646233558654785,9.535908699035645,13.567188262939453,9.937649726867676,6.245993614196777,9.284334182739258,69.80908966064453,58.82168960571289,53.11222457885742,37.61399459838867,54.12980651855469,66.31851959228516,52.60595703125,1.2666791677474976,1.0608972311019897,1.4211835861206055,2.6095662117004395,1.7024023532867432,1.4804884195327759,1.6928843259811401,0.18392598628997803,0.13628347218036652,0.24587909877300262,0.8153776526451111,0.304319828748703,0.21492889523506165,0.20173098146915436,173.67279052734375,178.33804321289062,196.62290954589844,245.9003143310547,203.1712646484375,170.11386108398438,171.2428741455078,0.628272294998169,0.2736496329307556,0.31530433893203735,0.26980289816856384,0.4820117950439453,0.4812707304954529,0.442491352558136,0.020855160430073738,0.04690434783697128,0.0196085125207901,0.007007524371147156,0.008032217621803284,0.029866548255085945,0.916408896446228
2025-01-14,12.546269416809082,15.560023307800293,16.00914764404297,46.67678451538086,2.1276516914367676,0.42407748103141785,240.67312622070312,0.8215553760528564,0.4309656023979187,0.0069228545762598515,23.069490432739258,0.5630906820297241,0.05046510696411133,0.7056043148040771,0.01640254072844982,0.13144080340862274,0.27977532148361206,1.637644648551941,4.603717803955078,0.509233295917511,1.9178338050842285,7.2786431312561035,7.077068328857422,3.2718875408172607,4.138298988342285,6.252065181732178,6.418144702911377,4.275213241577148,2.5546393394470215,9.725175857543945,5.468180179595947,6.2773308753967285,8.327811241149902,7.999630928039551,6.517275333404541,4.399679660797119,14.834297180175781,4.655511379241943,4.646233558654785,9.535908699035645,13.567188262939453,9.937649726867676,6.245993614196777,57.201759338378906,69.80908966064453,58.82168960571289,53.11222457885742,37.61399459838867,54.12980651855469,66.31851959228516,1.9827985763549805,1.2666791677474976,1.0608972311019897,1.4211835861206055,2.6095662117004395,1.7024023532867432,1.4804884195327759,1.1652624607086182,0.18392598628997803,0.13628347218036652,0.24587909877300262,0.8153776526451111,0.304319828748703,0.21492889523506165,228.73609924316406,173.67279052734375,178.33804321289062,196.62290954589844,245.9003143310547,203.1712646484375,170.11386108398438,1.2291786670684814,0.628272294998169,0.2736496329307556,0.31530433893203735,0.26980289816856384,0.4820117950439453,0.4812707304954529,0.011131946928799152,0.020855160430073738,0.04690434783697128,0.0196085125207901,0.007007524371147156,0.008032217621803284,0.029866548255085945
2025-01-15,9.973625183105469,13.49964714050293,13.119887351989746,41.23185348510742,1.4421759843826294,0.43463775515556335,199.0440673828125,0.5088593363761902,0.2976250648498535,0.003497183322906494,26.27669334411621,0.3138299286365509,0.0349055677652359,3.4718897342681885,0.005891401786357164,0.1012437492609024,0.20113393664360046,0.8570877313613892,2.431023597717285,0.6277979016304016,1.6063051223754883,4.0874199867248535,12.546269416809082,7.077068328857422,3.2718875408172607,4.138298988342285,6.252065181732178,6.418144702911377,4.275213241577148,15.560023307800293,9.725175857543945,5.468180179595947,6.2773308753967285,8.327811241149902,7.999630928039551,6.517275333404541,16.00914764404297,14.834297180175781,4.655511379241943,4.646233558654785,9.535908699035645,13.567188262939453,9.937649726867676,46.67678451538086,57.201759338378906,69.80908966064453,58.82168960571289,53.11222457885742,37.61399459838867,54.12980651855469,2.1276516914367676,1.9827985763549805,1.2666791677474976,1.0608972311019897,1.4211835861206055,2.6095662117004395,1.7024023532867432,0.42407748103141785,1.1652624607086182,0.18392598628997803,0.13628347218036652,0.24587909877300262,0.8153776526451111,0.304319828748703,240.67312622070312,228.73609924316406,173.67279052734375,178.33804321289062,196.62290954589844,245.9003143310547,203.1712646484375,0.8215553760528564,1.2291786670684814,0.628272294998169,0.2736496329307556,0.31530433893203735,0.26980289816856384,0.4820117950439453,0.05046510696411133,0.011131946928799152,0.020855160430073738,0.04690434783697128,0.0196085125207901,0.007007524371147156,0.008032217621803284
2025-01-16,8.933810234069824,11.65573501586914,10.287531852722168,53.63948440551758,1.736236572265625,0.32733166217803955,210.2158966064453,0.3427143096923828,0.3528399169445038,0.006698432378470898,26.8726806640625,0.3545999825000763,0.004925651475787163,2.0079822540283203,0.0017269535455852747,0.10082632303237915,0.19366677105426788,0.9010781049728394,2.3289144039154053,0.9960686564445496,1.4121464490890503,4.2729315757751465,9.973625183105469,12.546269416809082,7.077068328857422,3.2718875408172607,4.138298988342285,6.252065181732178,6.418144702911377,13.49964714050293,15.560023307800293,9.725175857543945,5.468180179595947,6.2773308753967285,8.327811241149902,7.999630928039551,13.119887351989746,16.00914764404297,14.834297180175781,4.655511379241943,4.646233558654785,9.535908699035645,13.567188262939453,41.23185348510742,46.67678451538086,57.201759338378906,69.80908966064453,58.82168960571289,53.11222457885742,37.61399459838867,1.4421759843826294,2.1276516914367676,1.9827985763549805,1.2666791677474976,1.0608972311019897,1.4211835861206055,2.6095662117004395,0.43463775515556335,0.42407748103141785,1.1652624607086182,0.18392598628997803,0.13628347218036652,0.24587909877300262,0.8153776526451111,199.0440673828125,240.67312622070312,228.73609924316406,173.67279052734375,178.33804321289062,196.62290954589844,245.9003143310547,0.5088593363761902,0.8215553760528564,1.2291786670684814,0.628272294998169,0.2736496329307556,0.31530433893203735,0.26980289816856384,0.0349055677652359,0.05046510696411133,0.011131946928799152,0.020855160430073738,0.04690434783697128,0.0196085125207901,0.007007524371147156
2025-01-17,14.214005470275879,17.45383644104004,17.886938095092773,30.063514709472656,2.115898847579956,1.6968168020248413,271.273193359375,0.7246727347373962,0.5872319340705872,0.01599106937646866,42.38922119140625,0.4430864751338959,0.007634424604475498,0.6792866587638855,0.0012693475000560284,0.1851571649312973,0.36497318744659424,1.4820303916931152,3.905736207962036,1.1120195388793945,2.6034116744995117,6.988819122314453,8.933810234069824,9.973625183105469,12.546269416809082,7.077068328857422,3.2718875408172607,4.138298988342285,6.252065181732178,11.65573501586914,13.49964714050293,15.560023307800293,9.725175857543945,5.468180179595947,6.2773308753967285,8.327811241149902,10.287531852722168,13.119887351989746,16.00914764404297,14.834297180175781,4.655511379241943,4.646233558654785,9.535908699035645,53.63948440551758,41.23185348510742,46.67678451538086,57.201759338378906,69.80908966064453,58.82168960571289,53.11222457885742,1.736236572265625,1.4421759843826294,2.1276516914367676,1.9827985763549805,1.2666791677474976,1.0608972311019897,1.4211835861206055,0.32733166217803955,0.43463775515556335,0.42407748103141785,1.1652624607086182,0.18392598628997803,0.13628347218036652,0.24587909877300262,210.2158966064453,199.0440673828125,240.67312622070312,228.73609924316406,173.67279052734375,178.33804321289062,196.62290954589844,0.3427143096923828,0.5088593363761902,0.8215553760528564,1.2291786670684814,0.628272294998169,0.2736496329307556,0.31530433893203735,0.004925651475787163,0.0349055677652359,0.05046510696411133,0.011131946928799152,0.020855160430073738,0.04690434783697128,0.0196085125207901
2025-01-18,16.31537437438965,19.681486129760742,22.22315216064453,20.76004409790039,2.898885726928711,3.113223075866699,289.3604736328125,0.3006155490875244,0.6241567730903625,0.023137744516134262,41.659996032714844,0.6786596179008484,0.0195942185819149,0.19639241695404053,0.0012322098482400179,0.1989777386188507,0.33676260709762573,2.0518264770507812,5.819416522979736,1.3084269762039185,2.693573236465454,10.154659271240234,14.214005470275879,8.933810234069824,9.973625183105469,12.546269416809082,7.077068328857422,3.2718875408172607,4.138298988342285,17.45383644104004,11.65573501586914,13.49964714050293,15.560023307800293,9.725175857543945,5.468180179595947,6.2773308753967285,17.886938095092773,10.287531852722168,13.119887351989746,16.00914764404297,14.834297180175781,4.655511379241943,4.646233558654785,30.063514709472656,53.63948440551758,41.23185348510742,46.67678451538086,57.201759338378906,69.80908966064453,58.82168960571289,2.115898847579956,1.736236572265625,1.4421759843826294,2.1276516914367676,1.9827985763549805,1.2666791677474976,1.0608972311019897,1.6968168020248413,0.32733166217803955,0.43463775515556335,0.42407748103141785,1.1652624607086182,0.18392598628997803,0.13628347218036652,271.273193359375,210.2158966064453,199.0440673828125,240.67312622070312,228.73609924316406,173.67279052734375,178.33804321289062,0.7246727347373962,0.3427143096923828,0.5088593363761902,0.8215553760528564,1.2291786670684814,0.628272294998169,0.2736496329307556,0.007634424604475498,0.004925651475787163,0.0349055677652359,0.05046510696411133,0.011131946928799152,0.020855160430073738,0.04690434783697128
2025-01-19,22.21867561340332,25.195018768310547,17.736421585083008,21.233882904052734,4.794398307800293,1.6614919900894165,361.3894958496094,0.3492923974990845,0.9930980205535889,0.021276960149407387,30.641159057617188,0.8290677070617676,0.13988558948040009,0.2828703820705414,0.038769226521253586,1.0846567153930664,1.335193395614624,1.5856670141220093,4.797237396240234,1.2490767240524292,9.3912935256958,7.695136547088623,16.31537437438965,14.214005470275879,8.933810234069824,9.973625183105469,12.546269416809082,7.077068328857422,3.2718875408172607,19.681486129760742,17.45383644104004,11.65573501586914,13.49964714050293,15.560023307800293,9.725175857543945,5.468180179595947,22.22315216064453,17.886938095092773,10.287531852722168,13.119887351989746,16.00914764404297,14.834297180175781,4.655511379241943,20.76004409790039,30.063514709472656,53.63948440551758,41.23185348510742,46.67678451538086,57.201759338378906,69.80908966064453,2.898885726928711,2.115898847579956,1.736236572265625,1.4421759843826294,2.1276516914367676,1.9827985763549805,1.2666791677474976,3.113223075866699,1.6968168020248413,0.32733166217803955,0.43463775515556335,0.42407748103141785,1.1652624607086182,0.18392598628997803,289.3604736328125,271.273193359375,210.2158966064453,199.0440673828125,240.67312622070312,228.73609924316406,173.67279052734375,0.3006155490875244,0.7246727347373962,0.3427143096923828,0.5088593363761902,0.8215553760528564,1.2291786670684814,0.628272294998169,0.0195942185819149,0.007634424604475498,0.004925651475787163,0.0349055677652359,0.05046510696411133,0.011131946928799152,0.020855160430073738
2025-01-20,24.90420913696289,29.933032989501953,23.485172271728516,19.964548110961914,2.7952685356140137,2.4749507904052734,416.21307373046875,0.8364958763122559,0.9591591358184814,0.01883012428879738,36.62468338012695,0.94359290599823,1.104402780532837,0.3924565017223358,0.026296181604266167,0.4983731210231781,0.8081883788108826,1.6480642557144165,3.9789867401123047,1.564320683479309,5.768935680389404,7.481820106506348,22.21867561340332,16.31537437438965,14.214005470275879,8.933810234069824,9.973625183105469,12.546269416809082,7.077068328857422,25.195018768310547,19.681486129760742,17.45383644104004,11.65573501586914,13.49964714050293,15.560023307800293,9.725175857543945,17.736421585083008,22.22315216064453,17.886938095092773,10.287531852722168,13.119887351989746,16.00914764404297,14.834297180175781,21.233882904052734,20.76004409790039,30.063514709472656,53.63948440551758,41.23185348510742,46.67678451538086,57.201759338378906,4.794398307800293,2.898885726928711,2.115898847579956,1.736236572265625,1.4421759843826294,2.1276516914367676,1.9827985763549805,1.6614919900894165,3.113223075866699,1.6968168020248413,0.32733166217803955,0.43463775515556335,0.42407748103141785,1.1652624607086182,361.3894958496094,289.3604736328125,271.273193359375,210.2158966064453,199.0440673828125,240.67312622070312,228.73609924316406,0.3492923974990845,0.3006155490875244,0.7246727347373962,0.3427143096923828,0.5088593363761902,0.8215553760528564,1.2291786670684814,0.13988558948040009,0.0195942185819149,0.007634424604475498,0.004925651475787163,0.0349055677652359,0.05046510696411133,0.011131946928799152
2025-01-21,25.081172943115234,28.749874114990234,33.15312957763672,11.876826286315918,2.532085418701172,3.890897750854492,392.2754821777344,0.926821231842041,0.908480167388916,0.030020471662282944,55.1767692565918,1.1575266122817993,0.7391373515129089,0.18104131519794464,0.021763164550065994,0.34421849250793457,0.6088396906852722,3.269930601119995,10.08869743347168,1.6675543785095215,5.8522772789001465,14.390068054199219,24.90420913696289,22.21867561340332,16.31537437438965,14.214005470275879,8.933810234069824,9.973625183105469,12.546269416809082,29.933032989501953,25.195018768310547,19.681486129760742,17.45383644104004,11.65573501586914,13.49964714050293,15.560023307800293,23.485172271728516,17.736421585083008,22.22315216064453,17.886938095092773,10.287531852722168,13.119887351989746,16.00914764404297,19.964548110961914,21.233882904052734,20.76004409790039,30.063514709472656,53.63948440551758,41.23185348510742,46.67678451538086,2.7952685356140137,4.794398307800293,2.898885726928711,2.115898847579956,1.736236572265625,1.4421759843826294,2.1276516914367676,2.4749507904052734,1.6614919900894165,3.113223075866699,1.6968168020248413,0.32733166217803955,0.43463775515556335,0.42407748103141785,416.21307373046875,361.3894958496094,289.3604736328125,271.273193359375,210.2158966064453,199.0440673828125,240.67312622070312,0.8364958763122559,0.3492923974990845,0.3006155490875244,0.7246727347373962,0.3427143096923828,0.5088593363761902,0.8215553760528564,1.104402780532837,0.13988558948040009,0.0195942185819149,0.007634424604475498,0.004925651475787163,0.0349055677652359,0.05046510696411133
2025-01-22,22.026920318603516,26.101673126220703,23.531631469726562,19.110660552978516,3.4651968479156494,3.0806198120117188,357.3561096191406,0.6929076910018921,1.0401698350906372,0.034039124846458435,47.365177154541016,1.5636727809906006,1.4511332511901855,0.18242989480495453,0.016367170959711075,0.3548215329647064,0.573349118232727,2.7251198291778564,7.6430206298828125,1.6087348461151123,5.574685096740723,12.067713737487793,25.081172943115234,24.90420913696289,22.21867561340332,16.31537437438965,14.214005470275879,8.933810234069824,9.973625183105469,28.749874114990234,29.933032989501953,25.195018768310547,19.681486129760742,17.45383644104004,11.65573501586914,13.49964714050293,33.15312957763672,23.485172271728516,17.736421585083008,22.22315216064453,17.886938095092773,10.287531852722168,13.119887351989746,11.876826286315918,19.964548110961914,21.233882904052734,20.76004409790039,30.063514709472656,53.63948440551758,41.23185348510742,2.532085418701172,2.7952685356140137,4.794398307800293,2.898885726928711,2.115898847579956,1.736236572265625,1.4421759843826294,3.890897750854492,2.4749507904052734,1.6614919900894165,3.113223075866699,1.6968168020248413,0.32733166217803955,0.43463775515556335,392.2754821777344,416.21307373046875,361.3894958496094,289.3604736328125,271.273193359375,210.2158966064453,199.0440673828125,0.926821231842041,0.8364958763122559,0.3492923974990845,0.3006155490875244,0.7246727347373962,0.3427143096923828,0.5088593363761902,0.7391373515129089,1.104402780532837,0.13988558948040009,0.0195942185819149,0.007634424604475498,0.004925651475787163,0.0349055677652359
2025-01-23,12.0656156539917,14.249642372131348,14.933294296264648,36.31245040893555,1.8063650131225586,0.544715166091919,287.3209533691406,0.2529236972332001,0.6041372418403625,0.014933998696506023,25.769094467163086,1.0206811428070068,0.7000522017478943,0.19213822484016418,0.0023348364047706127,0.15226545929908752,0.2799842357635498,1.164203405380249,2.886401653289795,0.9411797523498535,3.002051830291748,5.497984886169434,22.026920318603516,25.081172943115234,24.90420913696289,22.21867561340332,16.31537437438965,14.214005470275879,8.933810234069824,26.101673126220703,28.749874114990234,29.933032989501953,25.195018768310547,19.681486129760742,17.45383644104004,11.65573501586914,23.531631469726562,33.15312957763672,23.485172271728516,17.736421585083008,22.22315216064453,17.886938095092773,10.287531852722168,19.110660552978516,11.876826286315918,19.964548110961914,21.233882904052734,20.76004409790039,30.063514709472656,53.63948440551758,3.4651968479156494,2.532085418701172,2.7952685356140137,4.794398307800293,2.898885726928711,2.115898847579956,1.736236572265625,3.0806198120117188,3.890897750854492,2.4749507904052734,1.6614919900894165,3.113223075866699,1.6968168020248413,0.32733166217803955,357.3561096191406,392.2754821777344,416.21307373046875,361.3894958496094,289.3604736328125,271.273193359375,210.2158966064453,0.6929076910018921,0.926821231842041,0.8364958763122559,0.3492923974990845,0.3006155490875244,0.7246727347373962,0.3427143096923828,1.4511332511901855,0.7391373515129089,1.104402780532837,0.13988558948040009,0.0195942185819149,0.007634424604475498,0.004925651475787163
2025-01-24,5.661482810974121,7.857577323913574,9.983122825622559,53.11646270751953,1.4739723205566406,0.44555914402008057,206.35372924804688,0.37686896324157715,0.44782471656799316,0.01231359876692295,18.813753128051758,0.7747271656990051,0.1334182620048523,0.5906909108161926,0.0029857326298952103,0.08039753139019012,0.1562017947435379,0.5189507603645325,1.4934226274490356,0.41866087913513184,1.5003339052200317,2.486943244934082,12.0656156539917,22.026920318603516,25.081172943115234,24.90420913696289,22.21867561340332,16.31537437438965,14.214005470275879,14.249642372131348,26.101673126220703,28.749874114990234,29.933032989501953,25.195018768310547,19.681486129760742,17.45383644104004,14.933294296264648,23.531631469726562,33.15312957763672,23.485172271728516,17.736421585083008,22.22315216064453,17.886938095092773,36.31245040893555,19.110660552978516,11.876826286315918,19.964548110961914,21.233882904052734,20.76004409790039,30.063514709472656,1.8063650131225586,3.4651968479156494,2.532085418701172,2.7952685356140137,4.794398307800293,2.898885726928711,2.115898847579956,0.544715166091919,3.0806198120117188,3.890897750854492,2.4749507904052734,1.6614919900894165,3.113223075866699,1.6968168020248413,287.3209533691406,357.3561096191406,392.2754821777344,416.21307373046875,361.3894958496094,289.3604736328125,271.273193359375,0.2529236972332001,0.6929076910018921,0.926821231842041,0.8364958763122559,0.3492923974990845,0.3006155490875244,0.7246727347373962,0.7000522017478943,1.4511332511901855,0.7391373515129089,1.104402780532837,0.13988558948040009,0.0195942185819149,0.007634424604475498
2025-01-25,4.179831027984619,6.1451497077941895,10.156489372253418,53.24992370605469,1.4591706991195679,0.1979629248380661,187.67007446289062,0.5919499397277832,0.5080958604812622,0.012463701888918877,13.92924690246582,0.5524527430534363,0.15381337702274323,0.31289610266685486,0.0014807183761149645,0.1008964255452156,0.17093425989151,0.32324638962745667,0.7559502720832825,0.43738752603530884,1.4645066261291504,1.4693633317947388,5.661482810974121,12.0656156539917,22.026920318603516,25.081172943115234,24.90420913696289,22.21867561340332,16.31537437438965,7.857577323913574,14.249642372131348,26.101673126220703,28.749874114990234,29.933032989501953,25.195018768310547,19.681486129760742,9.983122825622559,14.933294296264648,23.531631469726562,33.15312957763672,23.485172271728516,17.736421585083008,22.22315216064453,53.11646270751953,36.31245040893555,19.110660552978516,11.876826286315918,19.964548110961914,21.233882904052734,20.76004409790039,1.4739723205566406,1.8063650131225586,3.4651968479156494,2.532085418701172,2.7952685356140137,4.794398307800293,2.898885726928711,0.44555914402008057,0.544715166091919,3.0806198120117188,3.890897750854492,2.4749507904052734,1.6614919900894165,3.113223075866699,206.35372924804688,287.3209533691406,357.3561096191406,392.2754821777344,416.21307373046875,361.3894958496094,289.3604736328125,0.37686896324157715,0.2529236972332001,0.6929076910018921,0.926821231842041,0.8364958763122559,0.3492923974990845,0.3006155490875244,0.1334182620048523,0.7000522017478943,1.4511332511901855,0.7391373515129089,1.104402780532837,0.13988558948040009,0.0195942185819149
2025-01-26,5.617072105407715,7.064118385314941,7.939208984375,48.238834381103516,1.5157254934310913,0.22601725161075592,212.06494140625,0.28389954566955566,0.4549708664417267,0.009589187800884247,15.389793395996094,0.5819407105445862,0.1365761011838913,0.15832391381263733,0.0005065587465651333,0.10341466218233109,0.16555526852607727,0.4083957076072693,0.9118059277534485,0.49325448274612427,1.9042123556137085,1.9609547853469849,4.179831027984619,5.661482810974121,12.0656156539917,22.026920318603516,25.081172943115234,24.90420913696289,22.21867561340332,6.1451497077941895,7.857577323913574,14.249642372131348,26.101673126220703,28.749874114990234,29.933032989501953,25.195018768310547,10.156489372253418,9.983122825622559,14.933294296264648,23.531631469726562,33.15312957763672,23.485172271728516,17.736421585083008,53.24992370605469,53.11646270751953,36.31245040893555,19.110660552978516,11.876826286315918,19.964548110961914,21.233882904052734,1.4591706991195679,1.4739723205566406,1.8063650131225586,3.4651968479156494,2.532085418701172,2.7952685356140137,4.794398307800293,0.1979629248380661,0.44555914402008057,0.544715166091919,3.0806198120117188,3.890897750854492,2.4749507904052734,1.6614919900894165,187.67007446289062,206.35372924804688,287.3209533691406,357.3561096191406,392.2754821777344,416.21307373046875,361.3894958496094,0.5919499397277832,0.37686896324157715,0.2529236972332001,0.6929076910018921,0.926821231842041,0.8364958763122559,0.3492923974990845,0.15381337702274323,0.1334182620048523,0.7000522017478943,1.4511332511901855,0.7391373515129089,1.104402780532837,0.13988558948040009
2025-01-27,3.109849214553833,4.7954535484313965,9.571775436401367,57.09041213989258,1.514309287071228,0.1586613953113556,178.0625762939453,0.4960522949695587,0.3622576892375946,0.007677105721086264,13.272807121276855,0.43729710578918457,0.06902600079774857,0.28649845719337463,0.000422123383032158,0.07852894067764282,0.14284054934978485,0.19665339589118958,0.36430734395980835,0.35308268666267395,1.055818796157837,0.9287731647491455,5.617072105407715,4.179831027984619,5.661482810974121,12.0656156539917,22.026920318603516,25.081172943115234,24.90420913696289,7.064118385314941,6.1451497077941895,7.857577323913574,14.249642372131348,26.101673126220703,28.749874114990234,29.933032989501953,7.939208984375,10.156489372253418,9.983122825622559,14.933294296264648,23.531631469726562,33.15312957763672,23.485172271728516,48.238834381103516,53.24992370605469,53.11646270751953,36.31245040893555,19.110660552978516,11.876826286315918,19.964548110961914,1.5157254934310913,1.4591706991195679,1.4739723205566406,1.8063650131225586,3.4651968479156494,2.532085418701172,2.7952685356140137,0.22601725161075592,0.1979629248380661,0.44555914402008057,0.544715166091919,3.0806198120117188,3.890897750854492,2.4749507904052734,212.06494140625,187.67007446289062,206.35372924804688,287.3209533691406,357.3561096191406,392.2754821777344,416.21307373046875,0.28389954566955566,0.5919499397277832,0.37686896324157715,0.2529236972332001,0.6929076910018921,0.926821231842041,0.8364958763122559,0.1365761011838913,0.15381337702274323,0.1334182620048523,0.7000522017478943,1.4511332511901855,0.7391373515129089,1.104402780532837
2025-01-28,5.314821243286133,7.259738922119141,16.437509536743164,44.724220275878906,2.057593584060669,0.7884887456893921,210.2758331298828,0.5784602165222168,0.4383394122123718,0.0074720182456076145,28.949462890625,0.43317440152168274,0.02397262677550316,0.30147674679756165,0.00030852470081299543,0.11060512810945511,0.23805904388427734,0.37005141377449036,0.7746001482009888,0.3395037353038788,1.5881181955337524,1.605542540550232,3.109849214553833,5.617072105407715,4.179831027984619,5.661482810974121,12.0656156539917,22.026920318603516,25.081172943115234,4.7954535484313965,7.064118385314941,6.1451497077941895,7.857577323913574,14.249642372131348,26.101673126220703,28.749874114990234,9.571775436401367,7.939208984375,10.156489372253418,9.983122825622559,14.933294296264648,23.531631469726562,33.15312957763672,57.09041213989258,48.238834381103516,53.24992370605469,53.11646270751953,36.31245040893555,19.110660552978516,11.876826286315918,1.514309287071228,1.5157254934310913,1.4591706991195679,1.4739723205566406,1.8063650131225586,3.4651968479156494,2.532085418701172,0.1586613953113556,0.22601725161075592,0.1979629248380661,0.44555914402008057,0.544715166091919,3.0806198120117188,3.890897750854492,178.0625762939453,212.06494140625,187.67007446289062,206.35372924804688,287.3209533691406,357.3561096191406,392.2754821777344,0.4960522949695587,0.28389954566955566,0.5919499397277832,0.37686896324157715,0.2529236972332001,0.6929076910018921,0.926821231842041,0.06902600079774857,0.1365761011838913,0.15381337702274323,0.1334182620048523,0.7000522017478943,1.4511332511901855,0.7391373515129089
2025-01-29,4.2388482093811035,6.254683017730713,9.690929412841797,49.7637825012207,1.605499267578125,0.2817697823047638,191.2276611328125,0.4072982668876648,0.3266299366950989,0.006725782994180918,16.740806579589844,0.5136089324951172,0.0034207513090223074,0.9504448771476746,0.009120003320276737,0.07259548455476761,0.14092768728733063,0.36396095156669617,1.05332612991333,0.35303154587745667,1.0947719812393188,1.748964786529541,5.314821243286133,3.109849214553833,5.617072105407715,4.179831027984619,5.661482810974121,12.0656156539917,22.026920318603516,7.259738922119141,4.7954535484313965,7.064118385314941,6.1451497077941895,7.857577323913574,14.249642372131348,26.101673126220703,16.437509536743164,9.571775436401367,7.939208984375,10.156489372253418,9.983122825622559,14.933294296264648,23.531631469726562,44.724220275878906,57.09041213989258,48.238834381103516,53.24992370605469,53.11646270751953,36.31245040893555,19.110660552978516,2.057593584060669,1.514309287071228,1.5157254934310913,1.4591706991195679,1.4739723205566406,1.8063650131225586,3.4651968479156494,0.7884887456893921,0.1586613953113556,0.22601725161075592,0.1979629248380661,0.44555914402008057,0.544715166091919,3.0806198120117188,210.2758331298828,178.0625762939453,212.06494140625,187.67007446289062,206.35372924804688,287.3209533691406,357.3561096191406,0.5784602165222168,0.4960522949695587,0.28389954566955566,0.5919499397277832,0.37686896324157715,0.2529236972332001,0.6929076910018921,0.02397262677550316,0.06902600079774857,0.1365761011838913,0.15381337702274323,0.1334182620048523,0.7000522017478943,1.4511332511901855
2025-01-30,5.572882175445557,8.985499382019043,15.705846786499023,39.47441864013672,2.140709400177002,0.8093363642692566,227.52178955078125,0.6711956858634949,0.48894697427749634,0.013233496807515621,26.440397262573242,0.5961043238639832,0.018635829910635948,1.975440263748169,0.0002861576504074037,0.12119735777378082,0.23984715342521667,0.512137234210968,1.4494454860687256,0.28174376487731934,1.7013238668441772,2.1247456073760986,4.2388482093811035,5.314821243286133,3.109849214553833,5.617072105407715,4.179831027984619,5.661482810974121,12.0656156539917,6.254683017730713,7.259738922119141,4.7954535484313965,7.064118385314941,6.1451497077941895,7.857577323913574,14.249642372131348,9.690929412841797,16.437509536743164,9.571775436401367,7.939208984375,10.156489372253418,9.983122825622559,14.933294296264648,49.7637825012207,44.724220275878906,57.09041213989258,48.238834381103516,53.24992370605469,53.11646270751953,36.31245040893555,1.605499267578125,2.057593584060669,1.514309287071228,1.5157254934310913,1.4591706991195679,1.4739723205566406,1.8063650131225586,0.2817697823047638,0.7884887456893921,0.1586613953113556,0.22601725161075592,0.1979629248380661,0.44555914402008057,0.544715166091919,191.2276611328125,210.2758331298828,178.0625762939453,212.06494140625,187.67007446289062,206.35372924804688,287.3209533691406,0.4072982668876648,0.5784602165222168,0.4960522949695587,0.28389954566955566,0.5919499397277832,0.37686896324157715,0.2529236972332001,0.0034207513090223074,0.02397262677550316,0.06902600079774857,0.1365761011838913,0.15381337702274323,0.1334182620048523,0.7000522017478943
2025-01-31,4.8374738693237305,8.266154289245605,6.599761962890625,65.38755798339844,1.2222442626953125,0.2551782429218292,183.37522888183594,0.46892592310905457,0.25222405791282654,0.0054158098064363,13.898482322692871,0.5208415985107422,0.022068925201892853,2.981438159942627,0.00012550363317131996,0.04896251857280731,0.10104833543300629,0.42643389105796814,1.1673405170440674,0.2141396850347519,0.7591001391410828,1.854186773300171,5.572882175445557,4.2388482093811035,5.314821243286133,3.109849214553833,5.617072105407715,4.179831027984619,5.661482810974121,8.985499382019043,6.254683017730713,7.259738922119141,4.7954535484313965,7.064118385314941,6.1451497077941895,7.857577323913574,15.705846786499023,9.690929412841797,16.437509536743164,9.571775436401367,7.939208984375,10.156489372253418,9.983122825622559,39.47441864013672,49.7637825012207,44.724220275878906,57.09041213989258,48.238834381103516,53.24992370605469,53.11646270751953,2.140709400177002,1.605499267578125,2.057593584060669,1.514309287071228,1.5157254934310913,1.4591706991195679,1.4739723205566406,0.8093363642692566,0.2817697823047638,0.7884887456893921,0.1586613953113556,0.22601725161075592,0.1979629248380661,0.44555914402008057,227.52178955078125,191.2276611328125,210.2758331298828,178.0625762939453,212.06494140625,187.67007446289062,206.35372924804688,0.6711956858634949,0.4072982668876648,0.5784602165222168,0.4960522949695587,0.28389954566955566,0.5919499397277832,0.37686896324157715,0.018635829910635948,0.0034207513090223074,0.02397262677550316,0.06902600079774857,0.1365761011838913,0.15381337702274323,0.1334182620048523
2025-02-01,11.436708450317383,16.023740768432617,12.847362518310547,43.992919921875,1.9416978359222412,0.6550849676132202,230.2056427001953,0.5336089134216309,0.42579877376556396,0.010229714214801788,24.28878402709961,0.6407588720321655,0.021671578288078308,1.936832070350647,0.0015174302970990539,0.13268139958381653,0.2574206292629242,1.5590369701385498,5.039284706115723,0.26728448271751404,1.9318761825561523,7.205090522766113,4.8374738693237305,5.572882175445557,4.2388482093811035,5.314821243286133,3.109849214553833,5.617072105407715,4.179831027984619,8.266154289245605,8.985499382019043,6.254683017730713,7.259738922119141,4.7954535484313965,7.064118385314941,6.1451497077941895,6.599761962890625,15.705846786499023,9.690929412841797,16.437509536743164,9.571775436401367,7.939208984375,10.156489372253418,65.38755798339844,39.47441864013672,49.7637825012207,44.724220275878906,57.09041213989258,48.238834381103516,53.24992370605469,1.2222442626953125,2.140709400177002,1.605499267578125,2.057593584060669,1.514309287071228,1.5157254934310913,1.4591706991195679,0.2551782429218292,0.8093363642692566,0.2817697823047638,0.7884887456893921,0.1586613953113556,0.22601725161075592,0.1979629248380661,183.37522888183594,227.52178955078125,191.2276611328125,210.2758331298828,178.0625762939453,212.06494140625,187.67007446289062,0.46892592310905457,0.6711956858634949,0.4072982668876648,0.5784602165222168,0.4960522949695587,0.28389954566955566,0.5919499397277832,0.022068925201892853,0.018635829910635948,0.0034207513090223074,0.02397262677550316,0.06902600079774857,0.1365761011838913,0.15381337702274323
2025-02-02,10.002925872802734,11.85037612915039,13.549336433410645,46.52241134643555,1.7124814987182617,0.575380802154541,219.89915466308594,0.5492754578590393,0.4129861295223236,0.010393370874226093,22.189010620117188,0.6927750110626221,0.011162846349179745,1.2767776250839233,0.0010812297696247697,0.13855081796646118,0.23269982635974884,1.0558457374572754,3.0737667083740234,0.47099024057388306,1.693523645401001,4.757772922515869,11.436708450317383,4.8374738693237305,5.572882175445557,4.2388482093811035,5.314821243286133,3.109849214553833,5.617072105407715,16.023740768432617,8.266154289245605,8.985499382019043,6.254683017730713,7.259738922119141,4.7954535484313965,7.064118385314941,12.847362518310547,6.599761962890625,15.705846786499023,9.690929412841797,16.437509536743164,9.571775436401367,7.939208984375,43.992919921875,65.38755798339844,39.47441864013672,49.7637825012207,44.724220275878906,57.09041213989258,48.238834381103516,1.9416978359222412,1.2222442626953125,2.140709400177002,1.605499267578125,2.057593584060669,1.514309287071228,1.5157254934310913,0.6550849676132202,0.2551782429218292,0.8093363642692566,0.2817697823047638,0.7884887456893921,0.1586613953113556,0.22601725161075592,230.2056427001953,183.37522888183594,227.52178955078125,191.2276611328125,210.2758331298828,178.0625762939453,212.06494140625,0.5336089134216309,0.46892592310905457,0.6711956858634949,0.4072982668876648,0.5784602165222168,0.4960522949695587,0.28389954566955566,0.021671578288078308,0.022068925201892853,0.018635829910635948,0.0034207513090223074,0.02397262677550316,0.06902600079774857,0.1365761011838913
2025-02-03,14.705662727355957,18.83445167541504,20.55691909790039,34.02187728881836,3.543980598449707,2.9953854084014893,292.70123291015625,0.6937412619590759,0.6748827695846558,0.018659749999642372,43.00486373901367,0.8502330780029297,0.023501820862293243,0.9406591057777405,0.001413848134689033,0.22285902500152588,0.36342012882232666,1.9422763586044312,5.974732398986816,0.8278942108154297,2.9325802326202393,8.927909851074219,10.002925872802734,11.436708450317383,4.8374738693237305,5.572882175445557,4.2388482093811035,5.314821243286133,3.109849214553833,11.85037612915039,16.023740768432617,8.266154289245605,8.985499382019043,6.254683017730713,7.259738922119141,4.7954535484313965,13.549336433410645,12.847362518310547,6.599761962890625,15.705846786499023,9.690929412841797,16.437509536743164,9.571775436401367,46.52241134643555,43.992919921875,65.38755798339844,39.47441864013672,49.7637825012207,44.724220275878906,57.09041213989258,1.7124814987182617,1.9416978359222412,1.2222442626953125,2.140709400177002,1.605499267578125,2.057593584060669,1.514309287071228,0.575380802154541,0.6550849676132202,0.2551782429218292,0.8093363642692566,0.2817697823047638,0.7884887456893921,0.1586613953113556,219.89915466308594,230.2056427001953,183.37522888183594,227.52178955078125,191.2276611328125,210.2758331298828,178.0625762939453,0.5492754578590393,0.5336089134216309,0.46892592310905457,0.6711956858634949,0.4072982668876648,0.5784602165222168,0.4960522949695587,0.011162846349179745,0.021671578288078308,0.022068925201892853,0.018635829910635948,0.0034207513090223074,0.02397262677550316,0.06902600079774857
2025-02-04,21.58086585998535,24.137035369873047,25.65657615661621,24.762971878051758,3.679295063018799,3.425863742828369,321.69769287109375,1.0980000495910645,0.8644837737083435,0.035738974809646606,47.1451301574707,1.4410295486450195,0.04769229143857956,0.5799887776374817,0.02800491265952587,0.2842848300933838,0.5646392703056335,2.8055145740509033,8.606363296508789,0.7348783016204834,4.271973609924316,12.351850509643555,14.705662727355957,10.002925872802734,11.436708450317383,4.8374738693237305,5.572882175445557,4.2388482093811035,5.314821243286133,18.83445167541504,11.85037612915039,16.023740768432617,8.266154289245605,8.985499382019043,6.254683017730713,7.259738922119141,20.55691909790039,13.549336433410645,12.847362518310547,6.599761962890625,15.705846786499023,9.690929412841797,16.437509536743164,34.02187728881836,46.52241134643555,43.992919921875,65.38755798339844,39.47441864013672,49.7637825012207,44.724220275878906,3.543980598449707,1.7124814987182617,1.9416978359222412,1.2222442626953125,2.140709400177002,1.605499267578125,2.057593584060669,2.9953854084014893,0.575380802154541,0.6550849676132202,0.2551782429218292,0.8093363642692566,0.2817697823047638,0.7884887456893921,292.70123291015625,219.89915466308594,230.2056427001953,183.37522888183594,227.52178955078125,191.2276611328125,210.2758331298828,0.6937412619590759,0.5492754578590393,0.5336089134216309,0.46892592310905457,0.6711956858634949,0.4072982668876648,0.5784602165222168,0.023501820862293243,0.011162846349179745,0.021671578288078308,0.022068925201892853,0.018635829910635948,0.0034207513090223074,0.02397262677550316
2025-02-05,20.344196319580078,23.872581481933594,19.749135971069336,24.630245208740234,2.3298699855804443,1.133591890335083,286.69720458984375,0.6496937274932861,0.7830139994621277,0.019890490919351578,36.975547790527344,1.314183235168457,0.31819427013397217,1.3289378881454468,0.033352144062519073,0.2374679446220398,0.44031137228012085,2.732517957687378,7.681639671325684,1.0432062149047852,3.846101999282837,12.058363914489746,21.58086585998535,14.705662727355957,10.002925872802734,11.436708450317383,4.8374738693237305,5.572882175445557,4.2388482093811035,24.137035369873047,18.83445167541504,11.85037612915039,16.023740768432617,8.266154289245605,8.985499382019043,6.254683017730713,25.65657615661621,20.55691909790039,13.549336433410645,12.847362518310547,6.599761962890625,15.705846786499023,9.690929412841797,24.762971878051758,34.02187728881836,46.52241134643555,43.992919921875,65.38755798339844,39.47441864013672,49.7637825012207,3.679295063018799,3.543980598449707,1.7124814987182617,1.9416978359222412,1.2222442626953125,2.140709400177002,1.605499267578125,3.425863742828369,2.9953854084014893,0.575380802154541,0.6550849676132202,0.2551782429218292,0.8093363642692566,0.2817697823047638,321.69769287109375,292.70123291015625,219.89915466308594,230.2056427001953,183.37522888183594,227.52178955078125,191.2276611328125,1.0980000495910645,0.6937412619590759,0.5492754578590393,0.5336089134216309,0.46892592310905457,0.6711956858634949,0.4072982668876648,0.04769229143857956,0.023501820862293243,0.011162846349179745,0.021671578288078308,0.022068925201892853,0.018635829910635948,0.0034207513090223074
2025-02-06,14.016093254089355,18.778915405273438,14.994929313659668,37.127506256103516,2.226206064224243,1.2714922428131104,228.2583770751953,0.47771134972572327,0.43112388253211975,0.009572112932801247,31.31453514099121,0.5004599690437317,0.023358525708317757,4.07332706451416,0.006556260399520397,0.16983000934123993,0.3139328062534332,1.608610987663269,4.493394374847412,0.8509140014648438,2.1671972274780273,7.360527515411377,20.344196319580078,21.58086585998535,14.705662727355957,10.002925872802734,11.436708450317383,4.8374738693237305,5.572882175445557,23.872581481933594,24.137035369873047,18.83445167541504,11.85037612915039,16.023740768432617,8.266154289245605,8.985499382019043,19.749135971069336,25.65657615661621,20.55691909790039,13.549336433410645,12.847362518310547,6.599761962890625,15.705846786499023,24.630245208740234,24.762971878051758,34.02187728881836,46.52241134643555,43.992919921875,65.38755798339844,39.47441864013672,2.3298699855804443,3.679295063018799,3.543980598449707,1.7124814987182617,1.9416978359222412,1.2222442626953125,2.140709400177002,1.133591890335083,3.425863742828369,2.9953854084014893,0.575380802154541,0.6550849676132202,0.2551782429218292,0.8093363642692566,286.69720458984375,321.69769287109375,292.70123291015625,219.89915466308594,230.2056427001953,183.37522888183594,227.52178955078125,0.6496937274932861,1.0980000495910645,0.6937412619590759,0.5492754578590393,0.5336089134216309,0.46892592310905457,0.6711956858634949,0.31819427013397217,0.04769229143857956,0.023501820862293243,0.011162846349179745,0.021671578288078308,0.022068925201892853,0.018635829910635948
2025-02-07,12.42890453338623,15.42597484588623,7.761493682861328,55.47379684448242,2.887640953063965,0.31362563371658325,218.8827667236328,0.18020914494991302,0.4381248950958252,0.010081686079502106,16.0142765045166,0.6454641222953796,0.019912395626306534,1.4539698362350464,0.002895843703299761,0.4928479790687561,0.6150056719779968,0.925892174243927,2.2018206119537354,1.1061761379241943,3.747098922729492,4.332592964172363,14.016093254089355,20.344196319580078,21.58086585998535,14.705662727355957,10.002925872802734,11.436708450317383,4.8374738693237305,18.778915405273438,23.872581481933594,24.137035369873047,18.83445167541504,11.85037612915039,16.023740768432617,8.266154289245605,14.994929313659668,19.749135971069336,25.65657615661621,20.55691909790039,13.549336433410645,12.847362518310547,6.599761962890625,37.127506256103516,24.630245208740234,24.762971878051758,34.02187728881836,46.52241134643555,43.992919921875,65.38755798339844,2.226206064224243,2.3298699855804443,3.679295063018799,3.543980598449707,1.7124814987182617,1.9416978359222412,1.2222442626953125,1.2714922428131104,1.133591890335083,3.425863742828369,2.9953854084014893,0.575380802154541,0.6550849676132202,0.2551782429218292,228.2583770751953,286.69720458984375,321.69769287109375,292.70123291015625,219.89915466308594,230.2056427001953,183.37522888183594,0.47771134972572327,0.6496937274932861,1.0980000495910645,0.6937412619590759,0.5492754578590393,0.5336089134216309,0.46892592310905457,0.023358525708317757,0.31819427013397217,0.04769229143857956,0.023501820862293243,0.011162846349179745,0.021671578288078308,0.022068925201892853
2025-02-08,23.347780227661133,26.87013816833496,10.057291030883789,42.73112487792969,5.09862756729126,0.6570852994918823,313.1290588378906,0.28253892064094543,1.0780366659164429,0.03194533661007881,22.960391998291016,1.863002061843872,0.23128582537174225,0.20395763218402863,0.06320728361606598,0.7844700813293457,1.0594148635864258,1.6931995153427124,4.085265159606934,1.5700774192810059,8.059370040893555,7.649564266204834,12.42890453338623,14.016093254089355,20.344196319580078,21.58086585998535,14.705662727355957,10.002925872802734,11.436708450317383,15.42597484588623,18.778915405273438,23.872581481933594,24.137035369873047,18.83445167541504,11.85037612915039,16.023740768432617,7.761493682861328,14.994929313659668,19.749135971069336,25.65657615661621,20.55691909790039,13.549336433410645,12.847362518310547,55.47379684448242,37.127506256103516,24.630245208740234,24.762971878051758,34.02187728881836,46.52241134643555,43.992919921875,2.887640953063965,2.226206064224243,2.3298699855804443,3.679295063018799,3.543980598449707,1.7124814987182617,1.9416978359222412,0.31362563371658325,1.2714922428131104,1.133591890335083,3.425863742828369,2.9953854084014893,0.575380802154541,0.6550849676132202,218.8827667236328,228.2583770751953,286.69720458984375,321.69769287109375,292.70123291015625,219.89915466308594,230.2056427001953,0.18020914494991302,0.47771134972572327,0.6496937274932861,1.0980000495910645,0.6937412619590759,0.5492754578590393,0.5336089134216309,0.019912395626306534,0.023358525708317757,0.31819427013397217,0.04769229143857956,0.023501820862293243,0.011162846349179745,0.021671578288078308
2025-02-09,32.444732666015625,36.56560134887695,11.421009063720703,32.09431838989258,5.090830326080322,1.0505115985870361,320.62054443359375,0.3874220550060272,1.01948881149292,0.024584634229540825,24.39986801147461,1.4699479341506958,0.29510730504989624,0.16740329563617706,0.03561399504542351,1.3465760946273804,1.6671336889266968,1.8845845460891724,4.856173992156982,1.5597025156021118,11.773958206176758,8.307950973510742,23.347780227661133,12.42890453338623,14.016093254089355,20.344196319580078,21.58086585998535,14.705662727355957,10.002925872802734,26.87013816833496,15.42597484588623,18.778915405273438,23.872581481933594,24.137035369873047,18.83445167541504,11.85037612915039,10.057291030883789,7.761493682861328,14.994929313659668,19.749135971069336,25.65657615661621,20.55691909790039,13.549336433410645,42.73112487792969,55.47379684448242,37.127506256103516,24.630245208740234,24.762971878051758,34.02187728881836,46.52241134643555,5.09862756729126,2.887640953063965,2.226206064224243,2.3298699855804443,3.679295063018799,3.543980598449707,1.7124814987182617,0.6570852994918823,0.31362563371658325,1.2714922428131104,1.133591890335083,3.425863742828369,2.9953854084014893,0.575380802154541,313.1290588378906,218.8827667236328,228.2583770751953,286.69720458984375,321.69769287109375,292.70123291015625,219.89915466308594,0.28253892064094543,0.18020914494991302,0.47771134972572327,0.6496937274932861,1.0980000495910645,0.6937412619590759,0.5492754578590393,0.23128582537174225,0.019912395626306534,0.023358525708317757,0.31819427013397217,0.04769229143857956,0.023501820862293243,0.011162846349179745
2025-02-10,36.10338592529297,40.6545524597168,12.767156600952148,28.297054290771484,5.425521373748779,1.106648325920105,330.7718505859375,0.5261092185974121,0.9361425042152405,0.023553963750600815,26.123628616333008,1.1959375143051147,0.5372932553291321,0.21292734146118164,0.025661304593086243,1.3927663564682007,1.6984467506408691,2.1854217052459717,5.517701148986816,1.9150058031082153,11.402727127075195,9.836702346801758,32.444732666015625,23.347780227661133,12.42890453338623,14.016093254089355,20.344196319580078,21.58086585998535,14.705662727355957,36.56560134887695,26.87013816833496,15.42597484588623,18.778915405273438,23.872581481933594,24.137035369873047,18.83445167541504,11.421009063720703,10.057291030883789,7.761493682861328,14.994929313659668,19.749135971069336,25.65657615661621,20.55691909790039,32.09431838989258,42.73112487792969,55.47379684448242,37.127506256103516,24.630245208740234,24.762971878051758,34.02187728881836,5.090830326080322,5.09862756729126,2.887640953063965,2.226206064224243,2.3298699855804443,3.679295063018799,3.543980598449707,1.0505115985870361,0.6570852994918823,0.31362563371658325,1.2714922428131104,1.133591890335083,3.425863742828369,2.9953854084014893,320.62054443359375,313.1290588378906,218.8827667236328,228.2583770751953,286.69720458984375,321.69769287109375,292.70123291015625,0.3874220550060272,0.28253892064094543,0.18020914494991302,0.47771134972572327,0.6496937274932861,1.0980000495910645,0.6937412619590759,0.29510730504989624,0.23128582537174225,0.019912395626306534,0.023358525708317757,0.31819427013397217,0.04769229143857956,0.023501820862293243
2025-02-11,26.89154624938965,31.655874252319336,12.340336799621582,50.025047302246094,6.371254920959473,0.9133845567703247,306.4151306152344,0.26539847254753113,0.8016805052757263,0.015396947972476482,21.344379425048828,1.1364221572875977,0.42585986852645874,0.25033918023109436,0.08912570774555206,0.9472309350967407,1.2536073923110962,1.9463143348693848,4.679904460906982,1.8977664709091187,8.267555236816406,9.429919242858887,36.10338592529297,32.444732666015625,23.347780227661133,12.42890453338623,14.016093254089355,20.344196319580078,21.58086585998535,40.6545524597168,36.56560134887695,26.87013816833496,15.42597484588623,18.778915405273438,23.872581481933594,24.137035369873047,12.767156600952148,11.421009063720703,10.057291030883789,7.761493682861328,14.994929313659668,19.749135971069336,25.65657615661621,28.297054290771484,32.09431838989258,42.73112487792969,55.47379684448242,37.127506256103516,24.630245208740234,24.762971878051758,5.425521373748779,5.090830326080322,5.09862756729126,2.887640953063965,2.226206064224243,2.3298699855804443,3.679295063018799,1.106648325920105,1.0505115985870361,0.6570852994918823,0.31362563371658325,1.2714922428131104,1.133591890335083,3.425863742828369,330.7718505859375,320.62054443359375,313.1290588378906,218.8827667236328,228.2583770751953,286.69720458984375,321.69769287109375,0.5261092185974121,0.3874220550060272,0.28253892064094543,0.18020914494991302,0.47771134972572327,0.6496937274932861,1.0980000495910645,0.5372932553291321,0.29510730504989624,0.23128582537174225,0.019912395626306534,0.023358525708317757,0.31819427013397217,0.04769229143857956
2025-02-12,41.18742752075195,47.347965240478516,15.325602531433105,30.7705078125,5.953200340270996,1.5301347970962524,367.26873779296875,0.2832516133785248,1.0866928100585938,0.024075064808130264,29.407676696777344,1.4071258306503296,0.44097259640693665,0.2004915028810501,0.18347279727458954,1.2707560062408447,1.5539096593856812,2.530428171157837,6.612952709197998,2.00760817527771,12.121294021606445,12.059202194213867,26.89154624938965,36.10338592529297,32.444732666015625,23.347780227661133,12.42890453338623,14.016093254089355,20.344196319580078,31.655874252319336,40.6545524597168,36.56560134887695,26.87013816833496,15.42597484588623,18.778915405273438,23.872581481933594,12.340336799621582,12.767156600952148,11.421009063720703,10.057291030883789,7.761493682861328,14.994929313659668,19.749135971069336,50.025047302246094,28.297054290771484,32.09431838989258,42.73112487792969,55.47379684448242,37.127506256103516,24.630245208740234,6.371254920959473,5.425521373748779,5.090830326080322,5.09862756729126,2.887640953063965,2.226206064224243,2.3298699855804443,0.9133845567703247,1.106648325920105,1.0505115985870361,0.6570852994918823,0.31362563371658325,1.2714922428131104,1.133591890335083,306.4151306152344,330.7718505859375,320.62054443359375,313.1290588378906,218.8827667236328,228.2583770751953,286.69720458984375,0.26539847254753113,0.5261092185974121,0.3874220550060272,0.28253892064094543,0.18020914494991302,0.47771134972572327,0.6496937274932861,0.42585986852645874,0.5372932553291321,0.29510730504989624,0.23128582537174225,0.019912395626306534,0.023358525708317757,0.31819427013397217
2025-02-13,36.898582458496094,40.36864471435547,18.519962310791016,19.295024871826172,4.9798102378845215,1.1342878341674805,382.4371337890625,0.38372427225112915,1.007892370223999,0.01400840561836958,37.662261962890625,1.2656304836273193,0.4805038571357727,0.16840675473213196,0.06556636095046997,0.9853120446205139,1.6315476894378662,2.5101828575134277,6.415294647216797,1.9170050621032715,11.257158279418945,11.282636642456055,41.18742752075195,26.89154624938965,36.10338592529297,32.444732666015625,23.347780227661133,12.42890453338623,14.016093254089355,47.347965240478516,31.655874252319336,40.6545524597168,36.56560134887695,26.87013816833496,15.42597484588623,18.778915405273438,15.325602531433105,12.340336799621582,12.767156600952148,11.421009063720703,10.057291030883789,7.761493682861328,14.994929313659668,30.7705078125,50.025047302246094,28.297054290771484,32.09431838989258,42.73112487792969,55.47379684448242,37.127506256103516,5.953200340270996,6.371254920959473,5.425521373748779,5.090830326080322,5.09862756729126,2.887640953063965,2.226206064224243,1.5301347970962524,0.9133845567703247,1.106648325920105,1.0505115985870361,0.6570852994918823,0.31362563371658325,1.2714922428131104,367.26873779296875,306.4151306152344,330.7718505859375,320.62054443359375,313.1290588378906,218.8827667236328,228.2583770751953,0.2832516133785248,0.26539847254753113,0.5261092185974121,0.3874220550060272,0.28253892064094543,0.18020914494991302,0.47771134972572327,0.44097259640693665,0.42585986852645874,0.5372932553291321,0.29510730504989624,0.23128582537174225,0.019912395626306534,0.023358525708317757
2025-02-14,11.809415817260742,14.279682159423828,11.626587867736816,55.51036834716797,2.7195916175842285,0.6312097907066345,239.83987426757812,0.5863326787948608,0.4172857403755188,0.009364056400954723,22.712909698486328,0.9561883807182312,0.26766231656074524,0.5877440571784973,0.023332759737968445,0.2684144973754883,0.4419492185115814,0.9380208849906921,1.8075586557388306,1.226685881614685,3.1174540519714355,4.1356940269470215,36.898582458496094,41.18742752075195,26.89154624938965,36.10338592529297,32.444732666015625,23.347780227661133,12.42890453338623,40.36864471435547,47.347965240478516,31.655874252319336,40.6545524597168,36.56560134887695,26.87013816833496,15.42597484588623,18.519962310791016,15.325602531433105,12.340336799621582,12.767156600952148,11.421009063720703,10.057291030883789,7.761493682861328,19.295024871826172,30.7705078125,50.025047302246094,28.297054290771484,32.09431838989258,42.73112487792969,55.47379684448242,4.9798102378845215,5.953200340270996,6.371254920959473,5.425521373748779,5.090830326080322,5.09862756729126,2.887640953063965,1.1342878341674805,1.5301347970962524,0.9133845567703247,1.106648325920105,1.0505115985870361,0.6570852994918823,0.31362563371658325,382.4371337890625,367.26873779296875,306.4151306152344,330.7718505859375,320.62054443359375,313.1290588378906,218.8827667236328,0.38372427225112915,0.2832516133785248,0.26539847254753113,0.5261092185974121,0.3874220550060272,0.28253892064094543,0.18020914494991302,0.4805038571357727,0.44097259640693665,0.42585986852645874,0.5372932553291321,0.29510730504989624,0.23128582537174225,0.019912395626306534
2025-02-15,7.3967204093933105,9.596735954284668,13.073628425598145,56.96540069580078,2.0220162868499756,0.6232167482376099,219.26446533203125,0.7166740894317627,0.40889444947242737,0.010007536970078945,23.171585083007812,0.7659079432487488,0.13594163954257965,0.6462956666946411,0.004138894844800234,0.140262633562088,0.23613613843917847,0.8110693097114563,2.027954578399658,0.529728889465332,1.7272611856460571,3.591679811477661,11.809415817260742,36.898582458496094,41.18742752075195,26.89154624938965,36.10338592529297,32.444732666015625,23.347780227661133,14.279682159423828,40.36864471435547,47.347965240478516,31.655874252319336,40.6545524597168,36.56560134887695,26.87013816833496,11.626587867736816,18.519962310791016,15.325602531433105,12.340336799621582,12.767156600952148,11.421009063720703,10.057291030883789,55.51036834716797,19.295024871826172,30.7705078125,50.025047302246094,28.297054290771484,32.09431838989258,42.73112487792969,2.7195916175842285,4.9798102378845215,5.953200340270996,6.371254920959473,5.425521373748779,5.090830326080322,5.09862756729126,0.6312097907066345,1.1342878341674805,1.5301347970962524,0.9133845567703247,1.106648325920105,1.0505115985870361,0.6570852994918823,239.83987426757812,382.4371337890625,367.26873779296875,306.4151306152344,330.7718505859375,320.62054443359375,313.1290588378906,0.5863326787948608,0.38372427225112915,0.2832516133785248,0.26539847254753113,0.5261092185974121,0.3874220550060272,0.28253892064094543,0.26766231656074524,0.4805038571357727,0.44097259640693665,0.42585986852645874,0.5372932553291321,0.29510730504989624,0.23128582537174225
2025-02-16,9.989595413208008,12.185025215148926,11.730257034301758,59.68855285644531,2.552680492401123,0.7410346269607544,235.4036407470703,0.64417564868927,0.46072787046432495,0.009903044439852238,17.89652442932129,0.8225801587104797,0.07322672754526138,0.8315828442573547,0.0020436879713088274,0.20223431289196014,0.2906806766986847,0.9798892140388489,2.669095277786255,0.5307518839836121,2.1993632316589355,4.635019779205322,7.3967204093933105,11.809415817260742,36.898582458496094,41.18742752075195,26.89154624938965,36.10338592529297,32.444732666015625,9.596735954284668,14.279682159423828,40.36864471435547,47.347965240478516,31.655874252319336,40.6545524597168,36.56560134887695,13.073628425598145,11.626587867736816,18.519962310791016,15.325602531433105,12.340336799621582,12.767156600952148,11.421009063720703,56.96540069580078,55.51036834716797,19.295024871826172,30.7705078125,50.025047302246094,28.297054290771484,32.09431838989258,2.0220162868499756,2.7195916175842285,4.9798102378845215,5.953200340270996,6.371254920959473,5.425521373748779,5.090830326080322,0.6232167482376099,0.6312097907066345,1.1342878341674805,1.5301347970962524,0.9133845567703247,1.106648325920105,1.0505115985870361,219.26446533203125,239.83987426757812,382.4371337890625,367.26873779296875,306.4151306152344,330.7718505859375,320.62054443359375,0.7166740894317627,0.5863326787948608,0.38372427225112915,0.2832516133785248,0.26539847254753113,0.5261092185974121,0.3874220550060272,0.13594163954257965,0.26766231656074524,0.4805038571357727,0.44097259640693665,0.42585986852645874,0.5372932553291321,0.29510730504989624
2025-02-17,8.686912536621094,11.78857421875,19.257219314575195,59.75074005126953,3.986236095428467,3.744752883911133,299.0395812988281,1.3298619985580444,0.5934444665908813,0.02758253552019596,43.56519317626953,0.855829119682312,0.03811628744006157,0.7092685699462891,2.439714990032371e-05,0.4475443661212921,0.5302265882492065,0.8464136719703674,2.302842140197754,0.4067232608795166,3.789762258529663,3.883275032043457,9.989595413208008,7.3967204093933105,11.809415817260742,36.898582458496094,41.18742752075195,26.89154624938965,36.10338592529297,12.185025215148926,9.596735954284668,14.279682159423828,40.36864471435547,47.347965240478516,31.655874252319336,40.6545524597168,11.730257034301758,13.073628425598145,11.626587867736816,18.519962310791016,15.325602531433105,12.340336799621582,12.767156600952148,59.68855285644531,56.96540069580078,55.51036834716797,19.295024871826172,30.7705078125,50.025047302246094,28.297054290771484,2.552680492401123,2.0220162868499756,2.7195916175842285,4.9798102378845215,5.953200340270996,6.371254920959473,5.425521373748779,0.7410346269607544,0.6232167482376099,0.6312097907066345,1.1342878341674805,1.5301347970962524,0.9133845567703247,1.106648325920105,235.4036407470703,219.26446533203125,239.83987426757812,382.4371337890625,367.26873779296875,306.4151306152344,330.7718505859375,0.64417564868927,0.7166740894317627,0.5863326787948608,0.38372427225112915,0.2832516133785248,0.26539847254753113,0.5261092185974121,0.07322672754526138,0.13594163954257965,0.26766231656074524,0.4805038571357727,0.44097259640693665,0.42585986852645874,0.5372932553291321
2025-02-18,11.056903839111328,15.047077178955078,20.59471321105957,53.486061096191406,2.3865678310394287,3.685084104537964,277.3862609863281,1.6508033275604248,0.5594713687896729,0.01877278834581375,36.98780822753906,0.9085139036178589,0.12272296845912933,0.4587801396846771,3.958207889809273e-05,0.19345860183238983,0.37362009286880493,1.2729891538619995,3.550449848175049,0.3125610947608948,2.472947359085083,5.549419403076172,8.686912536621094,9.989595413208008,7.3967204093933105,11.809415817260742,36.898582458496094,41.18742752075195,26.89154624938965,11.78857421875,12.185025215148926,9.596735954284668,14.279682159423828,40.36864471435547,47.347965240478516,31.655874252319336,19.257219314575195,11.730257034301758,13.073628425598145,11.626587867736816,18.519962310791016,15.325602531433105,12.340336799621582,59.75074005126953,59.68855285644531,56.96540069580078,55.51036834716797,19.295024871826172,30.7705078125,50.025047302246094,3.986236095428467,2.552680492401123,2.0220162868499756,2.7195916175842285,4.9798102378845215,5.953200340270996,6.371254920959473,3.744752883911133,0.7410346269607544,0.6232167482376099,0.6312097907066345,1.1342878341674805,1.5301347970962524,0.9133845567703247,299.0395812988281,235.4036407470703,219.26446533203125,239.83987426757812,382.4371337890625,367.26873779296875,306.4151306152344,1.3298619985580444,0.64417564868927,0.7166740894317627,0.5863326787948608,0.38372427225112915,0.2832516133785248,0.26539847254753113,0.03811628744006157,0.07322672754526138,0.13594163954257965,0.26766231656074524,0.4805038571357727,0.44097259640693665,0.42585986852645874
2025-02-19,13.152868270874023,17.072717666625977,23.452808380126953,54.849876403808594,5.705172061920166,3.8669919967651367,315.4159240722656,1.1829395294189453,0.6196997761726379,0.017697015777230263,35.22218704223633,0.9421495795249939,0.10349837690591812,0.5624427795410156,0.0048441640101373196,0.2507847845554352,0.4204319417476654,1.627197265625,4.178171634674072,0.6302628517150879,2.8233680725097656,6.89084529876709,11.056903839111328,8.686912536621094,9.989595413208008,7.3967204093933105,11.809415817260742,36.898582458496094,41.18742752075195,15.047077178955078,11.78857421875,12.185025215148926,9.596735954284668,14.279682159423828,40.36864471435547,47.347965240478516,20.59471321105957,19.257219314575195,11.730257034301758,13.073628425598145,11.626587867736816,18.519962310791016,15.325602531433105,53.486061096191406,59.75074005126953,59.68855285644531,56.96540069580078,55.51036834716797,19.295024871826172,30.7705078125,2.3865678310394287,3.986236095428467,2.552680492401123,2.0220162868499756,2.7195916175842285,4.9798102378845215,5.953200340270996,3.685084104537964,3.744752883911133,0.7410346269607544,0.6232167482376099,0.6312097907066345,1.1342878341674805,1.5301347970962524,277.3862609863281,299.0395812988281,235.4036407470703,219.26446533203125,239.83987426757812,382.4371337890625,367.26873779296875,1.6508033275604248,1.3298619985580444,0.64417564868927,0.7166740894317627,0.5863326787948608,0.38372427225112915,0.2832516133785248,0.12272296845912933,0.03811628744006157,0.07322672754526138,0.13594163954257965,0.26766231656074524,0.4805038571357727,0.44097259640693665
2025-02-20,21.685081481933594,26.140892028808594,16.623262405395508,72.51973724365234,6.153467655181885,1.7693421840667725,320.1880187988281,0.4031294286251068,0.8657112121582031,0.032052263617515564,26.005464553833008,1.6821202039718628,0.14612963795661926,0.5797122716903687,0.009858951903879642,0.5310150980949402,0.8236269354820251,1.7469593286514282,5.211341857910156,0.9954559803009033,6.86123514175415,8.553136825561523,13.152868270874023,11.056903839111328,8.686912536621094,9.989595413208008,7.3967204093933105,11.809415817260742,36.898582458496094,17.072717666625977,15.047077178955078,11.78857421875,12.185025215148926,9.596735954284668,14.279682159423828,40.36864471435547,23.452808380126953,20.59471321105957,19.257219314575195,11.730257034301758,13.073628425598145,11.626587867736816,18.519962310791016,54.849876403808594,53.486061096191406,59.75074005126953,59.68855285644531,56.96540069580078,55.51036834716797,19.295024871826172,5.705172061920166,2.3865678310394287,3.986236095428467,2.552680492401123,2.0220162868499756,2.7195916175842285,4.9798102378845215,3.8669919967651367,3.685084104537964,3.744752883911133,0.7410346269607544,0.6232167482376099,0.6312097907066345,1.1342878341674805,315.4159240722656,277.3862609863281,299.0395812988281,235.4036407470703,219.26446533203125,239.83987426757812,382.4371337890625,1.1829395294189453,1.6508033275604248,1.3298619985580444,0.64417564868927,0.7166740894317627,0.5863326787948608,0.38372427225112915,0.10349837690591812,0.12272296845912933,0.03811628744006157,0.07322672754526138,0.13594163954257965,0.26766231656074524,0.4805038571357727
2025-02-21,28.646629333496094,33.59406661987305,19.389122009277344,50.44095230102539,4.38913106918335,1.761170506477356,332.2497863769531,0.729276180267334,1.1072460412979126,0.04175920784473419,40.090511322021484,1.9528471231460571,0.6491804122924805,0.3756219446659088,0.024677211418747902,0.32975533604621887,0.6891846656799316,3.3668644428253174,10.384395599365234,1.2755616903305054,6.336385250091553,15.239503860473633,21.685081481933594,13.152868270874023,11.056903839111328,8.686912536621094,9.989595413208008,7.3967204093933105,11.809415817260742,26.140892028808594,17.072717666625977,15.047077178955078,11.78857421875,12.185025215148926,9.596735954284668,14.279682159423828,16.623262405395508,23.452808380126953,20.59471321105957,19.257219314575195,11.730257034301758,13.073628425598145,11.626587867736816,72.51973724365234,54.849876403808594,53.486061096191406,59.75074005126953,59.68855285644531,56.96540069580078,55.51036834716797,6.153467655181885,5.705172061920166,2.3865678310394287,3.986236095428467,2.552680492401123,2.0220162868499756,2.7195916175842285,1.7693421840667725,3.8669919967651367,3.685084104537964,3.744752883911133,0.7410346269607544,0.6232167482376099,0.6312097907066345,320.1880187988281,315.4159240722656,277.3862609863281,299.0395812988281,235.4036407470703,219.26446533203125,239.83987426757812,0.4031294286251068,1.1829395294189453,1.6508033275604248,1.3298619985580444,0.64417564868927,0.7166740894317627,0.5863326787948608,0.14612963795661926,0.10349837690591812,0.12272296845912933,0.03811628744006157,0.07322672754526138,0.13594163954257965,0.26766231656074524
2025-02-22,23.793088912963867,27.4792423248291,11.381868362426758,71.6485595703125,4.367367267608643,0.7089558839797974,288.8997802734375,0.5921978950500488,0.8350129127502441,0.03453672677278519,18.913219451904297,1.6466748714447021,0.5649706721305847,0.38552725315093994,0.053174883127212524,0.3093414306640625,0.6219143867492676,1.9165689945220947,5.5625176429748535,1.17922842502594,6.162069320678711,9.807443618774414,28.646629333496094,21.685081481933594,13.152868270874023,11.056903839111328,8.686912536621094,9.989595413208008,7.3967204093933105,33.59406661987305,26.140892028808594,17.072717666625977,15.047077178955078,11.78857421875,12.185025215148926,9.596735954284668,19.389122009277344,16.623262405395508,23.452808380126953,20.59471321105957,19.257219314575195,11.730257034301758,13.073628425598145,50.44095230102539,72.51973724365234,54.849876403808594,53.486061096191406,59.75074005126953,59.68855285644531,56.96540069580078,4.38913106918335,6.153467655181885,5.705172061920166,2.3865678310394287,3.986236095428467,2.552680492401123,2.0220162868499756,1.761170506477356,1.7693421840667725,3.8669919967651367,3.685084104537964,3.744752883911133,0.7410346269607544,0.6232167482376099,332.2497863769531,320.1880187988281,315.4159240722656,277.3862609863281,299.0395812988281,235.4036407470703,219.26446533203125,0.729276180267334,0.4031294286251068,1.1829395294189453,1.6508033275604248,1.3298619985580444,0.64417564868927,0.7166740894317627,0.6491804122924805,0.14612963795661926,0.10349837690591812,0.12272296845912933,0.03811628744006157,0.07322672754526138,0.13594163954257965
2025-02-23,16.24654769897461,20.17325210571289,12.157186508178711,53.89012908935547,2.064174175262451,0.30829647183418274,248.03489685058594,0.523309051990509,0.7341140508651733,0.016201067715883255,20.50345230102539,1.06065034866333,0.39957109093666077,1.2108763456344604,0.04067455232143402,0.1614433079957962,0.3011077344417572,1.5953549146652222,4.562331199645996,1.000999093055725,3.103165864944458,7.497522830963135,23.793088912963867,28.646629333496094,21.685081481933594,13.152868270874023,11.056903839111328,8.686912536621094,9.989595413208008,27.4792423248291,33.59406661987305,26.140892028808594,17.072717666625977,15.047077178955078,11.78857421875,12.185025215148926,11.381868362426758,19.389122009277344,16.623262405395508,23.452808380126953,20.59471321105957,19.257219314575195,11.730257034301758,71.6485595703125,50.44095230102539,72.51973724365234,54.849876403808594,53.486061096191406,59.75074005126953,59.68855285644531,4.367367267608643,4.38913106918335,6.153467655181885,5.705172061920166,2.3865678310394287,3.986236095428467,2.552680492401123,0.7089558839797974,1.761170506477356,1.7693421840667725,3.8669919967651367,3.685084104537964,3.744752883911133,0.7410346269607544,288.8997802734375,332.2497863769531,320.1880187988281,315.4159240722656,277.3862609863281,299.0395812988281,235.4036407470703,0.5921978950500488,0.729276180267334,0.4031294286251068,1.1829395294189453,1.6508033275604248,1.3298619985580444,0.64417564868927,0.5649706721305847,0.6491804122924805,0.14612963795661926,0.10349837690591812,0.12272296845912933,0.03811628744006157,0.07322672754526138
2025-02-24,10.33659839630127,13.977897644042969,13.729225158691406,49.85442352294922,2.502446174621582,1.4314970970153809,237.8828582763672,0.6514922380447388,0.6670541167259216,0.022076833993196487,22.439443588256836,0.9042453765869141,0.09468888491392136,1.0560568571090698,0.041070014238357544,0.129949688911438,0.23898427188396454,1.0500637292861938,2.8922951221466064,0.8044579029083252,1.9437105655670166,4.910106658935547,16.24654769897461,23.793088912963867,28.646629333496094,21.685081481933594,13.152868270874023,11.056903839111328,8.686912536621094,20.17325210571289,27.4792423248291,33.59406661987305,26.140892028808594,17.072717666625977,15.047077178955078,11.78857421875,12.157186508178711,11.381868362426758,19.389122009277344,16.623262405395508,23.452808380126953,20.59471321105957,19.257219314575195,53.89012908935547,71.6485595703125,50.44095230102539,72.51973724365234,54.849876403808594,53.486061096191406,59.75074005126953,2.064174175262451,4.367367267608643,4.38913106918335,6.153467655181885,5.705172061920166,2.3865678310394287,3.986236095428467,0.30829647183418274,0.7089558839797974,1.761170506477356,1.7693421840667725,3.8669919967651367,3.685084104537964,3.744752883911133,248.03489685058594,288.8997802734375,332.2497863769531,320.1880187988281,315.4159240722656,277.3862609863281,299.0395812988281,0.523309051990509,0.5921978950500488,0.729276180267334,0.4031294286251068,1.1829395294189453,1.6508033275604248,1.3298619985580444,0.39957109093666077,0.5649706721305847,0.6491804122924805,0.14612963795661926,0.10349837690591812,0.12272296845912933,0.03811628744006157
2025-02-25,11.111167907714844,13.893321990966797,14.650166511535645,45.37129592895508,2.2836403846740723,1.066789984703064,239.89727783203125,0.5889560580253601,0.786591649055481,0.027538826689124107,33.54609680175781,1.2639318704605103,0.18492244184017181,0.46866849064826965,0.11756550520658493,0.15361379086971283,0.30083855986595154,1.1122519969940186,2.874953269958496,0.8903084993362427,2.3495991230010986,5.059456825256348,10.33659839630127,16.24654769897461,23.793088912963867,28.646629333496094,21.685081481933594,13.152868270874023,11.056903839111328,13.977897644042969,20.17325210571289,27.4792423248291,33.59406661987305,26.140892028808594,17.072717666625977,15.047077178955078,13.729225158691406,12.157186508178711,11.381868362426758,19.389122009277344,16.623262405395508,23.452808380126953,20.59471321105957,49.85442352294922,53.89012908935547,71.6485595703125,50.44095230102539,72.51973724365234,54.849876403808594,53.486061096191406,2.502446174621582,2.064174175262451,4.367367267608643,4.38913106918335,6.153467655181885,5.705172061920166,2.3865678310394287,1.4314970970153809,0.30829647183418274,0.7089558839797974,1.761170506477356,1.7693421840667725,3.8669919967651367,3.685084104537964,237.8828582763672,248.03489685058594,288.8997802734375,332.2497863769531,320.1880187988281,315.4159240722656,277.3862609863281,0.6514922380447388,0.523309051990509,0.5921978950500488,0.729276180267334,0.4031294286251068,1.1829395294189453,1.6508033275604248,0.09468888491392136,0.39957109093666077,0.5649706721305847,0.6491804122924805,0.14612963795661926,0.10349837690591812,0.12272296845912933
2025-02-26,18.032197952270508,20.343063354492188,15.839882850646973,23.31254005432129,2.784492015838623,1.5176562070846558,350.25933837890625,0.35238346457481384,0.8963176012039185,0.02557014301419258,42.19704055786133,1.6167324781417847,0.17501278221607208,0.10353177785873413,0.03740300238132477,0.2862571179866791,0.4850141406059265,1.4995754957199097,4.193515777587891,1.330190658569336,5.18531608581543,7.170176982879639,11.111167907714844,10.33659839630127,16.24654769897461,23.793088912963867,28.646629333496094,21.685081481933594,13.152868270874023,13.893321990966797,13.977897644042969,20.17325210571289,27.4792423248291,33.59406661987305,26.140892028808594,17.072717666625977,14.650166511535645,13.729225158691406,12.157186508178711,11.381868362426758,19.389122009277344,16.623262405395508,23.452808380126953,45.37129592895508,49.85442352294922,53.89012908935547,71.6485595703125,50.44095230102539,72.51973724365234,54.849876403808594,2.2836403846740723,2.502446174621582,2.064174175262451,4.367367267608643,4.38913106918335,6.153467655181885,5.705172061920166,1.066789984703064,1.4314970970153809,0.30829647183418274,0.7089558839797974,1.761170506477356,1.7693421840667725,3.8669919967651367,239.89727783203125,237.8828582763672,248.03489685058594,288.8997802734375,332.2497863769531,320.1880187988281,315.4159240722656,0.5889560580253601,0.6514922380447388,0.523309051990509,0.5921978950500488,0.729276180267334,0.4031294286251068,1.1829395294189453,0.18492244184017181,0.09468888491392136,0.39957109093666077,0.5649706721305847,0.6491804122924805,0.14612963795661926,0.10349837690591812
2025-02-27,12.258817672729492,15.778623580932617,12.419716835021973,48.04207992553711,2.025416851043701,0.8698151707649231,230.75453186035156,0.4150254428386688,0.5743533372879028,0.014353855513036251,28.98708724975586,0.8739380836486816,0.0282489862293005,1.0968072414398193,0.04328648000955582,0.12449511885643005,0.2614082396030426,1.2358723878860474,3.717095136642456,0.6589280366897583,1.907513976097107,5.814827919006348,18.032197952270508,11.111167907714844,10.33659839630127,16.24654769897461,23.793088912963867,28.646629333496094,21.685081481933594,20.343063354492188,13.893321990966797,13.977897644042969,20.17325210571289,27.4792423248291,33.59406661987305,26.140892028808594,15.839882850646973,14.650166511535645,13.729225158691406,12.157186508178711,11.381868362426758,19.389122009277344,16.623262405395508,23.31254005432129,45.37129592895508,49.85442352294922,53.89012908935547,71.6485595703125,50.44095230102539,72.51973724365234,2.784492015838623,2.2836403846740723,2.502446174621582,2.064174175262451,4.367367267608643,4.38913106918335,6.153467655181885,1.5176562070846558,1.066789984703064,1.4314970970153809,0.30829647183418274,0.7089558839797974,1.761170506477356,1.7693421840667725,350.25933837890625,239.89727783203125,237.8828582763672,248.03489685058594,288.8997802734375,332.2497863769531,320.1880187988281,0.35238346457481384,0.5889560580253601,0.6514922380447388,0.523309051990509,0.5921978950500488,0.729276180267334,0.4031294286251068,0.17501278221607208,0.18492244184017181,0.09468888491392136,0.39957109093666077,0.5649706721305847,0.6491804122924805,0.14612963795661926
2025-02-28,10.848440170288086,13.200596809387207,11.566784858703613,40.78706741333008,1.639920949935913,0.8949710130691528,249.3186798095703,0.3229711651802063,0.5919768810272217,0.016047578305006027,31.733943939208984,1.167751669883728,0.027861526235938072,0.49263694882392883,0.048782069236040115,0.14383713901042938,0.2503807246685028,1.3356913328170776,4.005213260650635,0.7412191033363342,2.1432442665100098,6.018468379974365,12.258817672729492,18.032197952270508,11.111167907714844,10.33659839630127,16.24654769897461,23.793088912963867,28.646629333496094,15.778623580932617,20.343063354492188,13.893321990966797,13.977897644042969,20.17325210571289,27.4792423248291,33.59406661987305,12.419716835021973,15.839882850646973,14.650166511535645,13.729225158691406,12.157186508178711,11.381868362426758,19.389122009277344,48.04207992553711,23.31254005432129,45.37129592895508,49.85442352294922,53.89012908935547,71.6485595703125,50.44095230102539,2.025416851043701,2.784492015838623,2.2836403846740723,2.502446174621582,2.064174175262451,4.367367267608643,4.38913106918335,0.8698151707649231,1.5176562070846558,1.066789984703064,1.4314970970153809,0.30829647183418274,0.7089558839797974,1.761170506477356,230.75453186035156,350.25933837890625,239.89727783203125,237.8828582763672,248.03489685058594,288.8997802734375,332.2497863769531,0.4150254428386688,0.35238346457481384,0.5889560580253601,0.6514922380447388,0.523309051990509,0.5921978950500488,0.729276180267334,0.0282489862293005,0.17501278221607208,0.18492244184017181,0.09468888491392136,0.39957109093666077,0.5649706721305847,0.6491804122924805
2025-03-01,8.720321655273438,11.184375762939453,7.020263671875,61.93880844116211,1.4112275838851929,0.3975425064563751,206.5151824951172,2.7235593795776367,0.5072410702705383,0.014292687177658081,16.305377960205078,1.1873970031738281,0.03773428499698639,0.8297945857048035,0.06693307310342789,0.08255968987941742,0.14687177538871765,1.1326454877853394,2.713639497756958,0.7588008046150208,1.578611135482788,5.023458003997803,10.848440170288086,12.258817672729492,18.032197952270508,11.111167907714844,10.33659839630127,16.24654769897461,23.793088912963867,13.200596809387207,15.778623580932617,20.343063354492188,13.893321990966797,13.977897644042969,20.17325210571289,27.4792423248291,11.566784858703613,12.419716835021973,15.839882850646973,14.650166511535645,13.729225158691406,12.157186508178711,11.381868362426758,40.78706741333008,48.04207992553711,23.31254005432129,45.37129592895508,49.85442352294922,53.89012908935547,71.6485595703125,1.639920949935913,2.025416851043701,2.784492015838623,2.2836403846740723,2.502446174621582,2.064174175262451,4.367367267608643,0.8949710130691528,0.8698151707649231,1.5176562070846558,1.066789984703064,1.4314970970153809,0.30829647183418274,0.7089558839797974,249.3186798095703,230.75453186035156,350.25933837890625,239.89727783203125,237.8828582763672,248.03489685058594,288.8997802734375,0.3229711651802063,0.4150254428386688,0.35238346457481384,0.5889560580253601,0.6514922380447388,0.523309051990509,0.5921978950500488,0.027861526235938072,0.0282489862293005,0.17501278221607208,0.18492244184017181,0.09468888491392136,0.39957109093666077,0.5649706721305847
2025-03-02,10.115586280822754,12.77772331237793,5.9146575927734375,69.69471740722656,1.6121999025344849,0.3642522692680359,197.73167419433594,3.9183597564697266,0.4897303283214569,0.016021374613046646,14.360370635986328,0.8959790468215942,0.11647378653287888,1.7263603210449219,0.005705294664949179,0.07353927940130234,0.14129944145679474,1.5071625709533691,3.9890122413635254,0.9013770818710327,1.2461210489273071,6.502762794494629,8.720321655273438,10.848440170288086,12.258817672729492,18.032197952270508,11.111167907714844,10.33659839630127,16.24654769897461,11.184375762939453,13.200596809387207,15.778623580932617,20.343063354492188,13.893321990966797,13.977897644042969,20.17325210571289,7.020263671875,11.566784858703613,12.419716835021973,15.839882850646973,14.650166511535645,13.729225158691406,12.157186508178711,61.93880844116211,40.78706741333008,48.04207992553711,23.31254005432129,45.37129592895508,49.85442352294922,53.89012908935547,1.4112275838851929,1.639920949935913,2.025416851043701,2.784492015838623,2.2836403846740723,2.502446174621582,2.064174175262451,0.3975425064563751,0.8949710130691528,0.8698151707649231,1.5176562070846558,1.066789984703064,1.4314970970153809,0.30829647183418274,206.5151824951172,249.3186798095703,230.75453186035156,350.25933837890625,239.89727783203125,237.8828582763672,248.03489685058594,2.7235593795776367,0.3229711651802063,0.4150254428386688,0.35238346457481384,0.5889560580253601,0.6514922380447388,0.523309051990509,0.03773428499698639,0.027861526235938072,0.0282489862293005,0.17501278221607208,0.18492244184017181,0.09468888491392136,0.39957109093666077
2025-03-03,9.369186401367188,12.666210174560547,10.094124794006348,72.23680877685547,2.1862735748291016,0.8082283735275269,216.09921264648438,6.2927985191345215,0.6433620452880859,0.028080400079488754,21.89360809326172,1.0816009044647217,0.15872900187969208,1.4000192880630493,0.01709924079477787,0.08275125920772552,0.19126853346824646,1.5850756168365479,4.30112361907959,0.6526480913162231,1.5409349203109741,6.97397518157959,10.115586280822754,8.720321655273438,10.848440170288086,12.258817672729492,18.032197952270508,11.111167907714844,10.33659839630127,12.77772331237793,11.184375762939453,13.200596809387207,15.778623580932617,20.343063354492188,13.893321990966797,13.977897644042969,5.9146575927734375,7.020263671875,11.566784858703613,12.419716835021973,15.839882850646973,14.650166511535645,13.729225158691406,69.69471740722656,61.93880844116211,40.78706741333008,48.04207992553711,23.31254005432129,45.37129592895508,49.85442352294922,1.6121999025344849,1.4112275838851929,1.639920949935913,2.025416851043701,2.784492015838623,2.2836403846740723,2.502446174621582,0.3642522692680359,0.3975425064563751,0.8949710130691528,0.8698151707649231,1.5176562070846558,1.066789984703064,1.4314970970153809,197.73167419433594,206.5151824951172,249.3186798095703,230.75453186035156,350.25933837890625,239.89727783203125,237.8828582763672,3.9183597564697266,2.7235593795776367,0.3229711651802063,0.4150254428386688,0.35238346457481384,0.5889560580253601,0.6514922380447388,0.11647378653287888,0.03773428499698639,0.027861526235938072,0.0282489862293005,0.17501278221607208,0.18492244184017181,0.09468888491392136
2025-03-04,15.778733253479004,20.586116790771484,15.936576843261719,64.83599853515625,3.26750111579895,1.424892783164978,252.92259216308594,6.681898593902588,0.7632989287376404,0.03534209728240967,30.168575286865234,1.2229242324829102,0.0776790976524353,1.4581290483474731,0.028995005413889885,0.12235533446073532,0.30313077569007874,2.6199169158935547,7.981611728668213,0.6710658073425293,2.5687477588653564,11.543102264404297,9.369186401367188,10.115586280822754,8.720321655273438,10.848440170288086,12.258817672729492,18.032197952270508,11.111167907714844,12.666210174560547,12.77772331237793,11.184375762939453,13.200596809387207,15.778623580932617,20.343063354492188,13.893321990966797,10.094124794006348,5.9146575927734375,7.020263671875,11.566784858703613,12.419716835021973,15.839882850646973,14.650166511535645,72.23680877685547,69.69471740722656,61.93880844116211,40.78706741333008,48.04207992553711,23.31254005432129,45.37129592895508,2.1862735748291016,1.6121999025344849,1.4112275838851929,1.639920949935913,2.025416851043701,2.784492015838623,2.2836403846740723,0.8082283735275269,0.3642522692680359,0.3975425064563751,0.8949710130691528,0.8698151707649231,1.5176562070846558,1.066789984703064,216.09921264648438,197.73167419433594,206.5151824951172,249.3186798095703,230.75453186035156,350.25933837890625,239.89727783203125,6.2927985191345215,3.9183597564697266,2.7235593795776367,0.3229711651802063,0.4150254428386688,0.35238346457481384,0.5889560580253601,0.15872900187969208,0.11647378653287888,0.03773428499698639,0.027861526235938072,0.0282489862293005,0.17501278221607208,0.18492244184017181
2025-03-05,15.638419151306152,18.938335418701172,17.973108291625977,55.366554260253906,2.9768238067626953,1.5559585094451904,264.7308349609375,8.255857467651367,0.9828029870986938,0.05219223350286484,33.28850555419922,1.6608668565750122,0.14657552540302277,0.3209821283817291,0.3079707622528076,0.13448330760002136,0.33399319648742676,2.738124132156372,8.13426399230957,0.6306365132331848,2.9215023517608643,11.681626319885254,15.778733253479004,9.369186401367188,10.115586280822754,8.720321655273438,10.848440170288086,12.258817672729492,18.032197952270508,20.586116790771484,12.666210174560547,12.77772331237793,11.184375762939453,13.200596809387207,15.778623580932617,20.343063354492188,15.936576843261719,10.094124794006348,5.9146575927734375,7.020263671875,11.566784858703613,12.419716835021973,15.839882850646973,64.83599853515625,72.23680877685547,69.69471740722656,61.93880844116211,40.78706741333008,48.04207992553711,23.31254005432129,3.26750111579895,2.1862735748291016,1.6121999025344849,1.4112275838851929,1.639920949935913,2.025416851043701,2.784492015838623,1.424892783164978,0.8082283735275269,0.3642522692680359,0.3975425064563751,0.8949710130691528,0.8698151707649231,1.5176562070846558,252.92259216308594,216.09921264648438,197.73167419433594,206.5151824951172,249.3186798095703,230.75453186035156,350.25933837890625,6.681898593902588,6.2927985191345215,3.9183597564697266,2.7235593795776367,0.3229711651802063,0.4150254428386688,0.35238346457481384,0.0776790976524353,0.15872900187969208,0.11647378653287888,0.03773428499698639,0.027861526235938072,0.0282489862293005,0.17501278221607208
2025-03-06,19.30977439880371,25.3330020904541,19.458309173583984,60.707618713378906,3.026846408843994,2.3646090030670166,282.5761413574219,8.852177619934082,1.3406614065170288,0.08472602069377899,41.20358657836914,2.3231983184814453,0.2909895181655884,0.3382365107536316,0.6015899777412415,0.1678682118654251,0.3879350423812866,2.9721627235412598,9.189553260803223,0.7307777404785156,4.0730814933776855,14.298039436340332,15.638419151306152,15.778733253479004,9.369186401367188,10.115586280822754,8.720321655273438,10.848440170288086,12.258817672729492,18.938335418701172,20.586116790771484,12.666210174560547,12.77772331237793,11.184375762939453,13.200596809387207,15.778623580932617,17.973108291625977,15.936576843261719,10.094124794006348,5.9146575927734375,7.020263671875,11.566784858703613,12.419716835021973,55.366554260253906,64.83599853515625,72.23680877685547,69.69471740722656,61.93880844116211,40.78706741333008,48.04207992553711,2.9768238067626953,3.26750111579895,2.1862735748291016,1.6121999025344849,1.4112275838851929,1.639920949935913,2.025416851043701,1.5559585094451904,1.424892783164978,0.8082283735275269,0.3642522692680359,0.3975425064563751,0.8949710130691528,0.8698151707649231,264.7308349609375,252.92259216308594,216.09921264648438,197.73167419433594,206.5151824951172,249.3186798095703,230.75453186035156,8.255857467651367,6.681898593902588,6.2927985191345215,3.9183597564697266,2.7235593795776367,0.3229711651802063,0.4150254428386688,0.14657552540302277,0.0776790976524353,0.15872900187969208,0.11647378653287888,0.03773428499698639,0.027861526235938072,0.0282489862293005
2025-03-07,23.031734466552734,29.27536392211914,21.51870346069336,66.34871673583984,3.8054933547973633,2.4178318977355957,305.58843994140625,6.771978378295898,1.303192377090454,0.0709872618317604,45.586761474609375,2.8090872764587402,1.2158823013305664,0.24323247373104095,0.19125883281230927,0.20019172132015228,0.37221986055374146,3.1635165214538574,9.717671394348145,0.8493983149528503,4.743886947631836,15.030872344970703,19.30977439880371,15.638419151306152,15.778733253479004,9.369186401367188,10.115586280822754,8.720321655273438,10.848440170288086,25.3330020904541,18.938335418701172,20.586116790771484,12.666210174560547,12.77772331237793,11.184375762939453,13.200596809387207,19.458309173583984,17.973108291625977,15.936576843261719,10.094124794006348,5.9146575927734375,7.020263671875,11.566784858703613,60.707618713378906,55.366554260253906,64.83599853515625,72.23680877685547,69.69471740722656,61.93880844116211,40.78706741333008,3.026846408843994,2.9768238067626953,3.26750111579895,2.1862735748291016,1.6121999025344849,1.4112275838851929,1.639920949935913,2.3646090030670166,1.5559585094451904,1.424892783164978,0.8082283735275269,0.3642522692680359,0.3975425064563751,0.8949710130691528,282.5761413574219,264.7308349609375,252.92259216308594,216.09921264648438,197.73167419433594,206.5151824951172,249.3186798095703,8.852177619934082,8.255857467651367,6.681898593902588,6.2927985191345215,3.9183597564697266,2.7235593795776367,0.3229711651802063,0.2909895181655884,0.14657552540302277,0.0776790976524353,0.15872900187969208,0.11647378653287888,0.03773428499698639,0.027861526235938072
2025-03-08,27.326688766479492,33.019378662109375,12.83642578125,82.30674743652344,5.470738887786865,0.9530757665634155,301.0071105957031,3.614786148071289,1.5238887071609497,0.058229878544807434,26.23600196838379,3.2863380908966064,1.654093623161316,0.2550397217273712,0.28520768880844116,0.7284371852874756,0.9325088262557983,3.489483118057251,9.834172248840332,1.4095017910003662,8.217216491699219,15.690470695495605,23.031734466552734,19.30977439880371,15.638419151306152,15.778733253479004,9.369186401367188,10.115586280822754,8.720321655273438,29.27536392211914,25.3330020904541,18.938335418701172,20.586116790771484,12.666210174560547,12.77772331237793,11.184375762939453,21.51870346069336,19.458309173583984,17.973108291625977,15.936576843261719,10.094124794006348,5.9146575927734375,7.020263671875,66.34871673583984,60.707618713378906,55.366554260253906,64.83599853515625,72.23680877685547,69.69471740722656,61.93880844116211,3.8054933547973633,3.026846408843994,2.9768238067626953,3.26750111579895,2.1862735748291016,1.6121999025344849,1.4112275838851929,2.4178318977355957,2.3646090030670166,1.5559585094451904,1.424892783164978,0.8082283735275269,0.3642522692680359,0.3975425064563751,305.58843994140625,282.5761413574219,264.7308349609375,252.92259216308594,216.09921264648438,197.73167419433594,206.5151824951172,6.771978378295898,8.852177619934082,8.255857467651367,6.681898593902588,6.2927985191345215,3.9183597564697266,2.7235593795776367,1.2158823013305664,0.2909895181655884,0.14657552540302277,0.0776790976524353,0.15872900187969208,0.11647378653287888,0.03773428499698639
2025-03-09,40.47795867919922,48.04689407348633,13.360288619995117,78.5267105102539,7.460164546966553,1.037575602531433,370.3385314941406,3.02337646484375,1.935410976409912,0.07625041902065277,33.34022903442383,3.4193942546844482,2.714045524597168,0.18595027923583984,0.37248629331588745,1.2361444234848022,1.6717973947525024,4.327223777770996,11.453872680664062,2.1938252449035645,15.296896934509277,18.532962799072266,27.326688766479492,23.031734466552734,19.30977439880371,15.638419151306152,15.778733253479004,9.369186401367188,10.115586280822754,33.019378662109375,29.27536392211914,25.3330020904541,18.938335418701172,20.586116790771484,12.666210174560547,12.77772331237793,12.83642578125,21.51870346069336,19.458309173583984,17.973108291625977,15.936576843261719,10.094124794006348,5.9146575927734375,82.30674743652344,66.34871673583984,60.707618713378906,55.366554260253906,64.83599853515625,72.23680877685547,69.69471740722656,5.470738887786865,3.8054933547973633,3.026846408843994,2.9768238067626953,3.26750111579895,2.1862735748291016,1.6121999025344849,0.9530757665634155,2.4178318977355957,2.3646090030670166,1.5559585094451904,1.424892783164978,0.8082283735275269,0.3642522692680359,301.0071105957031,305.58843994140625,282.5761413574219,264.7308349609375,252.92259216308594,216.09921264648438,197.73167419433594,3.614786148071289,6.771978378295898,8.852177619934082,8.255857467651367,6.681898593902588,6.2927985191345215,3.9183597564697266,1.654093623161316,1.2158823013305664,0.2909895181655884,0.14657552540302277,0.0776790976524353,0.15872900187969208,0.11647378653287888
2025-03-10,44.763694763183594,55.28302764892578,16.24905776977539,74.12520599365234,4.901468753814697,2.2625985145568848,353.0285339355469,6.135235786437988,1.864219069480896,0.08017914742231369,45.23595428466797,3.8690879344940186,3.6793055534362793,0.17883598804473877,0.3302032947540283,0.872451901435852,1.2622801065444946,5.4243083000183105,13.944887161254883,2.5524721145629883,12.954231262207031,22.793725967407227,40.47795867919922,27.326688766479492,23.031734466552734,19.30977439880371,15.638419151306152,15.778733253479004,9.369186401367188,48.04689407348633,33.019378662109375,29.27536392211914,25.3330020904541,18.938335418701172,20.586116790771484,12.666210174560547,13.360288619995117,12.83642578125,21.51870346069336,19.458309173583984,17.973108291625977,15.936576843261719,10.094124794006348,78.5267105102539,82.30674743652344,66.34871673583984,60.707618713378906,55.366554260253906,64.83599853515625,72.23680877685547,7.460164546966553,5.470738887786865,3.8054933547973633,3.026846408843994,2.9768238067626953,3.26750111579895,2.1862735748291016,1.037575602531433,0.9530757665634155,2.4178318977355957,2.3646090030670166,1.5559585094451904,1.424892783164978,0.8082283735275269,370.3385314941406,301.0071105957031,305.58843994140625,282.5761413574219,264.7308349609375,252.92259216308594,216.09921264648438,3.02337646484375,3.614786148071289,6.771978378295898,8.852177619934082,8.255857467651367,6.681898593902588,6.2927985191345215,2.714045524597168,1.654093623161316,1.2158823013305664,0.2909895181655884,0.14657552540302277,0.0776790976524353,0.15872900187969208
2025-03-11,46.677371978759766,55.10213851928711,17.893749237060547,56.94048309326172,3.5876917839050293,1.822099208831787,318.7523498535156,3.9493136405944824,1.4639496803283691,0.06754829734563828,44.85951232910156,4.236250877380371,2.680363655090332,0.4359855055809021,1.5218254327774048,0.5343680381774902,1.1289193630218506,6.259049892425537,14.64952278137207,3.133143901824951,9.641801834106445,24.921737670898438,44.763694763183594,40.47795867919922,27.326688766479492,23.031734466552734,19.30977439880371,15.638419151306152,15.778733253479004,55.28302764892578,48.04689407348633,33.019378662109375,29.27536392211914,25.3330020904541,18.938335418701172,20.586116790771484,16.24905776977539,13.360288619995117,12.83642578125,21.51870346069336,19.458309173583984,17.973108291625977,15.936576843261719,74.12520599365234,78.5267105102539,82.30674743652344,66.34871673583984,60.707618713378906,55.366554260253906,64.83599853515625,4.901468753814697,7.460164546966553,5.470738887786865,3.8054933547973633,3.026846408843994,2.9768238067626953,3.26750111579895,2.2625985145568848,1.037575602531433,0.9530757665634155,2.4178318977355957,2.3646090030670166,1.5559585094451904,1.424892783164978,353.0285339355469,370.3385314941406,301.0071105957031,305.58843994140625,282.5761413574219,264.7308349609375,252.92259216308594,6.135235786437988,3.02337646484375,3.614786148071289,6.771978378295898,8.852177619934082,8.255857467651367,6.681898593902588,3.6793055534362793,2.714045524597168,1.654093623161316,1.2158823013305664,0.2909895181655884,0.14657552540302277,0.0776790976524353
2025-03-12,21.94230079650879,27.65757179260254,13.461688995361328,49.23393249511719,1.9194120168685913,0.7311884760856628,244.85960388183594,3.7758288383483887,0.8156014680862427,0.02533784694969654,32.43421936035156,2.187861442565918,0.969709038734436,1.1242101192474365,0.7888911366462708,0.1575831174850464,0.3519116938114166,2.898608684539795,7.404810428619385,1.263730764389038,3.314357280731201,12.29827880859375,46.677371978759766,44.763694763183594,40.47795867919922,27.326688766479492,23.031734466552734,19.30977439880371,15.638419151306152,55.10213851928711,55.28302764892578,48.04689407348633,33.019378662109375,29.27536392211914,25.3330020904541,18.938335418701172,17.893749237060547,16.24905776977539,13.360288619995117,12.83642578125,21.51870346069336,19.458309173583984,17.973108291625977,56.94048309326172,74.12520599365234,78.5267105102539,82.30674743652344,66.34871673583984,60.707618713378906,55.366554260253906,3.5876917839050293,4.901468753814697,7.460164546966553,5.470738887786865,3.8054933547973633,3.026846408843994,2.9768238067626953,1.822099208831787,2.2625985145568848,1.037575602531433,0.9530757665634155,2.4178318977355957,2.3646090030670166,1.5559585094451904,318.7523498535156,353.0285339355469,370.3385314941406,301.0071105957031,305.58843994140625,282.5761413574219,264.7308349609375,3.9493136405944824,6.135235786437988,3.02337646484375,3.614786148071289,6.771978378295898,8.852177619934082,8.255857467651367,2.680363655090332,3.6793055534362793,2.714045524597168,1.654093623161316,1.2158823013305664,0.2909895181655884,0.14657552540302277
2025-03-13,9.910011291503906,12.883806228637695,11.334158897399902,54.223854064941406,1.8884645700454712,0.7505814433097839,203.5869140625,5.006548881530762,0.6429790258407593,0.019230619072914124,26.529512405395508,1.3915998935699463,0.23370400071144104,0.7951330542564392,0.23312243819236755,0.1089014783501625,0.2329576313495636,1.1357282400131226,3.062366247177124,0.46169716119766235,1.880396842956543,4.840361595153809,21.94230079650879,46.677371978759766,44.763694763183594,40.47795867919922,27.326688766479492,23.031734466552734,19.30977439880371,27.65757179260254,55.10213851928711,55.28302764892578,48.04689407348633,33.019378662109375,29.27536392211914,25.3330020904541,13.461688995361328,17.893749237060547,16.24905776977539,13.360288619995117,12.83642578125,21.51870346069336,19.458309173583984,49.23393249511719,56.94048309326172,74.12520599365234,78.5267105102539,82.30674743652344,66.34871673583984,60.707618713378906,1.9194120168685913,3.5876917839050293,4.901468753814697,7.460164546966553,5.470738887786865,3.8054933547973633,3.026846408843994,0.7311884760856628,1.822099208831787,2.2625985145568848,1.037575602531433,0.9530757665634155,2.4178318977355957,2.3646090030670166,244.85960388183594,318.7523498535156,353.0285339355469,370.3385314941406,301.0071105957031,305.58843994140625,282.5761413574219,3.7758288383483887,3.9493136405944824,6.135235786437988,3.02337646484375,3.614786148071289,6.771978378295898,8.852177619934082,0.969709038734436,2.680363655090332,3.6793055534362793,2.714045524597168,1.654093623161316,1.2158823013305664,0.2909895181655884
2025-03-14,11.013425827026367,14.317319869995117,13.308568954467773,51.3465576171875,1.892370343208313,1.5516163110733032,217.59046936035156,4.701847076416016,0.658077597618103,0.02826147899031639,29.041486740112305,1.6068881750106812,0.17876195907592773,0.47476664185523987,0.02963348850607872,0.09942548722028732,0.22866326570510864,1.5010488033294678,4.227450847625732,0.38987383246421814,1.7193561792373657,6.487887382507324,9.910011291503906,21.94230079650879,46.677371978759766,44.763694763183594,40.47795867919922,27.326688766479492,23.031734466552734,12.883806228637695,27.65757179260254,55.10213851928711,55.28302764892578,48.04689407348633,33.019378662109375,29.27536392211914,11.334158897399902,13.461688995361328,17.893749237060547,16.24905776977539,13.360288619995117,12.83642578125,21.51870346069336,54.223854064941406,49.23393249511719,56.94048309326172,74.12520599365234,78.5267105102539,82.30674743652344,66.34871673583984,1.8884645700454712,1.9194120168685913,3.5876917839050293,4.901468753814697,7.460164546966553,5.470738887786865,3.8054933547973633,0.7505814433097839,0.7311884760856628,1.822099208831787,2.2625985145568848,1.037575602531433,0.9530757665634155,2.4178318977355957,203.5869140625,244.85960388183594,318.7523498535156,353.0285339355469,370.3385314941406,301.0071105957031,305.58843994140625,5.006548881530762,3.7758288383483887,3.9493136405944824,6.135235786437988,3.02337646484375,3.614786148071289,6.771978378295898,0.23370400071144104,0.969709038734436,2.680363655090332,3.6793055534362793,2.714045524597168,1.654093623161316,1.2158823013305664
2025-03-15,18.260854721069336,20.518741607666016,7.963473320007324,53.933650970458984,2.9936459064483643,0.5712921619415283,228.24752807617188,2.1656651496887207,0.7434035539627075,0.021715328097343445,17.38667869567871,1.8853901624679565,0.21622517704963684,0.23928558826446533,0.10930566489696503,0.42462363839149475,0.5527331233024597,2.0298285484313965,4.371682167053223,1.2009638547897339,3.9133870601654053,8.710898399353027,11.013425827026367,9.910011291503906,21.94230079650879,46.677371978759766,44.763694763183594,40.47795867919922,27.326688766479492,14.317319869995117,12.883806228637695,27.65757179260254,55.10213851928711,55.28302764892578,48.04689407348633,33.019378662109375,13.308568954467773,11.334158897399902,13.461688995361328,17.893749237060547,16.24905776977539,13.360288619995117,12.83642578125,51.3465576171875,54.223854064941406,49.23393249511719,56.94048309326172,74.12520599365234,78.5267105102539,82.30674743652344,1.892370343208313,1.8884645700454712,1.9194120168685913,3.5876917839050293,4.901468753814697,7.460164546966553,5.470738887786865,1.5516163110733032,0.7505814433097839,0.7311884760856628,1.822099208831787,2.2625985145568848,1.037575602531433,0.9530757665634155,217.59046936035156,203.5869140625,244.85960388183594,318.7523498535156,353.0285339355469,370.3385314941406,301.0071105957031,4.701847076416016,5.006548881530762,3.7758288383483887,3.9493136405944824,6.135235786437988,3.02337646484375,3.614786148071289,0.17876195907592773,0.23370400071144104,0.969709038734436,2.680363655090332,3.6793055534362793,2.714045524597168,1.654093623161316
2025-03-16,14.10539722442627,16.335969924926758,7.378896713256836,62.67528533935547,2.0189404487609863,0.7002581357955933,211.83865356445312,2.7372028827667236,0.5997692942619324,0.015718508511781693,13.765083312988281,1.3414119482040405,0.22678765654563904,0.6080737113952637,0.09944554418325424,0.3002339005470276,0.38577133417129517,1.7456769943237305,3.7564516067504883,0.8568555116653442,2.5456833839416504,7.13849401473999,18.260854721069336,11.013425827026367,9.910011291503906,21.94230079650879,46.677371978759766,44.763694763183594,40.47795867919922,20.518741607666016,14.317319869995117,12.883806228637695,27.65757179260254,55.10213851928711,55.28302764892578,48.04689407348633,7.963473320007324,13.308568954467773,11.334158897399902,13.461688995361328,17.893749237060547,16.24905776977539,13.360288619995117,53.933650970458984,51.3465576171875,54.223854064941406,49.23393249511719,56.94048309326172,74.12520599365234,78.5267105102539,2.9936459064483643,1.892370343208313,1.8884645700454712,1.9194120168685913,3.5876917839050293,4.901468753814697,7.460164546966553,0.5712921619415283,1.5516163110733032,0.7505814433097839,0.7311884760856628,1.822099208831787,2.2625985145568848,1.037575602531433,228.24752807617188,217.59046936035156,203.5869140625,244.85960388183594,318.7523498535156,353.0285339355469,370.3385314941406,2.1656651496887207,4.701847076416016,5.006548881530762,3.7758288383483887,3.9493136405944824,6.135235786437988,3.02337646484375,0.21622517704963684,0.17876195907592773,0.23370400071144104,0.969709038734436,2.680363655090332,3.6793055534362793,2.714045524597168
2025-03-17,3.0323119163513184,5.12898588180542,5.536757469177246,80.20516204833984,2.1841893196105957,0.3843802809715271,193.6639404296875,2.0581576824188232,0.2731049060821533,0.005481370259076357,12.282820701599121,0.7109883427619934,0.08494053781032562,1.734458565711975,0.004022262990474701,0.05001043528318405,0.09436734020709991,0.2124202996492386,0.31722646951675415,0.3007691502571106,0.6171063184738159,0.8787711262702942,14.10539722442627,18.260854721069336,11.013425827026367,9.910011291503906,21.94230079650879,46.677371978759766,44.763694763183594,16.335969924926758,20.518741607666016,14.317319869995117,12.883806228637695,27.65757179260254,55.10213851928711,55.28302764892578,7.378896713256836,7.963473320007324,13.308568954467773,11.334158897399902,13.461688995361328,17.893749237060547,16.24905776977539,62.67528533935547,53.933650970458984,51.3465576171875,54.223854064941406,49.23393249511719,56.94048309326172,74.12520599365234,2.0189404487609863,2.9936459064483643,1.892370343208313,1.8884645700454712,1.9194120168685913,3.5876917839050293,4.901468753814697,0.7002581357955933,0.5712921619415283,1.5516163110733032,0.7505814433097839,0.7311884760856628,1.822099208831787,2.2625985145568848,211.83865356445312,228.24752807617188,217.59046936035156,203.5869140625,244.85960388183594,318.7523498535156,353.0285339355469,2.7372028827667236,2.1656651496887207,4.701847076416016,5.006548881530762,3.7758288383483887,3.9493136405944824,6.135235786437988,0.22678765654563904,0.21622517704963684,0.17876195907592773,0.23370400071144104,0.969709038734436,2.680363655090332,3.6793055534362793
2025-03-18,6.773974418640137,11.166435241699219,14.938234329223633,65.82752990722656,2.68957781791687,1.280757188796997,254.77236938476562,6.036146640777588,0.4872702658176422,0.017638619989156723,28.21805191040039,0.9236599206924438,0.1942298263311386,1.2979265451431274,0.01472601480782032,0.09498606622219086,0.21290995180606842,0.6846054196357727,1.6768673658370972,0.3659270405769348,1.3846864700317383,2.661499261856079,3.0323119163513184,14.10539722442627,18.260854721069336,11.013425827026367,9.910011291503906,21.94230079650879,46.677371978759766,5.12898588180542,16.335969924926758,20.518741607666016,14.317319869995117,12.883806228637695,27.65757179260254,55.10213851928711,5.536757469177246,7.378896713256836,7.963473320007324,13.308568954467773,11.334158897399902,13.461688995361328,17.893749237060547,80.20516204833984,62.67528533935547,53.933650970458984,51.3465576171875,54.223854064941406,49.23393249511719,56.94048309326172,2.1841893196105957,2.0189404487609863,2.9936459064483643,1.892370343208313,1.8884645700454712,1.9194120168685913,3.5876917839050293,0.3843802809715271,0.7002581357955933,0.5712921619415283,1.5516163110733032,0.7505814433097839,0.7311884760856628,1.822099208831787,193.6639404296875,211.83865356445312,228.24752807617188,217.59046936035156,203.5869140625,244.85960388183594,318.7523498535156,2.0581576824188232,2.7372028827667236,2.1656651496887207,4.701847076416016,5.006548881530762,3.7758288383483887,3.9493136405944824,0.08494053781032562,0.22678765654563904,0.21622517704963684,0.17876195907592773,0.23370400071144104,0.969709038734436,2.680363655090332
2025-03-19,11.906816482543945,17.266155242919922,17.799245834350586,64.97098541259766,3.4846205711364746,2.7188286781311035,267.6172790527344,8.158286094665527,0.729115903377533,0.032937344163656235,31.87380027770996,1.3152819871902466,0.22797085344791412,0.916121780872345,0.009213385172188282,0.14877940714359283,0.33041301369667053,1.543383240699768,4.081404685974121,0.6777348518371582,2.346470355987549,6.449741363525391,6.773974418640137,3.0323119163513184,14.10539722442627,18.260854721069336,11.013425827026367,9.910011291503906,21.94230079650879,11.166435241699219,5.12898588180542,16.335969924926758,20.518741607666016,14.317319869995117,12.883806228637695,27.65757179260254,14.938234329223633,5.536757469177246,7.378896713256836,7.963473320007324,13.308568954467773,11.334158897399902,13.461688995361328,65.82752990722656,80.20516204833984,62.67528533935547,53.933650970458984,51.3465576171875,54.223854064941406,49.23393249511719,2.68957781791687,2.1841893196105957,2.0189404487609863,2.9936459064483643,1.892370343208313,1.8884645700454712,1.9194120168685913,1.280757188796997,0.3843802809715271,0.7002581357955933,0.5712921619415283,1.5516163110733032,0.7505814433097839,0.7311884760856628,254.77236938476562,193.6639404296875,211.83865356445312,228.24752807617188,217.59046936035156,203.5869140625,244.85960388183594,6.036146640777588,2.0581576824188232,2.7372028827667236,2.1656651496887207,4.701847076416016,5.006548881530762,3.7758288383483887,0.1942298263311386,0.08494053781032562,0.22678765654563904,0.21622517704963684,0.17876195907592773,0.23370400071144104,0.969709038734436
2025-03-20,16.321184158325195,23.170726776123047,19.18593978881836,63.85810852050781,3.0008978843688965,2.939772844314575,274.14605712890625,8.692838668823242,1.0955321788787842,0.056536294519901276,38.01826858520508,2.28851056098938,0.14884905517101288,0.5358845591545105,0.0768110528588295,0.17882272601127625,0.37512603402137756,2.4707179069519043,7.058207988739014,0.613705575466156,3.3859150409698486,10.936214447021484,11.906816482543945,6.773974418640137,3.0323119163513184,14.10539722442627,18.260854721069336,11.013425827026367,9.910011291503906,17.266155242919922,11.166435241699219,5.12898588180542,16.335969924926758,20.518741607666016,14.317319869995117,12.883806228637695,17.799245834350586,14.938234329223633,5.536757469177246,7.378896713256836,7.963473320007324,13.308568954467773,11.334158897399902,64.97098541259766,65.82752990722656,80.20516204833984,62.67528533935547,53.933650970458984,51.3465576171875,54.223854064941406,3.4846205711364746,2.68957781791687,2.1841893196105957,2.0189404487609863,2.9936459064483643,1.892370343208313,1.8884645700454712,2.7188286781311035,1.280757188796997,0.3843802809715271,0.7002581357955933,0.5712921619415283,1.5516163110733032,0.7505814433097839,267.6172790527344,254.77236938476562,193.6639404296875,211.83865356445312,228.24752807617188,217.59046936035156,203.5869140625,8.158286094665527,6.036146640777588,2.0581576824188232,2.7372028827667236,2.1656651496887207,4.701847076416016,5.006548881530762,0.22797085344791412,0.1942298263311386,0.08494053781032562,0.22678765654563904,0.21622517704963684,0.17876195907592773,0.23370400071144104
2025-03-21,19.739013671875,25.580299377441406,13.867681503295898,82.13999938964844,3.456359386444092,2.1310489177703857,272.8464050292969,5.456925868988037,1.2229348421096802,0.057727519422769547,29.82549476623535,2.9091246128082275,0.1738792061805725,0.36216771602630615,0.12786591053009033,0.21892449259757996,0.4136964678764343,2.7291388511657715,7.9030022621154785,0.9209734797477722,4.149092674255371,12.783899307250977,16.321184158325195,11.906816482543945,6.773974418640137,3.0323119163513184,14.10539722442627,18.260854721069336,11.013425827026367,23.170726776123047,17.266155242919922,11.166435241699219,5.12898588180542,16.335969924926758,20.518741607666016,14.317319869995117,19.18593978881836,17.799245834350586,14.938234329223633,5.536757469177246,7.378896713256836,7.963473320007324,13.308568954467773,63.85810852050781,64.97098541259766,65.82752990722656,80.20516204833984,62.67528533935547,53.933650970458984,51.3465576171875,3.0008978843688965,3.4846205711364746,2.68957781791687,2.1841893196105957,2.0189404487609863,2.9936459064483643,1.892370343208313,2.939772844314575,2.7188286781311035,1.280757188796997,0.3843802809715271,0.7002581357955933,0.5712921619415283,1.5516163110733032,274.14605712890625,267.6172790527344,254.77236938476562,193.6639404296875,211.83865356445312,228.24752807617188,217.59046936035156,8.692838668823242,8.158286094665527,6.036146640777588,2.0581576824188232,2.7372028827667236,2.1656651496887207,4.701847076416016,0.14884905517101288,0.22797085344791412,0.1942298263311386,0.08494053781032562,0.22678765654563904,0.21622517704963684,0.17876195907592773
2025-03-22,20.289039611816406,26.940946578979492,6.4289164543151855,87.38504028320312,3.9886772632598877,0.5558129549026489,237.61691284179688,1.8162565231323242,1.2113386392593384,0.03054754249751568,15.444324493408203,3.340808391571045,0.15354949235916138,0.5043719410896301,0.19247202575206757,0.6203503608703613,0.8069281578063965,2.6934728622436523,7.5403900146484375,1.1914068460464478,7.629763603210449,11.54987621307373,19.739013671875,16.321184158325195,11.906816482543945,6.773974418640137,3.0323119163513184,14.10539722442627,18.260854721069336,25.580299377441406,23.170726776123047,17.266155242919922,11.166435241699219,5.12898588180542,16.335969924926758,20.518741607666016,13.867681503295898,19.18593978881836,17.799245834350586,14.938234329223633,5.536757469177246,7.378896713256836,7.963473320007324,82.13999938964844,63.85810852050781,64.97098541259766,65.82752990722656,80.20516204833984,62.67528533935547,53.933650970458984,3.456359386444092,3.0008978843688965,3.4846205711364746,2.68957781791687,2.1841893196105957,2.0189404487609863,2.9936459064483643,2.1310489177703857,2.939772844314575,2.7188286781311035,1.280757188796997,0.3843802809715271,0.7002581357955933,0.5712921619415283,272.8464050292969,274.14605712890625,267.6172790527344,254.77236938476562,193.6639404296875,211.83865356445312,228.24752807617188,5.456925868988037,8.692838668823242,8.158286094665527,6.036146640777588,2.0581576824188232,2.7372028827667236,2.1656651496887207,0.1738792061805725,0.14884905517101288,0.22797085344791412,0.1942298263311386,0.08494053781032562,0.22678765654563904,0.21622517704963684
2025-03-23,22.401792526245117,28.310115814208984,7.4468865394592285,82.70361328125,4.2749762535095215,0.4111894369125366,250.39260864257812,1.7397949695587158,1.1238787174224854,0.028782932087779045,14.612879753112793,2.8020572662353516,0.7145058512687683,0.29348117113113403,0.18059642612934113,0.5347446203231812,0.7395449876785278,2.0712263584136963,3.7267048358917236,1.8796511888504028,7.833168983459473,9.944977760314941,20.289039611816406,19.739013671875,16.321184158325195,11.906816482543945,6.773974418640137,3.0323119163513184,14.10539722442627,26.940946578979492,25.580299377441406,23.170726776123047,17.266155242919922,11.166435241699219,5.12898588180542,16.335969924926758,6.4289164543151855,13.867681503295898,19.18593978881836,17.799245834350586,14.938234329223633,5.536757469177246,7.378896713256836,87.38504028320312,82.13999938964844,63.85810852050781,64.97098541259766,65.82752990722656,80.20516204833984,62.67528533935547,3.9886772632598877,3.456359386444092,3.0008978843688965,3.4846205711364746,2.68957781791687,2.1841893196105957,2.0189404487609863,0.5558129549026489,2.1310489177703857,2.939772844314575,2.7188286781311035,1.280757188796997,0.3843802809715271,0.7002581357955933,237.61691284179688,272.8464050292969,274.14605712890625,267.6172790527344,254.77236938476562,193.6639404296875,211.83865356445312,1.8162565231323242,5.456925868988037,8.692838668823242,8.158286094665527,6.036146640777588,2.0581576824188232,2.7372028827667236,0.15354949235916138,0.1738792061805725,0.14884905517101288,0.22797085344791412,0.1942298263311386,0.08494053781032562,0.22678765654563904
2025-03-24,22.286483764648438,28.874767303466797,12.422094345092773,65.70558166503906,4.117338180541992,1.0213862657546997,265.57745361328125,2.7923717498779297,1.178812026977539,0.04744011536240578,32.01290512084961,2.6286442279815674,1.1150175333023071,0.1990176886320114,0.1846102476119995,0.5079079270362854,0.6910150051116943,2.1347756385803223,3.980043411254883,1.8154016733169556,6.652426719665527,9.782478332519531,22.401792526245117,20.289039611816406,19.739013671875,16.321184158325195,11.906816482543945,6.773974418640137,3.0323119163513184,28.310115814208984,26.940946578979492,25.580299377441406,23.170726776123047,17.266155242919922,11.166435241699219,5.12898588180542,7.4468865394592285,6.4289164543151855,13.867681503295898,19.18593978881836,17.799245834350586,14.938234329223633,5.536757469177246,82.70361328125,87.38504028320312,82.13999938964844,63.85810852050781,64.97098541259766,65.82752990722656,80.20516204833984,4.2749762535095215,3.9886772632598877,3.456359386444092,3.0008978843688965,3.4846205711364746,2.68957781791687,2.1841893196105957,0.4111894369125366,0.5558129549026489,2.1310489177703857,2.939772844314575,2.7188286781311035,1.280757188796997,0.3843802809715271,250.39260864257812,237.61691284179688,272.8464050292969,274.14605712890625,267.6172790527344,254.77236938476562,193.6639404296875,1.7397949695587158,1.8162565231323242,5.456925868988037,8.692838668823242,8.158286094665527,6.036146640777588,2.0581576824188232,0.7145058512687683,0.15354949235916138,0.1738792061805725,0.14884905517101288,0.22797085344791412,0.1942298263311386,0.08494053781032562
2025-03-25,30.19228172302246,36.955467224121094,12.132086753845215,59.538116455078125,1.945399284362793,1.1493279933929443,247.43777465820312,4.294947624206543,1.047505259513855,0.04956166446208954,30.414810180664062,3.0334954261779785,2.19069504737854,0.5322325229644775,0.2183382213115692,0.2531334459781647,0.46857982873916626,4.08750581741333,9.441449165344238,3.0270297527313232,5.1251349449157715,17.298606872558594,22.286483764648438,22.401792526245117,20.289039611816406,19.739013671875,16.321184158325195,11.906816482543945,6.773974418640137,28.874767303466797,28.310115814208984,26.940946578979492,25.580299377441406,23.170726776123047,17.266155242919922,11.166435241699219,12.422094345092773,7.4468865394592285,6.4289164543151855,13.867681503295898,19.18593978881836,17.799245834350586,14.938234329223633,65.70558166503906,82.70361328125,87.38504028320312,82.13999938964844,63.85810852050781,64.97098541259766,65.82752990722656,4.117338180541992,4.2749762535095215,3.9886772632598877,3.456359386444092,3.0008978843688965,3.4846205711364746,2.68957781791687,1.0213862657546997,0.4111894369125366,0.5558129549026489,2.1310489177703857,2.939772844314575,2.7188286781311035,1.280757188796997,265.57745361328125,250.39260864257812,237.61691284179688,272.8464050292969,274.14605712890625,267.6172790527344,254.77236938476562,2.7923717498779297,1.7397949695587158,1.8162565231323242,5.456925868988037,8.692838668823242,8.158286094665527,6.036146640777588,1.1150175333023071,0.7145058512687683,0.15354949235916138,0.1738792061805725,0.14884905517101288,0.22797085344791412,0.1942298263311386
2025-03-26,13.607630729675293,16.973751068115234,9.509950637817383,56.869781494140625,1.4189456701278687,0.37466558814048767,196.9520263671875,4.133052349090576,0.6179416179656982,0.01607399620115757,20.3342342376709,1.269739031791687,0.2368360012769699,1.533725380897522,0.11596471816301346,0.08144957572221756,0.19237422943115234,1.5129331350326538,3.7454495429992676,1.0832189321517944,1.8784277439117432,6.675854682922363,30.19228172302246,22.286483764648438,22.401792526245117,20.289039611816406,19.739013671875,16.321184158325195,11.906816482543945,36.955467224121094,28.874767303466797,28.310115814208984,26.940946578979492,25.580299377441406,23.170726776123047,17.266155242919922,12.132086753845215,12.422094345092773,7.4468865394592285,6.4289164543151855,13.867681503295898,19.18593978881836,17.799245834350586,59.538116455078125,65.70558166503906,82.70361328125,87.38504028320312,82.13999938964844,63.85810852050781,64.97098541259766,1.945399284362793,4.117338180541992,4.2749762535095215,3.9886772632598877,3.456359386444092,3.0008978843688965,3.4846205711364746,1.1493279933929443,1.0213862657546997,0.4111894369125366,0.5558129549026489,2.1310489177703857,2.939772844314575,2.7188286781311035,247.43777465820312,265.57745361328125,250.39260864257812,237.61691284179688,272.8464050292969,274.14605712890625,267.6172790527344,4.294947624206543,2.7923717498779297,1.7397949695587158,1.8162565231323242,5.456925868988037,8.692838668823242,8.158286094665527,2.19069504737854,1.1150175333023071,0.7145058512687683,0.15354949235916138,0.1738792061805725,0.14884905517101288,0.22797085344791412
2025-03-27,9.558677673339844,13.098067283630371,13.247150421142578,53.753231048583984,1.6439592838287354,0.9500780701637268,191.234130859375,4.304651260375977,0.6871283650398254,0.026171544566750526,24.821388244628906,0.9013602137565613,0.5785120725631714,1.759458065032959,0.09397655725479126,0.07707911729812622,0.18938754498958588,1.271262526512146,2.9080967903137207,0.7744936943054199,1.2914209365844727,4.922579288482666,13.607630729675293,30.19228172302246,22.286483764648438,22.401792526245117,20.289039611816406,19.739013671875,16.321184158325195,16.973751068115234,36.955467224121094,28.874767303466797,28.310115814208984,26.940946578979492,25.580299377441406,23.170726776123047,9.509950637817383,12.132086753845215,12.422094345092773,7.4468865394592285,6.4289164543151855,13.867681503295898,19.18593978881836,56.869781494140625,59.538116455078125,65.70558166503906,82.70361328125,87.38504028320312,82.13999938964844,63.85810852050781,1.4189456701278687,1.945399284362793,4.117338180541992,4.2749762535095215,3.9886772632598877,3.456359386444092,3.0008978843688965,0.37466558814048767,1.1493279933929443,1.0213862657546997,0.4111894369125366,0.5558129549026489,2.1310489177703857,2.939772844314575,196.9520263671875,247.43777465820312,265.57745361328125,250.39260864257812,237.61691284179688,272.8464050292969,274.14605712890625,4.133052349090576,4.294947624206543,2.7923717498779297,1.7397949695587158,1.8162565231323242,5.456925868988037,8.692838668823242,0.2368360012769699,2.19069504737854,1.1150175333023071,0.7145058512687683,0.15354949235916138,0.1738792061805725,0.14884905517101288
2025-03-28,14.492372512817383,16.504989624023438,12.141935348510742,64.02346801757812,3.2491190433502197,1.4270509481430054,200.06796264648438,3.434121608734131,0.9292292594909668,0.035455815494060516,24.51638412475586,1.6888463497161865,0.45970797538757324,0.6605924367904663,0.06688939779996872,0.2514265179634094,0.386423796415329,1.8417916297912598,4.147830009460449,1.3005006313323975,3.3735239505767822,7.592525482177734,9.558677673339844,13.607630729675293,30.19228172302246,22.286483764648438,22.401792526245117,20.289039611816406,19.739013671875,13.098067283630371,16.973751068115234,36.955467224121094,28.874767303466797,28.310115814208984,26.940946578979492,25.580299377441406,13.247150421142578,9.509950637817383,12.132086753845215,12.422094345092773,7.4468865394592285,6.4289164543151855,13.867681503295898,53.753231048583984,56.869781494140625,59.538116455078125,65.70558166503906,82.70361328125,87.38504028320312,82.13999938964844,1.6439592838287354,1.4189456701278687,1.945399284362793,4.117338180541992,4.2749762535095215,3.9886772632598877,3.456359386444092,0.9500780701637268,0.37466558814048767,1.1493279933929443,1.0213862657546997,0.4111894369125366,0.5558129549026489,2.1310489177703857,191.234130859375,196.9520263671875,247.43777465820312,265.57745361328125,250.39260864257812,237.61691284179688,272.8464050292969,4.304651260375977,4.133052349090576,4.294947624206543,2.7923717498779297,1.7397949695587158,1.8162565231323242,5.456925868988037,0.5785120725631714,0.2368360012769699,2.19069504737854,1.1150175333023071,0.7145058512687683,0.15354949235916138,0.1738792061805725
2025-03-29,18.98990821838379,22.552064895629883,8.271915435791016,63.72111129760742,2.600827932357788,0.7593944072723389,211.49188232421875,3.1446340084075928,0.9934730529785156,0.03194044530391693,17.439857482910156,1.8811315298080444,0.24635648727416992,0.8710238337516785,0.031132623553276062,0.5450120568275452,0.6890425682067871,2.0400614738464355,5.208058834075928,1.1990625858306885,5.798994541168213,8.268518447875977,14.492372512817383,9.558677673339844,13.607630729675293,30.19228172302246,22.286483764648438,22.401792526245117,20.289039611816406,16.504989624023438,13.098067283630371,16.973751068115234,36.955467224121094,28.874767303466797,28.310115814208984,26.940946578979492,12.141935348510742,13.247150421142578,9.509950637817383,12.132086753845215,12.422094345092773,7.4468865394592285,6.4289164543151855,64.02346801757812,53.753231048583984,56.869781494140625,59.538116455078125,65.70558166503906,82.70361328125,87.38504028320312,3.2491190433502197,1.6439592838287354,1.4189456701278687,1.945399284362793,4.117338180541992,4.2749762535095215,3.9886772632598877,1.4270509481430054,0.9500780701637268,0.37466558814048767,1.1493279933929443,1.0213862657546997,0.4111894369125366,0.5558129549026489,200.06796264648438,191.234130859375,196.9520263671875,247.43777465820312,265.57745361328125,250.39260864257812,237.61691284179688,3.434121608734131,4.304651260375977,4.133052349090576,4.294947624206543,2.7923717498779297,1.7397949695587158,1.8162565231323242,0.45970797538757324,0.5785120725631714,0.2368360012769699,2.19069504737854,1.1150175333023071,0.7145058512687683,0.15354949235916138
2025-03-30,6.1417717933654785,8.861900329589844,7.508033275604248,67.13106536865234,1.363701581954956,0.4978480041027069,184.06736755371094,3.0552124977111816,0.4892328381538391,0.008909781463444233,9.916168212890625,0.7514411211013794,0.04930110275745392,2.3762614727020264,0.04808550328016281,0.0421895906329155,0.0871465876698494,0.6786279678344727,1.713562250137329,0.4274556636810303,0.7431334853172302,2.882373332977295,18.98990821838379,14.492372512817383,9.558677673339844,13.607630729675293,30.19228172302246,22.286483764648438,22.401792526245117,22.552064895629883,16.504989624023438,13.098067283630371,16.973751068115234,36.955467224121094,28.874767303466797,28.310115814208984,8.271915435791016,12.141935348510742,13.247150421142578,9.509950637817383,12.132086753845215,12.422094345092773,7.4468865394592285,63.72111129760742,64.02346801757812,53.753231048583984,56.869781494140625,59.538116455078125,65.70558166503906,82.70361328125,2.600827932357788,3.2491190433502197,1.6439592838287354,1.4189456701278687,1.945399284362793,4.117338180541992,4.2749762535095215,0.7593944072723389,1.4270509481430054,0.9500780701637268,0.37466558814048767,1.1493279933929443,1.0213862657546997,0.4111894369125366,211.49188232421875,200.06796264648438,191.234130859375,196.9520263671875,247.43777465820312,265.57745361328125,250.39260864257812,3.1446340084075928,3.434121608734131,4.304651260375977,4.133052349090576,4.294947624206543,2.7923717498779297,1.7397949695587158,0.24635648727416992,0.45970797538757324,0.5785120725631714,0.2368360012769699,2.19069504737854,1.1150175333023071,0.7145058512687683
2025-03-31,6.34298038482666,8.48951530456543,5.50072717666626,65.40853881835938,1.2920809984207153,0.42270198464393616,173.2753448486328,1.7203375101089478,0.492555171251297,0.011912666261196136,11.31262493133545,0.9935779571533203,0.0450415313243866,1.6695011854171753,0.014093238860368729,0.03558209910988808,0.08000046014785767,0.7665221691131592,1.8995481729507446,0.5180627107620239,0.7333741188049316,3.243577241897583,6.1417717933654785,18.98990821838379,14.492372512817383,9.558677673339844,13.607630729675293,30.19228172302246,22.286483764648438,8.861900329589844,22.552064895629883,16.504989624023438,13.098067283630371,16.973751068115234,36.955467224121094,28.874767303466797,7.508033275604248,8.271915435791016,12.141935348510742,13.247150421142578,9.509950637817383,12.132086753845215,12.422094345092773,67.13106536865234,63.72111129760742,64.02346801757812,53.753231048583984,56.869781494140625,59.538116455078125,65.70558166503906,1.363701581954956,2.600827932357788,3.2491190433502197,1.6439592838287354,1.4189456701278687,1.945399284362793,4.117338180541992,0.4978480041027069,0.7593944072723389,1.4270509481430054,0.9500780701637268,0.37466558814048767,1.1493279933929443,1.0213862657546997,184.06736755371094,211.49188232421875,200.06796264648438,191.234130859375,196.9520263671875,247.43777465820312,265.57745361328125,3.0552124977111816,3.1446340084075928,3.434121608734131,4.304651260375977,4.133052349090576,4.294947624206543,2.7923717498779297,0.04930110275745392,0.24635648727416992,0.45970797538757324,0.5785120725631714,0.2368360012769699,2.19069504737854,1.1150175333023071
2025-04-01,5.7036919593811035,8.069305419921875,5.818767070770264,64.30818939208984,2.1512937545776367,0.6604781150817871,176.04653930664062,2.3035075664520264,0.6281746029853821,0.018578901886940002,13.108664512634277,1.2381478548049927,0.11612381041049957,1.0424634218215942,0.010367317125201225,0.04567205160856247,0.10624538362026215,0.6747344732284546,1.5990642309188843,0.5117225646972656,1.0808640718460083,2.7675929069519043,6.34298038482666,6.1417717933654785,18.98990821838379,14.492372512817383,9.558677673339844,13.607630729675293,30.19228172302246,8.48951530456543,8.861900329589844,22.552064895629883,16.504989624023438,13.098067283630371,16.973751068115234,36.955467224121094,5.50072717666626,7.508033275604248,8.271915435791016,12.141935348510742,13.247150421142578,9.509950637817383,12.132086753845215,65.40853881835938,67.13106536865234,63.72111129760742,64.02346801757812,53.753231048583984,56.869781494140625,59.538116455078125,1.2920809984207153,1.363701581954956,2.600827932357788,3.2491190433502197,1.6439592838287354,1.4189456701278687,1.945399284362793,0.42270198464393616,0.4978480041027069,0.7593944072723389,1.4270509481430054,0.9500780701637268,0.37466558814048767,1.1493279933929443,173.2753448486328,184.06736755371094,211.49188232421875,200.06796264648438,191.234130859375,196.9520263671875,247.43777465820312,1.7203375101089478,3.0552124977111816,3.1446340084075928,3.434121608734131,4.304651260375977,4.133052349090576,4.294947624206543,0.0450415313243866,0.04930110275745392,0.24635648727416992,0.45970797538757324,0.5785120725631714,0.2368360012769699,2.19069504737854
2025-04-02,10.182328224182129,13.048087120056152,6.4648919105529785,67.38220977783203,3.1583404541015625,0.7304611802101135,183.5223388671875,2.374964952468872,0.7398720979690552,0.022433755919337273,14.375025749206543,1.431963562965393,0.4984598159790039,0.7135367393493652,0.0729241892695427,0.16434118151664734,0.25710317492485046,1.0302385091781616,1.6697911024093628,1.2913572788238525,2.027981758117676,4.416145324707031,5.7036919593811035,6.34298038482666,6.1417717933654785,18.98990821838379,14.492372512817383,9.558677673339844,13.607630729675293,8.069305419921875,8.48951530456543,8.861900329589844,22.552064895629883,16.504989624023438,13.098067283630371,16.973751068115234,5.818767070770264,5.50072717666626,7.508033275604248,8.271915435791016,12.141935348510742,13.247150421142578,9.509950637817383,64.30818939208984,65.40853881835938,67.13106536865234,63.72111129760742,64.02346801757812,53.753231048583984,56.869781494140625,2.1512937545776367,1.2920809984207153,1.363701581954956,2.600827932357788,3.2491190433502197,1.6439592838287354,1.4189456701278687,0.6604781150817871,0.42270198464393616,0.4978480041027069,0.7593944072723389,1.4270509481430054,0.9500780701637268,0.37466558814048767,176.04653930664062,173.2753448486328,184.06736755371094,211.49188232421875,200.06796264648438,191.234130859375,196.9520263671875,2.3035075664520264,1.7203375101089478,3.0552124977111816,3.1446340084075928,3.434121608734131,4.304651260375977,4.133052349090576,0.11612381041049957,0.0450415313243866,0.04930110275745392,0.24635648727416992,0.45970797538757324,0.5785120725631714,0.2368360012769699
2025-04-03,6.030499458312988,10.193537712097168,8.40992259979248,66.87940216064453,3.472989797592163,1.1242773532867432,185.1038818359375,3.617427349090576,0.8856316804885864,0.030055798590183258,18.60561180114746,1.1381471157073975,0.13292832672595978,0.6691343784332275,0.022044900804758072,0.17400114238262177,0.26851582527160645,0.5769869089126587,1.019856572151184,0.6351081728935242,2.2272958755493164,2.385395050048828,10.182328224182129,5.7036919593811035,6.34298038482666,6.1417717933654785,18.98990821838379,14.492372512817383,9.558677673339844,13.048087120056152,8.069305419921875,8.48951530456543,8.861900329589844,22.552064895629883,16.504989624023438,13.098067283630371,6.4648919105529785,5.818767070770264,5.50072717666626,7.508033275604248,8.271915435791016,12.141935348510742,13.247150421142578,67.38220977783203,64.30818939208984,65.40853881835938,67.13106536865234,63.72111129760742,64.02346801757812,53.753231048583984,3.1583404541015625,2.1512937545776367,1.2920809984207153,1.363701581954956,2.600827932357788,3.2491190433502197,1.6439592838287354,0.7304611802101135,0.6604781150817871,0.42270198464393616,0.4978480041027069,0.7593944072723389,1.4270509481430054,0.9500780701637268,183.5223388671875,176.04653930664062,173.2753448486328,184.06736755371094,211.49188232421875,200.06796264648438,191.234130859375,2.374964952468872,2.3035075664520264,1.7203375101089478,3.0552124977111816,3.1446340084075928,3.434121608734131,4.304651260375977,0.4984598159790039,0.11612381041049957,0.0450415313243866,0.04930110275745392,0.24635648727416992,0.45970797538757324,0.5785120725631714
2025-04-04,8.50178050994873,11.758503913879395,9.555912017822266,64.8525161743164,3.3819615840911865,1.7032002210617065,192.95445251464844,4.655879020690918,1.154278039932251,0.05468796566128731,25.483243942260742,1.593245029449463,0.2318538874387741,0.4685826599597931,0.06269095838069916,0.17849387228488922,0.26210179924964905,1.0271470546722412,2.2452478408813477,0.7903749346733093,3.0179245471954346,4.476325035095215,6.030499458312988,10.182328224182129,5.7036919593811035,6.34298038482666,6.1417717933654785,18.98990821838379,14.492372512817383,10.193537712097168,13.048087120056152,8.069305419921875,8.48951530456543,8.861900329589844,22.552064895629883,16.504989624023438,8.40992259979248,6.4648919105529785,5.818767070770264,5.50072717666626,7.508033275604248,8.271915435791016,12.141935348510742,66.87940216064453,67.38220977783203,64.30818939208984,65.40853881835938,67.13106536865234,63.72111129760742,64.02346801757812,3.472989797592163,3.1583404541015625,2.1512937545776367,1.2920809984207153,1.363701581954956,2.600827932357788,3.2491190433502197,1.1242773532867432,0.7304611802101135,0.6604781150817871,0.42270198464393616,0.4978480041027069,0.7593944072723389,1.4270509481430054,185.1038818359375,183.5223388671875,176.04653930664062,173.2753448486328,184.06736755371094,211.49188232421875,200.06796264648438,3.617427349090576,2.374964952468872,2.3035075664520264,1.7203375101089478,3.0552124977111816,3.1446340084075928,3.434121608734131,0.13292832672595978,0.4984598159790039,0.11612381041049957,0.0450415313243866,0.04930110275745392,0.24635648727416992,0.45970797538757324
2025-04-05,5.451971054077148,8.067219734191895,3.8337721824645996,78.62208557128906,2.6605982780456543,0.26342254877090454,172.754150390625,1.9414770603179932,0.44792503118515015,0.008117753081023693,7.273623466491699,0.9418482780456543,0.30298304557800293,1.4078404903411865,0.2867763638496399,0.05439780279994011,0.1017419844865799,0.6196057796478271,1.0607843399047852,0.7341639399528503,1.1141791343688965,2.6786506175994873,8.50178050994873,6.030499458312988,10.182328224182129,5.7036919593811035,6.34298038482666,6.1417717933654785,18.98990821838379,11.758503913879395,10.193537712097168,13.048087120056152,8.069305419921875,8.48951530456543,8.861900329589844,22.552064895629883,9.555912017822266,8.40992259979248,6.4648919105529785,5.818767070770264,5.50072717666626,7.508033275604248,8.271915435791016,64.8525161743164,66.87940216064453,67.38220977783203,64.30818939208984,65.40853881835938,67.13106536865234,63.72111129760742,3.3819615840911865,3.472989797592163,3.1583404541015625,2.1512937545776367,1.2920809984207153,1.363701581954956,2.600827932357788,1.7032002210617065,1.1242773532867432,0.7304611802101135,0.6604781150817871,0.42270198464393616,0.4978480041027069,0.7593944072723389,192.95445251464844,185.1038818359375,183.5223388671875,176.04653930664062,173.2753448486328,184.06736755371094,211.49188232421875,4.655879020690918,3.617427349090576,2.374964952468872,2.3035075664520264,1.7203375101089478,3.0552124977111816,3.1446340084075928,0.2318538874387741,0.13292832672595978,0.4984598159790039,0.11612381041049957,0.0450415313243866,0.04930110275745392,0.24635648727416992
2025-04-06,2.7698168754577637,4.802948951721191,3.6066906452178955,86.44930267333984,1.5360301733016968,0.14647021889686584,176.3402099609375,2.022169828414917,0.3391171991825104,0.005268767010420561,6.5249810218811035,0.8012658953666687,0.4626880884170532,1.3875417709350586,0.25908488035202026,0.021380040794610977,0.053184572607278824,0.2956051230430603,0.30227604508399963,0.5262368321418762,0.4748011529445648,1.3238691091537476,5.451971054077148,8.50178050994873,6.030499458312988,10.182328224182129,5.7036919593811035,6.34298038482666,6.1417717933654785,8.067219734191895,11.758503913879395,10.193537712097168,13.048087120056152,8.069305419921875,8.48951530456543,8.861900329589844,3.8337721824645996,9.555912017822266,8.40992259979248,6.4648919105529785,5.818767070770264,5.50072717666626,7.508033275604248,78.62208557128906,64.8525161743164,66.87940216064453,67.38220977783203,64.30818939208984,65.40853881835938,67.13106536865234,2.6605982780456543,3.3819615840911865,3.472989797592163,3.1583404541015625,2.1512937545776367,1.2920809984207153,1.363701581954956,0.26342254877090454,1.7032002210617065,1.1242773532867432,0.7304611802101135,0.6604781150817871,0.42270198464393616,0.4978480041027069,172.754150390625,192.95445251464844,185.1038818359375,183.5223388671875,176.04653930664062,173.2753448486328,184.06736755371094,1.9414770603179932,4.655879020690918,3.617427349090576,2.374964952468872,2.3035075664520264,1.7203375101089478,3.0552124977111816,0.30298304557800293,0.2318538874387741,0.13292832672595978,0.4984598159790039,0.11612381041049957,0.0450415313243866,0.04930110275745392
2025-04-07,4.650205135345459,7.671467304229736,6.254063129425049,76.59691619873047,1.4912660121917725,0.47052502632141113,170.8298797607422,4.280377388000488,0.5615254640579224,0.016126254573464394,12.804004669189453,0.9827912449836731,0.6017147898674011,0.7099084258079529,0.037773262709379196,0.03366198390722275,0.09139808267354965,0.6347376704216003,1.2099825143814087,0.6038376092910767,0.7875370979309082,2.763411283493042,2.7698168754577637,5.451971054077148,8.50178050994873,6.030499458312988,10.182328224182129,5.7036919593811035,6.34298038482666,4.802948951721191,8.067219734191895,11.758503913879395,10.193537712097168,13.048087120056152,8.069305419921875,8.48951530456543,3.6066906452178955,3.8337721824645996,9.555912017822266,8.40992259979248,6.4648919105529785,5.818767070770264,5.50072717666626,86.44930267333984,78.62208557128906,64.8525161743164,66.87940216064453,67.38220977783203,64.30818939208984,65.40853881835938,1.5360301733016968,2.6605982780456543,3.3819615840911865,3.472989797592163,3.1583404541015625,2.1512937545776367,1.2920809984207153,0.14647021889686584,0.26342254877090454,1.7032002210617065,1.1242773532867432,0.7304611802101135,0.6604781150817871,0.42270198464393616,176.3402099609375,172.754150390625,192.95445251464844,185.1038818359375,183.5223388671875,176.04653930664062,173.2753448486328,2.022169828414917,1.9414770603179932,4.655879020690918,3.617427349090576,2.374964952468872,2.3035075664520264,1.7203375101089478,0.4626880884170532,0.30298304557800293,0.2318538874387741,0.13292832672595978,0.4984598159790039,0.11612381041049957,0.0450415313243866
2025-04-08,5.514232635498047,9.614792823791504,7.451650619506836,74.90176391601562,3.058650016784668,0.6445692181587219,180.566162109375,3.163672685623169,0.6017891764640808,0.01962253265082836,16.726593017578125,0.973617434501648,0.7886574268341064,1.1360969543457031,0.017162062227725983,0.07090011239051819,0.14397704601287842,0.6922764778137207,1.263866901397705,0.82630455493927,1.1390551328659058,2.8824050426483154,4.650205135345459,2.7698168754577637,5.451971054077148,8.50178050994873,6.030499458312988,10.182328224182129,5.7036919593811035,7.671467304229736,4.802948951721191,8.067219734191895,11.758503913879395,10.193537712097168,13.048087120056152,8.069305419921875,6.254063129425049,3.6066906452178955,3.8337721824645996,9.555912017822266,8.40992259979248,6.4648919105529785,5.818767070770264,76.59691619873047,86.44930267333984,78.62208557128906,64.8525161743164,66.87940216064453,67.38220977783203,64.30818939208984,1.4912660121917725,1.5360301733016968,2.6605982780456543,3.3819615840911865,3.472989797592163,3.1583404541015625,2.1512937545776367,0.47052502632141113,0.14647021889686584,0.26342254877090454,1.7032002210617065,1.1242773532867432,0.7304611802101135,0.6604781150817871,170.8298797607422,176.3402099609375,172.754150390625,192.95445251464844,185.1038818359375,183.5223388671875,176.04653930664062,4.280377388000488,2.022169828414917,1.9414770603179932,4.655879020690918,3.617427349090576,2.374964952468872,2.3035075664520264,0.6017147898674011,0.4626880884170532,0.30298304557800293,0.2318538874387741,0.13292832672595978,0.4984598159790039,0.11612381041049957
2025-04-09,8.24222183227539,14.10380744934082,8.647289276123047,73.29024505615234,1.8274316787719727,0.9636157155036926,180.6503143310547,5.231593132019043,0.7910886406898499,0.028330786153674126,18.0372257232666,1.5027220249176025,0.9577997922897339,0.8485023975372314,0.3186118006706238,0.05405641347169876,0.1385917365550995,1.2059181928634644,2.755086660385132,0.8580508232116699,1.5629702806472778,4.757339954376221,5.514232635498047,4.650205135345459,2.7698168754577637,5.451971054077148,8.50178050994873,6.030499458312988,10.182328224182129,9.614792823791504,7.671467304229736,4.802948951721191,8.067219734191895,11.758503913879395,10.193537712097168,13.048087120056152,7.451650619506836,6.254063129425049,3.6066906452178955,3.8337721824645996,9.555912017822266,8.40992259979248,6.4648919105529785,74.90176391601562,76.59691619873047,86.44930267333984,78.62208557128906,64.8525161743164,66.87940216064453,67.38220977783203,3.058650016784668,1.4912660121917725,1.5360301733016968,2.6605982780456543,3.3819615840911865,3.472989797592163,3.1583404541015625,0.6445692181587219,0.47052502632141113,0.14647021889686584,0.26342254877090454,1.7032002210617065,1.1242773532867432,0.7304611802101135,180.566162109375,170.8298797607422,176.3402099609375,172.754150390625,192.95445251464844,185.1038818359375,183.5223388671875,3.163672685623169,4.280377388000488,2.022169828414917,1.9414770603179932,4.655879020690918,3.617427349090576,2.374964952468872,0.7886574268341064,0.6017147898674011,0.4626880884170532,0.30298304557800293,0.2318538874387741,0.13292832672595978,0.4984598159790039
2025-04-10,9.714133262634277,15.432971954345703,5.542444229125977,77.96790313720703,1.1217812299728394,0.5366018414497375,163.70114135742188,4.008125305175781,0.6931406855583191,0.02302265726029873,13.015341758728027,1.3245515823364258,0.8688472509384155,2.0654428005218506,0.12916164100170135,0.03162837773561478,0.109405517578125,1.2958678007125854,2.579969882965088,1.273432970046997,1.1501836776733398,5.322164058685303,8.24222183227539,5.514232635498047,4.650205135345459,2.7698168754577637,5.451971054077148,8.50178050994873,6.030499458312988,14.10380744934082,9.614792823791504,7.671467304229736,4.802948951721191,8.067219734191895,11.758503913879395,10.193537712097168,8.647289276123047,7.451650619506836,6.254063129425049,3.6066906452178955,3.8337721824645996,9.555912017822266,8.40992259979248,73.29024505615234,74.90176391601562,76.59691619873047,86.44930267333984,78.62208557128906,64.8525161743164,66.87940216064453,1.8274316787719727,3.058650016784668,1.4912660121917725,1.5360301733016968,2.6605982780456543,3.3819615840911865,3.472989797592163,0.9636157155036926,0.6445692181587219,0.47052502632141113,0.14647021889686584,0.26342254877090454,1.7032002210617065,1.1242773532867432,180.6503143310547,180.566162109375,170.8298797607422,176.3402099609375,172.754150390625,192.95445251464844,185.1038818359375,5.231593132019043,3.163672685623169,4.280377388000488,2.022169828414917,1.9414770603179932,4.655879020690918,3.617427349090576,0.9577997922897339,0.7886574268341064,0.6017147898674011,0.4626880884170532,0.30298304557800293,0.2318538874387741,0.13292832672595978
2025-04-11,12.083740234375,19.913307189941406,7.100220680236816,81.73211669921875,1.0893938541412354,0.31443145871162415,169.3456268310547,3.2749621868133545,0.7018477320671082,0.01764940842986107,13.568475723266602,1.2398799657821655,1.1931288242340088,2.283005952835083,0.2673143446445465,0.032416827976703644,0.11989527940750122,1.6251269578933716,3.241917848587036,1.3849698305130005,1.1779820919036865,6.603078842163086,9.714133262634277,8.24222183227539,5.514232635498047,4.650205135345459,2.7698168754577637,5.451971054077148,8.50178050994873,15.432971954345703,14.10380744934082,9.614792823791504,7.671467304229736,4.802948951721191,8.067219734191895,11.758503913879395,5.542444229125977,8.647289276123047,7.451650619506836,6.254063129425049,3.6066906452178955,3.8337721824645996,9.555912017822266,77.96790313720703,73.29024505615234,74.90176391601562,76.59691619873047,86.44930267333984,78.62208557128906,64.8525161743164,1.1217812299728394,1.8274316787719727,3.058650016784668,1.4912660121917725,1.5360301733016968,2.6605982780456543,3.3819615840911865,0.5366018414497375,0.9636157155036926,0.6445692181587219,0.47052502632141113,0.14647021889686584,0.26342254877090454,1.7032002210617065,163.70114135742188,180.6503143310547,180.566162109375,170.8298797607422,176.3402099609375,172.754150390625,192.95445251464844,4.008125305175781,5.231593132019043,3.163672685623169,4.280377388000488,2.022169828414917,1.9414770603179932,4.655879020690918,0.8688472509384155,0.9577997922897339,0.7886574268341064,0.6017147898674011,0.4626880884170532,0.30298304557800293,0.2318538874387741
2025-04-12,10.396329879760742,15.82050609588623,8.259644508361816,66.500244140625,1.4518887996673584,0.4434549808502197,174.79855346679688,4.201203346252441,0.8813897371292114,0.028362387791275978,13.97839641571045,1.1471272706985474,0.9053685069084167,1.9569520950317383,0.0977759137749672,0.04747120663523674,0.12789298593997955,1.363486647605896,2.87701153755188,1.1938531398773193,1.50728440284729,5.550701141357422,12.083740234375,9.714133262634277,8.24222183227539,5.514232635498047,4.650205135345459,2.7698168754577637,5.451971054077148,19.913307189941406,15.432971954345703,14.10380744934082,9.614792823791504,7.671467304229736,4.802948951721191,8.067219734191895,7.100220680236816,5.542444229125977,8.647289276123047,7.451650619506836,6.254063129425049,3.6066906452178955,3.8337721824645996,81.73211669921875,77.96790313720703,73.29024505615234,74.90176391601562,76.59691619873047,86.44930267333984,78.62208557128906,1.0893938541412354,1.1217812299728394,1.8274316787719727,3.058650016784668,1.4912660121917725,1.5360301733016968,2.6605982780456543,0.31443145871162415,0.5366018414497375,0.9636157155036926,0.6445692181587219,0.47052502632141113,0.14647021889686584,0.26342254877090454,169.3456268310547,163.70114135742188,180.6503143310547,180.566162109375,170.8298797607422,176.3402099609375,172.754150390625,3.2749621868133545,4.008125305175781,5.231593132019043,3.163672685623169,4.280377388000488,2.022169828414917,1.9414770603179932,1.1931288242340088,0.8688472509384155,0.9577997922897339,0.7886574268341064,0.6017147898674011,0.4626880884170532,0.30298304557800293
2025-04-13,10.239540100097656,15.600001335144043,6.879157066345215,76.05769348144531,1.7436672449111938,0.42309069633483887,184.3350830078125,5.079862117767334,1.137298822402954,0.03738570585846901,14.710759162902832,2.090444326400757,1.4495351314544678,0.5482857823371887,0.1583220213651657,0.07800659537315369,0.15182022750377655,1.1864498853683472,2.1851413249969482,1.0819669961929321,2.1660139560699463,4.871023654937744,10.396329879760742,12.083740234375,9.714133262634277,8.24222183227539,5.514232635498047,4.650205135345459,2.7698168754577637,15.82050609588623,19.913307189941406,15.432971954345703,14.10380744934082,9.614792823791504,7.671467304229736,4.802948951721191,8.259644508361816,7.100220680236816,5.542444229125977,8.647289276123047,7.451650619506836,6.254063129425049,3.6066906452178955,66.500244140625,81.73211669921875,77.96790313720703,73.29024505615234,74.90176391601562,76.59691619873047,86.44930267333984,1.4518887996673584,1.0893938541412354,1.1217812299728394,1.8274316787719727,3.058650016784668,1.4912660121917725,1.5360301733016968,0.4434549808502197,0.31443145871162415,0.5366018414497375,0.9636157155036926,0.6445692181587219,0.47052502632141113,0.14647021889686584,174.79855346679688,169.3456268310547,163.70114135742188,180.6503143310547,180.566162109375,170.8298797607422,176.3402099609375,4.201203346252441,3.2749621868133545,4.008125305175781,5.231593132019043,3.163672685623169,4.280377388000488,2.022169828414917,0.9053685069084167,1.1931288242340088,0.8688472509384155,0.9577997922897339,0.7886574268341064,0.6017147898674011,0.4626880884170532
2025-04-14,11.45097541809082,16.20361328125,8.006613731384277,80.21195220947266,1.7384765148162842,0.9214398264884949,182.7273712158203,4.731813907623291,1.256243348121643,0.05251215025782585,21.910335540771484,3.0255002975463867,1.3281406164169312,0.2167537808418274,0.16895954310894012,0.06581517308950424,0.15640459954738617,1.6120412349700928,3.6825811862945557,1.2785769701004028,2.034457206726074,6.955554962158203,10.239540100097656,10.396329879760742,12.083740234375,9.714133262634277,8.24222183227539,5.514232635498047,4.650205135345459,15.600001335144043,15.82050609588623,19.913307189941406,15.432971954345703,14.10380744934082,9.614792823791504,7.671467304229736,6.879157066345215,8.259644508361816,7.100220680236816,5.542444229125977,8.647289276123047,7.451650619506836,6.254063129425049,76.05769348144531,66.500244140625,81.73211669921875,77.96790313720703,73.29024505615234,74.90176391601562,76.59691619873047,1.7436672449111938,1.4518887996673584,1.0893938541412354,1.1217812299728394,1.8274316787719727,3.058650016784668,1.4912660121917725,0.42309069633483887,0.4434549808502197,0.31443145871162415,0.5366018414497375,0.9636157155036926,0.6445692181587219,0.47052502632141113,184.3350830078125,174.79855346679688,169.3456268310547,163.70114135742188,180.6503143310547,180.566162109375,170.8298797607422,5.079862117767334,4.201203346252441,3.2749621868133545,4.008125305175781,5.231593132019043,3.163672685623169,4.280377388000488,1.4495351314544678,0.9053685069084167,1.1931288242340088,0.8688472509384155,0.9577997922897339,0.7886574268341064,0.6017147898674011
2025-04-15,11.52315616607666,17.181533813476562,6.119701385498047,77.58942413330078,2.814955949783325,0.5409260988235474,187.7609100341797,3.1180074214935303,1.2967087030410767,0.04803057014942169,16.81052589416504,2.5904996395111084,2.0660994052886963,0.15603111684322357,0.07842482626438141,0.19807589054107666,0.29527705907821655,1.2703081369400024,2.2280027866363525,1.6375890970230103,2.860626220703125,5.2753119468688965,11.45097541809082,10.239540100097656,10.396329879760742,12.083740234375,9.714133262634277,8.24222183227539,5.514232635498047,16.20361328125,15.600001335144043,15.82050609588623,19.913307189941406,15.432971954345703,14.10380744934082,9.614792823791504,8.006613731384277,6.879157066345215,8.259644508361816,7.100220680236816,5.542444229125977,8.647289276123047,7.451650619506836,80.21195220947266,76.05769348144531,66.500244140625,81.73211669921875,77.96790313720703,73.29024505615234,74.90176391601562,1.7384765148162842,1.7436672449111938,1.4518887996673584,1.0893938541412354,1.1217812299728394,1.8274316787719727,3.058650016784668,0.9214398264884949,0.42309069633483887,0.4434549808502197,0.31443145871162415,0.5366018414497375,0.9636157155036926,0.6445692181587219,182.7273712158203,184.3350830078125,174.79855346679688,169.3456268310547,163.70114135742188,180.6503143310547,180.566162109375,4.731813907623291,5.079862117767334,4.201203346252441,3.2749621868133545,4.008125305175781,5.231593132019043,3.163672685623169,1.3281406164169312,1.4495351314544678,0.9053685069084167,1.1931288242340088,0.8688472509384155,0.9577997922897339,0.7886574268341064
2025-04-16,8.623044967651367,13.546910285949707,6.837062835693359,76.05248260498047,1.902782678604126,0.7559552788734436,180.51898193359375,3.8289172649383545,1.4735984802246094,0.06107241287827492,20.526588439941406,2.5554540157318115,0.9577614665031433,0.09516030550003052,0.07260127365589142,0.07786751538515091,0.1719406694173813,0.7490863800048828,1.454519510269165,0.9423424005508423,2.380291700363159,3.3675343990325928,11.52315616607666,11.45097541809082,10.239540100097656,10.396329879760742,12.083740234375,9.714133262634277,8.24222183227539,17.181533813476562,16.20361328125,15.600001335144043,15.82050609588623,19.913307189941406,15.432971954345703,14.10380744934082,6.119701385498047,8.006613731384277,6.879157066345215,8.259644508361816,7.100220680236816,5.542444229125977,8.647289276123047,77.58942413330078,80.21195220947266,76.05769348144531,66.500244140625,81.73211669921875,77.96790313720703,73.29024505615234,2.814955949783325,1.7384765148162842,1.7436672449111938,1.4518887996673584,1.0893938541412354,1.1217812299728394,1.8274316787719727,0.5409260988235474,0.9214398264884949,0.42309069633483887,0.4434549808502197,0.31443145871162415,0.5366018414497375,0.9636157155036926,187.7609100341797,182.7273712158203,184.3350830078125,174.79855346679688,169.3456268310547,163.70114135742188,180.6503143310547,3.1180074214935303,4.731813907623291,5.079862117767334,4.201203346252441,3.2749621868133545,4.008125305175781,5.231593132019043,2.0660994052886963,1.3281406164169312,1.4495351314544678,0.9053685069084167,1.1931288242340088,0.8688472509384155,0.9577997922897339
2025-04-17,14.583385467529297,31.281478881835938,7.4906768798828125,76.2389144897461,2.4861323833465576,0.5763168931007385,169.22030639648438,4.0662617683410645,1.5545167922973633,0.04473014175891876,17.501510620117188,1.542665958404541,17.952438354492188,0.7175441980361938,0.024239182472229004,0.1177126094698906,0.1990928202867508,0.6677727699279785,0.7197793126106262,1.5724962949752808,2.4617528915405273,3.1475589275360107,8.623044967651367,11.52315616607666,11.45097541809082,10.239540100097656,10.396329879760742,12.083740234375,9.714133262634277,13.546910285949707,17.181533813476562,16.20361328125,15.600001335144043,15.82050609588623,19.913307189941406,15.432971954345703,6.837062835693359,6.119701385498047,8.006613731384277,6.879157066345215,8.259644508361816,7.100220680236816,5.542444229125977,76.05248260498047,77.58942413330078,80.21195220947266,76.05769348144531,66.500244140625,81.73211669921875,77.96790313720703,1.902782678604126,2.814955949783325,1.7384765148162842,1.7436672449111938,1.4518887996673584,1.0893938541412354,1.1217812299728394,0.7559552788734436,0.5409260988235474,0.9214398264884949,0.42309069633483887,0.4434549808502197,0.31443145871162415,0.5366018414497375,180.51898193359375,187.7609100341797,182.7273712158203,184.3350830078125,174.79855346679688,169.3456268310547,163.70114135742188,3.8289172649383545,3.1180074214935303,4.731813907623291,5.079862117767334,4.201203346252441,3.2749621868133545,4.008125305175781,0.9577614665031433,2.0660994052886963,1.3281406164169312,1.4495351314544678,0.9053685069084167,1.1931288242340088,0.8688472509384155
2025-04-18,13.043618202209473,17.971338272094727,6.969778060913086,44.59670639038086,1.2647939920425415,0.5810511708259583,171.59104919433594,4.307384967803955,1.012905478477478,0.034132957458496094,20.12724494934082,1.9032138586044312,5.637020587921143,0.28722405433654785,0.0372081957757473,0.06759136915206909,0.17003372311592102,1.2935352325439453,2.420558452606201,1.4020044803619385,1.9918572902679443,5.7725324630737305,14.583385467529297,8.623044967651367,11.52315616607666,11.45097541809082,10.239540100097656,10.396329879760742,12.083740234375,31.281478881835938,13.546910285949707,17.181533813476562,16.20361328125,15.600001335144043,15.82050609588623,19.913307189941406,7.4906768798828125,6.837062835693359,6.119701385498047,8.006613731384277,6.879157066345215,8.259644508361816,7.100220680236816,76.2389144897461,76.05248260498047,77.58942413330078,80.21195220947266,76.05769348144531,66.500244140625,81.73211669921875,2.4861323833465576,1.902782678604126,2.814955949783325,1.7384765148162842,1.7436672449111938,1.4518887996673584,1.0893938541412354,0.5763168931007385,0.7559552788734436,0.5409260988235474,0.9214398264884949,0.42309069633483887,0.4434549808502197,0.31443145871162415,169.22030639648438,180.51898193359375,187.7609100341797,182.7273712158203,184.3350830078125,174.79855346679688,169.3456268310547,4.0662617683410645,3.8289172649383545,3.1180074214935303,4.731813907623291,5.079862117767334,4.201203346252441,3.2749621868133545,17.952438354492188,0.9577614665031433,2.0660994052886963,1.3281406164169312,1.4495351314544678,0.9053685069084167,1.1931288242340088
2025-04-19,5.89542293548584,7.3231048583984375,6.313876152038574,55.09809875488281,1.2173056602478027,0.3345046639442444,181.0843048095703,2.613389253616333,0.560151994228363,0.015506617724895477,15.804241180419922,1.3971489667892456,0.5389123558998108,0.23168130218982697,0.006735676899552345,0.03903178125619888,0.10424685478210449,0.6459288597106934,1.35099196434021,0.5118398666381836,0.7491098046302795,2.762408494949341,13.043618202209473,14.583385467529297,8.623044967651367,11.52315616607666,11.45097541809082,10.239540100097656,10.396329879760742,17.971338272094727,31.281478881835938,13.546910285949707,17.181533813476562,16.20361328125,15.600001335144043,15.82050609588623,6.969778060913086,7.4906768798828125,6.837062835693359,6.119701385498047,8.006613731384277,6.879157066345215,8.259644508361816,44.59670639038086,76.2389144897461,76.05248260498047,77.58942413330078,80.21195220947266,76.05769348144531,66.500244140625,1.2647939920425415,2.4861323833465576,1.902782678604126,2.814955949783325,1.7384765148162842,1.7436672449111938,1.4518887996673584,0.5810511708259583,0.5763168931007385,0.7559552788734436,0.5409260988235474,0.9214398264884949,0.42309069633483887,0.4434549808502197,171.59104919433594,169.22030639648438,180.51898193359375,187.7609100341797,182.7273712158203,184.3350830078125,174.79855346679688,4.307384967803955,4.0662617683410645,3.8289172649383545,3.1180074214935303,4.731813907623291,5.079862117767334,4.201203346252441,5.637020587921143,17.952438354492188,0.9577614665031433,2.0660994052886963,1.3281406164169312,1.4495351314544678,0.9053685069084167
2025-04-20,12.212471008300781,15.148331642150879,6.709561347961426,70.12091827392578,1.9680994749069214,0.7977731823921204,202.04824829101562,4.148524284362793,1.1262915134429932,0.04205378144979477,17.859018325805664,2.2920289039611816,0.7568467855453491,0.23412640392780304,0.009700926020741463,0.06572848558425903,0.14624564349651337,1.5602757930755615,3.6345276832580566,1.1185033321380615,1.903812050819397,6.704113006591797,5.89542293548584,13.043618202209473,14.583385467529297,8.623044967651367,11.52315616607666,11.45097541809082,10.239540100097656,7.3231048583984375,17.971338272094727,31.281478881835938,13.546910285949707,17.181533813476562,16.20361328125,15.600001335144043,6.313876152038574,6.969778060913086,7.4906768798828125,6.837062835693359,6.119701385498047,8.006613731384277,6.879157066345215,55.09809875488281,44.59670639038086,76.2389144897461,76.05248260498047,77.58942413330078,80.21195220947266,76.05769348144531,1.2173056602478027,1.2647939920425415,2.4861323833465576,1.902782678604126,2.814955949783325,1.7384765148162842,1.7436672449111938,0.3345046639442444,0.5810511708259583,0.5763168931007385,0.7559552788734436,0.5409260988235474,0.9214398264884949,0.42309069633483887,181.0843048095703,171.59104919433594,169.22030639648438,180.51898193359375,187.7609100341797,182.7273712158203,184.3350830078125,2.613389253616333,4.307384967803955,4.0662617683410645,3.8289172649383545,3.1180074214935303,4.731813907623291,5.079862117767334,0.5389123558998108,5.637020587921143,17.952438354492188,0.9577614665031433,2.0660994052886963,1.3281406164169312,1.4495351314544678
2025-04-21,11.22382926940918,13.989137649536133,8.580574989318848,71.55020904541016,1.879613995552063,0.6950138807296753,211.8885498046875,4.337634086608887,1.295215368270874,0.06568809598684311,28.794477462768555,2.868147373199463,0.622744619846344,0.19790233671665192,0.01740911230444908,0.07140477746725082,0.1984434872865677,1.4714041948318481,3.496184825897217,0.9703767895698547,2.7679574489593506,6.254042625427246,12.212471008300781,5.89542293548584,13.043618202209473,14.583385467529297,8.623044967651367,11.52315616607666,11.45097541809082,15.148331642150879,7.3231048583984375,17.971338272094727,31.281478881835938,13.546910285949707,17.181533813476562,16.20361328125,6.709561347961426,6.313876152038574,6.969778060913086,7.4906768798828125,6.837062835693359,6.119701385498047,8.006613731384277,70.12091827392578,55.09809875488281,44.59670639038086,76.2389144897461,76.05248260498047,77.58942413330078,80.21195220947266,1.9680994749069214,1.2173056602478027,1.2647939920425415,2.4861323833465576,1.902782678604126,2.814955949783325,1.7384765148162842,0.7977731823921204,0.3345046639442444,0.5810511708259583,0.5763168931007385,0.7559552788734436,0.5409260988235474,0.9214398264884949,202.04824829101562,181.0843048095703,171.59104919433594,169.22030639648438,180.51898193359375,187.7609100341797,182.7273712158203,4.148524284362793,2.613389253616333,4.307384967803955,4.0662617683410645,3.8289172649383545,3.1180074214935303,4.731813907623291,0.7568467855453491,0.5389123558998108,5.637020587921143,17.952438354492188,0.9577614665031433,2.0660994052886963,1.3281406164169312
2025-04-22,7.506166934967041,10.033453941345215,8.420206069946289,70.33604431152344,1.4402925968170166,0.6436917185783386,192.35267639160156,3.760084867477417,1.2025419473648071,0.052202723920345306,27.52396011352539,2.984098196029663,0.1662685126066208,0.1846882700920105,0.028854943811893463,0.05703947693109512,0.1644095927476883,0.9322629570960999,2.243983268737793,0.7142196297645569,1.8693302869796753,3.954396963119507,11.22382926940918,12.212471008300781,5.89542293548584,13.043618202209473,14.583385467529297,8.623044967651367,11.52315616607666,13.989137649536133,15.148331642150879,7.3231048583984375,17.971338272094727,31.281478881835938,13.546910285949707,17.181533813476562,8.580574989318848,6.709561347961426,6.313876152038574,6.969778060913086,7.4906768798828125,6.837062835693359,6.119701385498047,71.55020904541016,70.12091827392578,55.09809875488281,44.59670639038086,76.2389144897461,76.05248260498047,77.58942413330078,1.879613995552063,1.9680994749069214,1.2173056602478027,1.2647939920425415,2.4861323833465576,1.902782678604126,2.814955949783325,0.6950138807296753,0.7977731823921204,0.3345046639442444,0.5810511708259583,0.5763168931007385,0.7559552788734436,0.5409260988235474,211.8885498046875,202.04824829101562,181.0843048095703,171.59104919433594,169.22030639648438,180.51898193359375,187.7609100341797,4.337634086608887,4.148524284362793,2.613389253616333,4.307384967803955,4.0662617683410645,3.8289172649383545,3.1180074214935303,0.622744619846344,0.7568467855453491,0.5389123558998108,5.637020587921143,17.952438354492188,0.9577614665031433,2.0660994052886963
2025-04-23,13.045821189880371,15.990617752075195,8.021743774414062,65.73980712890625,1.7008739709854126,1.0080139636993408,197.8389434814453,4.013486862182617,1.3265711069107056,0.06849859654903412,28.010547637939453,3.7060205936431885,0.1630237102508545,0.1646595448255539,0.10591194778680801,0.0783105194568634,0.2013120949268341,1.852103590965271,4.92852258682251,1.280994176864624,2.710238456726074,8.207975387573242,7.506166934967041,11.22382926940918,12.212471008300781,5.89542293548584,13.043618202209473,14.583385467529297,8.623044967651367,10.033453941345215,13.989137649536133,15.148331642150879,7.3231048583984375,17.971338272094727,31.281478881835938,13.546910285949707,8.420206069946289,8.580574989318848,6.709561347961426,6.313876152038574,6.969778060913086,7.4906768798828125,6.837062835693359,70.33604431152344,71.55020904541016,70.12091827392578,55.09809875488281,44.59670639038086,76.2389144897461,76.05248260498047,1.4402925968170166,1.879613995552063,1.9680994749069214,1.2173056602478027,1.2647939920425415,2.4861323833465576,1.902782678604126,0.6436917185783386,0.6950138807296753,0.7977731823921204,0.3345046639442444,0.5810511708259583,0.5763168931007385,0.7559552788734436,192.35267639160156,211.8885498046875,202.04824829101562,181.0843048095703,171.59104919433594,169.22030639648438,180.51898193359375,3.760084867477417,4.337634086608887,4.148524284362793,2.613389253616333,4.307384967803955,4.0662617683410645,3.8289172649383545,0.1662685126066208,0.622744619846344,0.7568467855453491,0.5389123558998108,5.637020587921143,17.952438354492188,0.9577614665031433
2025-04-24,8.551304817199707,11.327741622924805,5.04592227935791,79.51061248779297,1.9761689901351929,0.39408746361732483,155.78172302246094,2.7353410720825195,0.874173641204834,0.023197993636131287,13.855443000793457,2.315432071685791,0.5008982419967651,0.23273269832134247,0.01754971407353878,0.11746061593294144,0.18806926906108856,1.1415899991989136,2.7735612392425537,0.962674081325531,1.7764745950698853,5.035676002502441,13.045821189880371,7.506166934967041,11.22382926940918,12.212471008300781,5.89542293548584,13.043618202209473,14.583385467529297,15.990617752075195,10.033453941345215,13.989137649536133,15.148331642150879,7.3231048583984375,17.971338272094727,31.281478881835938,8.021743774414062,8.420206069946289,8.580574989318848,6.709561347961426,6.313876152038574,6.969778060913086,7.4906768798828125,65.73980712890625,70.33604431152344,71.55020904541016,70.12091827392578,55.09809875488281,44.59670639038086,76.2389144897461,1.7008739709854126,1.4402925968170166,1.879613995552063,1.9680994749069214,1.2173056602478027,1.2647939920425415,2.4861323833465576,1.0080139636993408,0.6436917185783386,0.6950138807296753,0.7977731823921204,0.3345046639442444,0.5810511708259583,0.5763168931007385,197.8389434814453,192.35267639160156,211.8885498046875,202.04824829101562,181.0843048095703,171.59104919433594,169.22030639648438,4.013486862182617,3.760084867477417,4.337634086608887,4.148524284362793,2.613389253616333,4.307384967803955,4.0662617683410645,0.1630237102508545,0.1662685126066208,0.622744619846344,0.7568467855453491,0.5389123558998108,5.637020587921143,17.952438354492188
2025-04-25,7.299065589904785,10.303070068359375,3.998713493347168,79.7841567993164,2.0199978351593018,0.44605696201324463,160.0714111328125,1.6578458547592163,0.7094560265541077,0.01934218592941761,11.172962188720703,1.5693459510803223,0.49480488896369934,0.5118480324745178,0.003212012816220522,0.08659400790929794,0.14141598343849182,0.9124171733856201,1.3541758060455322,1.3553111553192139,1.3317797183990479,3.7691268920898438,8.551304817199707,13.045821189880371,7.506166934967041,11.22382926940918,12.212471008300781,5.89542293548584,13.043618202209473,11.327741622924805,15.990617752075195,10.033453941345215,13.989137649536133,15.148331642150879,7.3231048583984375,17.971338272094727,5.04592227935791,8.021743774414062,8.420206069946289,8.580574989318848,6.709561347961426,6.313876152038574,6.969778060913086,79.51061248779297,65.73980712890625,70.33604431152344,71.55020904541016,70.12091827392578,55.09809875488281,44.59670639038086,1.9761689901351929,1.7008739709854126,1.4402925968170166,1.879613995552063,1.9680994749069214,1.2173056602478027,1.2647939920425415,0.39408746361732483,1.0080139636993408,0.6436917185783386,0.6950138807296753,0.7977731823921204,0.3345046639442444,0.5810511708259583,155.78172302246094,197.8389434814453,192.35267639160156,211.8885498046875,202.04824829101562,181.0843048095703,171.59104919433594,2.7353410720825195,4.013486862182617,3.760084867477417,4.337634086608887,4.148524284362793,2.613389253616333,4.307384967803955,0.5008982419967651,0.1630237102508545,0.1662685126066208,0.622744619846344,0.7568467855453491,0.5389123558998108,5.637020587921143
2025-04-26,4.366357803344727,7.666533470153809,3.8283658027648926,80.76079559326172,1.6393272876739502,0.34559202194213867,164.6141815185547,2.230099678039551,0.6210693717002869,0.013878671452403069,8.146514892578125,1.0893718004226685,0.5979743003845215,0.47676196694374084,0.0017483311239629984,0.12312304228544235,0.16512541472911835,0.39520037174224854,0.5717377662658691,0.7155902981758118,1.5003303289413452,1.6539833545684814,7.299065589904785,8.551304817199707,13.045821189880371,7.506166934967041,11.22382926940918,12.212471008300781,5.89542293548584,10.303070068359375,11.327741622924805,15.990617752075195,10.033453941345215,13.989137649536133,15.148331642150879,7.3231048583984375,3.998713493347168,5.04592227935791,8.021743774414062,8.420206069946289,8.580574989318848,6.709561347961426,6.313876152038574,79.7841567993164,79.51061248779297,65.73980712890625,70.33604431152344,71.55020904541016,70.12091827392578,55.09809875488281,2.0199978351593018,1.9761689901351929,1.7008739709854126,1.4402925968170166,1.879613995552063,1.9680994749069214,1.2173056602478027,0.44605696201324463,0.39408746361732483,1.0080139636993408,0.6436917185783386,0.6950138807296753,0.7977731823921204,0.3345046639442444,160.0714111328125,155.78172302246094,197.8389434814453,192.35267639160156,211.8885498046875,202.04824829101562,181.0843048095703,1.6578458547592163,2.7353410720825195,4.013486862182617,3.760084867477417,4.337634086608887,4.148524284362793,2.613389253616333,0.49480488896369934,0.5008982419967651,0.1630237102508545,0.1662685126066208,0.622744619846344,0.7568467855453491,0.5389123558998108
2025-04-27,6.582459449768066,11.429075241088867,4.802433967590332,84.9004135131836,2.3692455291748047,0.41481393575668335,183.04177856445312,3.050095319747925,0.7637394666671753,0.017835017293691635,9.18738842010498,1.3683115243911743,0.6394495368003845,0.44312432408332825,0.004483029246330261,0.20841629803180695,0.25902095437049866,0.7043587565422058,1.3411520719528198,0.850487232208252,2.1402134895324707,2.9940640926361084,4.366357803344727,7.299065589904785,8.551304817199707,13.045821189880371,7.506166934967041,11.22382926940918,12.212471008300781,7.666533470153809,10.303070068359375,11.327741622924805,15.990617752075195,10.033453941345215,13.989137649536133,15.148331642150879,3.8283658027648926,3.998713493347168,5.04592227935791,8.021743774414062,8.420206069946289,8.580574989318848,6.709561347961426,80.76079559326172,79.7841567993164,79.51061248779297,65.73980712890625,70.33604431152344,71.55020904541016,70.12091827392578,1.6393272876739502,2.0199978351593018,1.9761689901351929,1.7008739709854126,1.4402925968170166,1.879613995552063,1.9680994749069214,0.34559202194213867,0.44605696201324463,0.39408746361732483,1.0080139636993408,0.6436917185783386,0.6950138807296753,0.7977731823921204,164.6141815185547,160.0714111328125,155.78172302246094,197.8389434814453,192.35267639160156,211.8885498046875,202.04824829101562,2.230099678039551,1.6578458547592163,2.7353410720825195,4.013486862182617,3.760084867477417,4.337634086608887,4.148524284362793,0.5979743003845215,0.49480488896369934,0.5008982419967651,0.1630237102508545,0.1662685126066208,0.622744619846344,0.7568467855453491
2025-04-28,8.144216537475586,14.16252326965332,8.338583946228027,90.68882751464844,2.7314083576202393,1.1226972341537476,198.88818359375,4.117586612701416,1.0729740858078003,0.04367278516292572,18.541133880615234,1.9307194948196411,0.7525060772895813,0.3125491738319397,0.019109398126602173,0.23097358644008636,0.32177844643592834,0.9522407054901123,1.753999948501587,1.038548469543457,3.0654027462005615,3.912766695022583,6.582459449768066,4.366357803344727,7.299065589904785,8.551304817199707,13.045821189880371,7.506166934967041,11.22382926940918,11.429075241088867,7.666533470153809,10.303070068359375,11.327741622924805,15.990617752075195,10.033453941345215,13.989137649536133,4.802433967590332,3.8283658027648926,3.998713493347168,5.04592227935791,8.021743774414062,8.420206069946289,8.580574989318848,84.9004135131836,80.76079559326172,79.7841567993164,79.51061248779297,65.73980712890625,70.33604431152344,71.55020904541016,2.3692455291748047,1.6393272876739502,2.0199978351593018,1.9761689901351929,1.7008739709854126,1.4402925968170166,1.879613995552063,0.41481393575668335,0.34559202194213867,0.44605696201324463,0.39408746361732483,1.0080139636993408,0.6436917185783386,0.6950138807296753,183.04177856445312,164.6141815185547,160.0714111328125,155.78172302246094,197.8389434814453,192.35267639160156,211.8885498046875,3.050095319747925,2.230099678039551,1.6578458547592163,2.7353410720825195,4.013486862182617,3.760084867477417,4.337634086608887,0.6394495368003845,0.5979743003845215,0.49480488896369934,0.5008982419967651,0.1630237102508545,0.1662685126066208,0.622744619846344
2025-04-29,7.8072190284729,13.235886573791504,7.5074076652526855,78.10913848876953,1.3124685287475586,0.7762014269828796,169.9774932861328,5.385863780975342,1.0917637348175049,0.0391441285610199,19.043684005737305,1.445872187614441,0.642145574092865,1.0645874738693237,0.17977850139141083,0.0603681243956089,0.14501537382602692,1.0320417881011963,2.106598138809204,0.9294823408126831,1.9928109645843506,4.378657341003418,8.144216537475586,6.582459449768066,4.366357803344727,7.299065589904785,8.551304817199707,13.045821189880371,7.506166934967041,14.16252326965332,11.429075241088867,7.666533470153809,10.303070068359375,11.327741622924805,15.990617752075195,10.033453941345215,8.338583946228027,4.802433967590332,3.8283658027648926,3.998713493347168,5.04592227935791,8.021743774414062,8.420206069946289,90.68882751464844,84.9004135131836,80.76079559326172,79.7841567993164,79.51061248779297,65.73980712890625,70.33604431152344,2.7314083576202393,2.3692455291748047,1.6393272876739502,2.0199978351593018,1.9761689901351929,1.7008739709854126,1.4402925968170166,1.1226972341537476,0.41481393575668335,0.34559202194213867,0.44605696201324463,0.39408746361732483,1.0080139636993408,0.6436917185783386,198.88818359375,183.04177856445312,164.6141815185547,160.0714111328125,155.78172302246094,197.8389434814453,192.35267639160156,4.117586612701416,3.050095319747925,2.230099678039551,1.6578458547592163,2.7353410720825195,4.013486862182617,3.760084867477417,0.7525060772895813,0.6394495368003845,0.5979743003845215,0.49480488896369934,0.5008982419967651,0.1630237102508545,0.1662685126066208
2025-04-30,4.485953330993652,7.0712127685546875,5.826736927032471,71.50814056396484,0.9353922009468079,0.7109524607658386,153.24154663085938,4.414391040802002,1.0885738134384155,0.03712611645460129,17.340951919555664,0.9932202100753784,0.39893555641174316,1.0023959875106812,0.15449374914169312,0.03162287548184395,0.11043693870306015,0.39413052797317505,0.7359491586685181,0.5082377195358276,1.0644705295562744,1.7539838552474976,7.8072190284729,8.144216537475586,6.582459449768066,4.366357803344727,7.299065589904785,8.551304817199707,13.045821189880371,13.235886573791504,14.16252326965332,11.429075241088867,7.666533470153809,10.303070068359375,11.327741622924805,15.990617752075195,7.5074076652526855,8.338583946228027,4.802433967590332,3.8283658027648926,3.998713493347168,5.04592227935791,8.021743774414062,78.10913848876953,90.68882751464844,84.9004135131836,80.76079559326172,79.7841567993164,79.51061248779297,65.73980712890625,1.3124685287475586,2.7314083576202393,2.3692455291748047,1.6393272876739502,2.0199978351593018,1.9761689901351929,1.7008739709854126,0.7762014269828796,1.1226972341537476,0.41481393575668335,0.34559202194213867,0.44605696201324463,0.39408746361732483,1.0080139636993408,169.9774932861328,198.88818359375,183.04177856445312,164.6141815185547,160.0714111328125,155.78172302246094,197.8389434814453,5.385863780975342,4.117586612701416,3.050095319747925,2.230099678039551,1.6578458547592163,2.7353410720825195,4.013486862182617,0.642145574092865,0.7525060772895813,0.6394495368003845,0.5979743003845215,0.49480488896369934,0.5008982419967651,0.1630237102508545
2025-05-01,5.897311210632324,8.832798957824707,5.815798282623291,87.72114562988281,1.3801268339157104,0.5992130041122437,155.39718627929688,2.864295721054077,1.2018259763717651,0.048010945320129395,19.500940322875977,1.5032124519348145,0.72428959608078,0.5907137989997864,0.06889285147190094,0.03207068890333176,0.12392858415842056,0.5344038009643555,1.0649102926254272,0.8313267827033997,1.599118947982788,2.3766324520111084,4.485953330993652,7.8072190284729,8.144216537475586,6.582459449768066,4.366357803344727,7.299065589904785,8.551304817199707,7.0712127685546875,13.235886573791504,14.16252326965332,11.429075241088867,7.666533470153809,10.303070068359375,11.327741622924805,5.826736927032471,7.5074076652526855,8.338583946228027,4.802433967590332,3.8283658027648926,3.998713493347168,5.04592227935791,71.50814056396484,78.10913848876953,90.68882751464844,84.9004135131836,80.76079559326172,79.7841567993164,79.51061248779297,0.9353922009468079,1.3124685287475586,2.7314083576202393,2.3692455291748047,1.6393272876739502,2.0199978351593018,1.9761689901351929,0.7109524607658386,0.7762014269828796,1.1226972341537476,0.41481393575668335,0.34559202194213867,0.44605696201324463,0.39408746361732483,153.24154663085938,169.9774932861328,198.88818359375,183.04177856445312,164.6141815185547,160.0714111328125,155.78172302246094,4.414391040802002,5.385863780975342,4.117586612701416,3.050095319747925,2.230099678039551,1.6578458547592163,2.7353410720825195,0.39893555641174316,0.642145574092865,0.7525060772895813,0.6394495368003845,0.5979743003845215,0.49480488896369934,0.5008982419967651
2025-05-02,8.931859016418457,12.047268867492676,5.563992023468018,103.10000610351562,1.5986173152923584,0.3548884987831116,169.6177978515625,3.1987624168395996,1.6741607189178467,0.05768603831529617,21.8837947845459,2.7346954345703125,0.8281177282333374,0.19316500425338745,0.22697852551937103,0.056892164051532745,0.1904015988111496,0.7915831804275513,1.39663827419281,1.498902678489685,3.1040592193603516,3.707343339920044,5.897311210632324,4.485953330993652,7.8072190284729,8.144216537475586,6.582459449768066,4.366357803344727,7.299065589904785,8.832798957824707,7.0712127685546875,13.235886573791504,14.16252326965332,11.429075241088867,7.666533470153809,10.303070068359375,5.815798282623291,5.826736927032471,7.5074076652526855,8.338583946228027,4.802433967590332,3.8283658027648926,3.998713493347168,87.72114562988281,71.50814056396484,78.10913848876953,90.68882751464844,84.9004135131836,80.76079559326172,79.7841567993164,1.3801268339157104,0.9353922009468079,1.3124685287475586,2.7314083576202393,2.3692455291748047,1.6393272876739502,2.0199978351593018,0.5992130041122437,0.7109524607658386,0.7762014269828796,1.1226972341537476,0.41481393575668335,0.34559202194213867,0.44605696201324463,155.39718627929688,153.24154663085938,169.9774932861328,198.88818359375,183.04177856445312,164.6141815185547,160.0714111328125,2.864295721054077,4.414391040802002,5.385863780975342,4.117586612701416,3.050095319747925,2.230099678039551,1.6578458547592163,0.72428959608078,0.39893555641174316,0.642145574092865,0.7525060772895813,0.6394495368003845,0.5979743003845215,0.49480488896369934
2025-05-03,8.269633293151855,11.873922348022461,4.633394241333008,72.17205810546875,1.0261900424957275,0.2997877299785614,163.0237274169922,1.6572082042694092,1.016425371170044,0.029091844335198402,13.090887069702148,1.981645107269287,0.9949297308921814,1.8252750635147095,0.10759903490543365,0.02976817823946476,0.10213686525821686,0.8524987101554871,1.8443354368209839,0.9795588254928589,1.70444655418396,3.738079309463501,8.931859016418457,5.897311210632324,4.485953330993652,7.8072190284729,8.144216537475586,6.582459449768066,4.366357803344727,12.047268867492676,8.832798957824707,7.0712127685546875,13.235886573791504,14.16252326965332,11.429075241088867,7.666533470153809,5.563992023468018,5.815798282623291,5.826736927032471,7.5074076652526855,8.338583946228027,4.802433967590332,3.8283658027648926,103.10000610351562,87.72114562988281,71.50814056396484,78.10913848876953,90.68882751464844,84.9004135131836,80.76079559326172,1.5986173152923584,1.3801268339157104,0.9353922009468079,1.3124685287475586,2.7314083576202393,2.3692455291748047,1.6393272876739502,0.3548884987831116,0.5992130041122437,0.7109524607658386,0.7762014269828796,1.1226972341537476,0.41481393575668335,0.34559202194213867,169.6177978515625,155.39718627929688,153.24154663085938,169.9774932861328,198.88818359375,183.04177856445312,164.6141815185547,3.1987624168395996,2.864295721054077,4.414391040802002,5.385863780975342,4.117586612701416,3.050095319747925,2.230099678039551,0.8281177282333374,0.72428959608078,0.39893555641174316,0.642145574092865,0.7525060772895813,0.6394495368003845,0.5979743003845215
2025-05-04,4.062234401702881,7.678340435028076,3.034121513366699,77.19683074951172,1.1799582242965698,0.1976536363363266,149.63314819335938,0.892564594745636,0.5759202837944031,0.009115254506468773,5.889386177062988,0.8223002552986145,0.24943526089191437,2.9473819732666016,0.0058722952380776405,0.009688155725598335,0.03457384556531906,0.3374713957309723,0.40682169795036316,0.5841124057769775,0.5135353803634644,1.3568930625915527,8.269633293151855,8.931859016418457,5.897311210632324,4.485953330993652,7.8072190284729,8.144216537475586,6.582459449768066,11.873922348022461,12.047268867492676,8.832798957824707,7.0712127685546875,13.235886573791504,14.16252326965332,11.429075241088867,4.633394241333008,5.563992023468018,5.815798282623291,5.826736927032471,7.5074076652526855,8.338583946228027,4.802433967590332,72.17205810546875,103.10000610351562,87.72114562988281,71.50814056396484,78.10913848876953,90.68882751464844,84.9004135131836,1.0261900424957275,1.5986173152923584,1.3801268339157104,0.9353922009468079,1.3124685287475586,2.7314083576202393,2.3692455291748047,0.2997877299785614,0.3548884987831116,0.5992130041122437,0.7109524607658386,0.7762014269828796,1.1226972341537476,0.41481393575668335,163.0237274169922,169.6177978515625,155.39718627929688,153.24154663085938,169.9774932861328,198.88818359375,183.04177856445312,1.6572082042694092,3.1987624168395996,2.864295721054077,4.414391040802002,5.385863780975342,4.117586612701416,3.050095319747925,0.9949297308921814,0.8281177282333374,0.72428959608078,0.39893555641174316,0.642145574092865,0.7525060772895813,0.6394495368003845
2025-05-05,3.1130452156066895,5.921169281005859,3.767880439758301,67.23103332519531,2.2138400077819824,0.3589147627353668,161.1873321533203,0.7776113152503967,0.48572564125061035,0.012366841547191143,8.506892204284668,0.9918198585510254,0.2912847697734833,1.2244406938552856,1.3494527593138628e-05,0.02856997400522232,0.06779233366250992,0.2747763991355896,0.12559440732002258,0.6882237195968628,0.6917628645896912,1.1755620241165161,4.062234401702881,8.269633293151855,8.931859016418457,5.897311210632324,4.485953330993652,7.8072190284729,8.144216537475586,7.678340435028076,11.873922348022461,12.047268867492676,8.832798957824707,7.0712127685546875,13.235886573791504,14.16252326965332,3.034121513366699,4.633394241333008,5.563992023468018,5.815798282623291,5.826736927032471,7.5074076652526855,8.338583946228027,77.19683074951172,72.17205810546875,103.10000610351562,87.72114562988281,71.50814056396484,78.10913848876953,90.68882751464844,1.1799582242965698,1.0261900424957275,1.5986173152923584,1.3801268339157104,0.9353922009468079,1.3124685287475586,2.7314083576202393,0.1976536363363266,0.2997877299785614,0.3548884987831116,0.5992130041122437,0.7109524607658386,0.7762014269828796,1.1226972341537476,149.63314819335938,163.0237274169922,169.6177978515625,155.39718627929688,153.24154663085938,169.9774932861328,198.88818359375,0.892564594745636,1.6572082042694092,3.1987624168395996,2.864295721054077,4.414391040802002,5.385863780975342,4.117586612701416,0.24943526089191437,0.9949297308921814,0.8281177282333374,0.72428959608078,0.39893555641174316,0.642145574092865,0.7525060772895813
2025-05-06,4.05419397354126,6.49442195892334,5.3540143966674805,70.8261489868164,1.6280735731124878,0.6398681402206421,161.96336364746094,1.4971204996109009,0.7108208537101746,0.025436341762542725,13.687883377075195,1.144931674003601,0.38943785429000854,1.2353895902633667,0.0002733373548835516,0.027193941175937653,0.09551898390054703,0.4038730263710022,0.5445524454116821,0.7741981744766235,0.8167930841445923,1.684875726699829,3.1130452156066895,4.062234401702881,8.269633293151855,8.931859016418457,5.897311210632324,4.485953330993652,7.8072190284729,5.921169281005859,7.678340435028076,11.873922348022461,12.047268867492676,8.832798957824707,7.0712127685546875,13.235886573791504,3.767880439758301,3.034121513366699,4.633394241333008,5.563992023468018,5.815798282623291,5.826736927032471,7.5074076652526855,67.23103332519531,77.19683074951172,72.17205810546875,103.10000610351562,87.72114562988281,71.50814056396484,78.10913848876953,2.2138400077819824,1.1799582242965698,1.0261900424957275,1.5986173152923584,1.3801268339157104,0.9353922009468079,1.3124685287475586,0.3589147627353668,0.1976536363363266,0.2997877299785614,0.3548884987831116,0.5992130041122437,0.7109524607658386,0.7762014269828796,161.1873321533203,149.63314819335938,163.0237274169922,169.6177978515625,155.39718627929688,153.24154663085938,169.9774932861328,0.7776113152503967,0.892564594745636,1.6572082042694092,3.1987624168395996,2.864295721054077,4.414391040802002,5.385863780975342,0.2912847697734833,0.24943526089191437,0.9949297308921814,0.8281177282333374,0.72428959608078,0.39893555641174316,0.642145574092865
2025-05-07,4.432955265045166,8.245601654052734,4.182746887207031,70.7517318725586,1.775425672531128,0.3833273947238922,154.60494995117188,0.9868155121803284,0.5989344716072083,0.016083691269159317,10.51390266418457,0.9636682868003845,0.3983480930328369,1.1908040046691895,0.015181297436356544,0.05732663348317146,0.12533272802829742,0.40686658024787903,0.5542263984680176,0.693034827709198,1.1684809923171997,1.7604501247406006,4.05419397354126,3.1130452156066895,4.062234401702881,8.269633293151855,8.931859016418457,5.897311210632324,4.485953330993652,6.49442195892334,5.921169281005859,7.678340435028076,11.873922348022461,12.047268867492676,8.832798957824707,7.0712127685546875,5.3540143966674805,3.767880439758301,3.034121513366699,4.633394241333008,5.563992023468018,5.815798282623291,5.826736927032471,70.8261489868164,67.23103332519531,77.19683074951172,72.17205810546875,103.10000610351562,87.72114562988281,71.50814056396484,1.6280735731124878,2.2138400077819824,1.1799582242965698,1.0261900424957275,1.5986173152923584,1.3801268339157104,0.9353922009468079,0.6398681402206421,0.3589147627353668,0.1976536363363266,0.2997877299785614,0.3548884987831116,0.5992130041122437,0.7109524607658386,161.96336364746094,161.1873321533203,149.63314819335938,163.0237274169922,169.6177978515625,155.39718627929688,153.24154663085938,1.4971204996109009,0.7776113152503967,0.892564594745636,1.6572082042694092,3.1987624168395996,2.864295721054077,4.414391040802002,0.38943785429000854,0.2912847697734833,0.24943526089191437,0.9949297308921814,0.8281177282333374,0.72428959608078,0.39893555641174316
2025-05-08,4.569669246673584,8.420478820800781,5.389867305755615,72.90047454833984,1.9463415145874023,0.5034859776496887,163.70265197753906,1.4345272779464722,0.7037180066108704,0.02303953468799591,12.571303367614746,1.3354430198669434,0.4516538977622986,0.7304028272628784,0.012278217822313309,0.06830482184886932,0.14247290790081024,0.44706273078918457,0.35251206159591675,0.9776158332824707,1.5480146408081055,1.8722741603851318,4.432955265045166,4.05419397354126,3.1130452156066895,4.062234401702881,8.269633293151855,8.931859016418457,5.897311210632324,8.245601654052734,6.49442195892334,5.921169281005859,7.678340435028076,11.873922348022461,12.047268867492676,8.832798957824707,4.182746887207031,5.3540143966674805,3.767880439758301,3.034121513366699,4.633394241333008,5.563992023468018,5.815798282623291,70.7517318725586,70.8261489868164,67.23103332519531,77.19683074951172,72.17205810546875,103.10000610351562,87.72114562988281,1.775425672531128,1.6280735731124878,2.2138400077819824,1.1799582242965698,1.0261900424957275,1.5986173152923584,1.3801268339157104,0.3833273947238922,0.6398681402206421,0.3589147627353668,0.1976536363363266,0.2997877299785614,0.3548884987831116,0.5992130041122437,154.60494995117188,161.96336364746094,161.1873321533203,149.63314819335938,163.0237274169922,169.6177978515625,155.39718627929688,0.9868155121803284,1.4971204996109009,0.7776113152503967,0.892564594745636,1.6572082042694092,3.1987624168395996,2.864295721054077,0.3983480930328369,0.38943785429000854,0.2912847697734833,0.24943526089191437,0.9949297308921814,0.8281177282333374,0.72428959608078
2025-05-09,5.524541854858398,9.915778160095215,6.8853278160095215,77.37398529052734,1.777109980583191,0.7097336649894714,173.75607299804688,1.5880675315856934,0.863548994064331,0.03438609838485718,16.84590721130371,1.6920320987701416,0.6921248435974121,0.4554283916950226,0.012229015119373798,0.04892459511756897,0.14281566441059113,0.560094952583313,0.6549527049064636,1.066774606704712,1.5647635459899902,2.3930575847625732,4.569669246673584,4.432955265045166,4.05419397354126,3.1130452156066895,4.062234401702881,8.269633293151855,8.931859016418457,8.420478820800781,8.245601654052734,6.49442195892334,5.921169281005859,7.678340435028076,11.873922348022461,12.047268867492676,5.389867305755615,4.182746887207031,5.3540143966674805,3.767880439758301,3.034121513366699,4.633394241333008,5.563992023468018,72.90047454833984,70.7517318725586,70.8261489868164,67.23103332519531,77.19683074951172,72.17205810546875,103.10000610351562,1.9463415145874023,1.775425672531128,1.6280735731124878,2.2138400077819824,1.1799582242965698,1.0261900424957275,1.5986173152923584,0.5034859776496887,0.3833273947238922,0.6398681402206421,0.3589147627353668,0.1976536363363266,0.2997877299785614,0.3548884987831116,163.70265197753906,154.60494995117188,161.96336364746094,161.1873321533203,149.63314819335938,163.0237274169922,169.6177978515625,1.4345272779464722,0.9868155121803284,1.4971204996109009,0.7776113152503967,0.892564594745636,1.6572082042694092,3.1987624168395996,0.4516538977622986,0.3983480930328369,0.38943785429000854,0.2912847697734833,0.24943526089191437,0.9949297308921814,0.8281177282333374
2025-05-10,5.573067665100098,9.494715690612793,4.327539920806885,69.99857330322266,1.09879469871521,0.32791218161582947,145.4061737060547,1.6074930429458618,0.8224992156028748,0.02206582762300968,9.966282844543457,1.2918822765350342,0.4597531259059906,0.931918203830719,0.03880498185753822,0.022896310314536095,0.08000537008047104,0.4856143295764923,0.6154459118843079,0.9231390953063965,1.0790132284164429,2.05397629737854,5.524541854858398,4.569669246673584,4.432955265045166,4.05419397354126,3.1130452156066895,4.062234401702881,8.269633293151855,9.915778160095215,8.420478820800781,8.245601654052734,6.49442195892334,5.921169281005859,7.678340435028076,11.873922348022461,6.8853278160095215,5.389867305755615,4.182746887207031,5.3540143966674805,3.767880439758301,3.034121513366699,4.633394241333008,77.37398529052734,72.90047454833984,70.7517318725586,70.8261489868164,67.23103332519531,77.19683074951172,72.17205810546875,1.777109980583191,1.9463415145874023,1.775425672531128,1.6280735731124878,2.2138400077819824,1.1799582242965698,1.0261900424957275,0.7097336649894714,0.5034859776496887,0.3833273947238922,0.6398681402206421,0.3589147627353668,0.1976536363363266,0.2997877299785614,173.75607299804688,163.70265197753906,154.60494995117188,161.96336364746094,161.1873321533203,149.63314819335938,163.0237274169922,1.5880675315856934,1.4345272779464722,0.9868155121803284,1.4971204996109009,0.7776113152503967,0.892564594745636,1.6572082042694092,0.6921248435974121,0.4516538977622986,0.3983480930328369,0.38943785429000854,0.2912847697734833,0.24943526089191437,0.9949297308921814
2025-05-11,5.7847676277160645,9.189948081970215,3.3276219367980957,76.73887634277344,1.8797398805618286,0.38889795541763306,157.0926055908203,1.1214247941970825,0.7523170709609985,0.018416622653603554,7.981266021728516,1.5052475929260254,0.46689873933792114,0.29618215560913086,0.00039120062137953937,0.08247090876102448,0.13862276077270508,0.6000134348869324,0.6601216197013855,1.1175901889801025,1.4931938648223877,2.616387367248535,5.573067665100098,5.524541854858398,4.569669246673584,4.432955265045166,4.05419397354126,3.1130452156066895,4.062234401702881,9.494715690612793,9.915778160095215,8.420478820800781,8.245601654052734,6.49442195892334,5.921169281005859,7.678340435028076,4.327539920806885,6.8853278160095215,5.389867305755615,4.182746887207031,5.3540143966674805,3.767880439758301,3.034121513366699,69.99857330322266,77.37398529052734,72.90047454833984,70.7517318725586,70.8261489868164,67.23103332519531,77.19683074951172,1.09879469871521,1.777109980583191,1.9463415145874023,1.775425672531128,1.6280735731124878,2.2138400077819824,1.1799582242965698,0.32791218161582947,0.7097336649894714,0.5034859776496887,0.3833273947238922,0.6398681402206421,0.3589147627353668,0.1976536363363266,145.4061737060547,173.75607299804688,163.70265197753906,154.60494995117188,161.96336364746094,161.1873321533203,149.63314819335938,1.6074930429458618,1.5880675315856934,1.4345272779464722,0.9868155121803284,1.4971204996109009,0.7776113152503967,0.892564594745636,0.4597531259059906,0.6921248435974121,0.4516538977622986,0.3983480930328369,0.38943785429000854,0.2912847697734833,0.24943526089191437
2025-05-12,6.878109931945801,12.224540710449219,4.9220781326293945,87.68048095703125,2.2162044048309326,0.6899775266647339,161.86436462402344,1.415145754814148,0.8040515184402466,0.025705823674798012,11.743046760559082,1.9827708005905151,0.5235550403594971,0.24030660092830658,0.0005422212998382747,0.09514319151639938,0.16630229353904724,0.7904938459396362,0.9238518476486206,1.3748458623886108,1.783295750617981,3.3031129837036133,5.7847676277160645,5.573067665100098,5.524541854858398,4.569669246673584,4.432955265045166,4.05419397354126,3.1130452156066895,9.189948081970215,9.494715690612793,9.915778160095215,8.420478820800781,8.245601654052734,6.49442195892334,5.921169281005859,3.3276219367980957,4.327539920806885,6.8853278160095215,5.389867305755615,4.182746887207031,5.3540143966674805,3.767880439758301,76.73887634277344,69.99857330322266,77.37398529052734,72.90047454833984,70.7517318725586,70.8261489868164,67.23103332519531,1.8797398805618286,1.09879469871521,1.777109980583191,1.9463415145874023,1.775425672531128,1.6280735731124878,2.2138400077819824,0.38889795541763306,0.32791218161582947,0.7097336649894714,0.5034859776496887,0.3833273947238922,0.6398681402206421,0.3589147627353668,157.0926055908203,145.4061737060547,173.75607299804688,163.70265197753906,154.60494995117188,161.96336364746094,161.1873321533203,1.1214247941970825,1.6074930429458618,1.5880675315856934,1.4345272779464722,0.9868155121803284,1.4971204996109009,0.7776113152503967,0.46689873933792114,0.4597531259059906,0.6921248435974121,0.4516538977622986,0.3983480930328369,0.38943785429000854,0.2912847697734833
2025-05-13,6.942561626434326,12.31944751739502,6.073619842529297,85.99726867675781,1.9696135520935059,0.6825035214424133,158.86129760742188,1.4350528717041016,0.9199097752571106,0.03161986172199249,14.847139358520508,1.7571449279785156,0.5936810374259949,0.25626906752586365,0.004811400081962347,0.07677847146987915,0.16738615930080414,0.6843276023864746,0.741769015789032,1.2586270570755005,2.030183792114258,2.9795079231262207,6.878109931945801,5.7847676277160645,5.573067665100098,5.524541854858398,4.569669246673584,4.432955265045166,4.05419397354126,12.224540710449219,9.189948081970215,9.494715690612793,9.915778160095215,8.420478820800781,8.245601654052734,6.49442195892334,4.9220781326293945,3.3276219367980957,4.327539920806885,6.8853278160095215,5.389867305755615,4.182746887207031,5.3540143966674805,87.68048095703125,76.73887634277344,69.99857330322266,77.37398529052734,72.90047454833984,70.7517318725586,70.8261489868164,2.2162044048309326,1.8797398805618286,1.09879469871521,1.777109980583191,1.9463415145874023,1.775425672531128,1.6280735731124878,0.6899775266647339,0.38889795541763306,0.32791218161582947,0.7097336649894714,0.5034859776496887,0.3833273947238922,0.6398681402206421,161.86436462402344,157.0926055908203,145.4061737060547,173.75607299804688,163.70265197753906,154.60494995117188,161.96336364746094,1.415145754814148,1.1214247941970825,1.6074930429458618,1.5880675315856934,1.4345272779464722,0.9868155121803284,1.4971204996109009,0.5235550403594971,0.46689873933792114,0.4597531259059906,0.6921248435974121,0.4516538977622986,0.3983480930328369,0.38943785429000854
2025-05-14,7.422251224517822,16.241336822509766,5.786866188049316,87.54322814941406,1.0430618524551392,0.5264652371406555,144.25790405273438,2.234766721725464,0.9653931856155396,0.030009141191840172,13.989307403564453,1.6947780847549438,0.8892486095428467,1.5418046712875366,0.055902641266584396,0.019277986139059067,0.1049141213297844,0.6995851993560791,0.8562673926353455,1.120900273323059,1.9772193431854248,2.843876361846924,6.942561626434326,6.878109931945801,5.7847676277160645,5.573067665100098,5.524541854858398,4.569669246673584,4.432955265045166,12.31944751739502,12.224540710449219,9.189948081970215,9.494715690612793,9.915778160095215,8.420478820800781,8.245601654052734,6.073619842529297,4.9220781326293945,3.3276219367980957,4.327539920806885,6.8853278160095215,5.389867305755615,4.182746887207031,85.99726867675781,87.68048095703125,76.73887634277344,69.99857330322266,77.37398529052734,72.90047454833984,70.7517318725586,1.9696135520935059,2.2162044048309326,1.8797398805618286,1.09879469871521,1.777109980583191,1.9463415145874023,1.775425672531128,0.6825035214424133,0.6899775266647339,0.38889795541763306,0.32791218161582947,0.7097336649894714,0.5034859776496887,0.3833273947238922,158.86129760742188,161.86436462402344,157.0926055908203,145.4061737060547,173.75607299804688,163.70265197753906,154.60494995117188,1.4350528717041016,1.415145754814148,1.1214247941970825,1.6074930429458618,1.5880675315856934,1.4345272779464722,0.9868155121803284,0.5936810374259949,0.5235550403594971,0.46689873933792114,0.4597531259059906,0.6921248435974121,0.4516538977622986,0.3983480930328369
2025-05-15,4.661377429962158,9.356745719909668,2.8351855278015137,80.37386322021484,0.9830426573753357,0.24130961298942566,142.0446319580078,0.7843040227890015,0.6271357536315918,0.01338292844593525,8.581360816955566,1.4149110317230225,0.38308629393577576,1.454771637916565,0.004559478256851435,0.014051762409508228,0.05812149867415428,0.35152068734169006,0.28556886315345764,0.7559376955032349,0.5992417335510254,1.4393808841705322,7.422251224517822,6.942561626434326,6.878109931945801,5.7847676277160645,5.573067665100098,5.524541854858398,4.569669246673584,16.241336822509766,12.31944751739502,12.224540710449219,9.189948081970215,9.494715690612793,9.915778160095215,8.420478820800781,5.786866188049316,6.073619842529297,4.9220781326293945,3.3276219367980957,4.327539920806885,6.8853278160095215,5.389867305755615,87.54322814941406,85.99726867675781,87.68048095703125,76.73887634277344,69.99857330322266,77.37398529052734,72.90047454833984,1.0430618524551392,1.9696135520935059,2.2162044048309326,1.8797398805618286,1.09879469871521,1.777109980583191,1.9463415145874023,0.5264652371406555,0.6825035214424133,0.6899775266647339,0.38889795541763306,0.32791218161582947,0.7097336649894714,0.5034859776496887,144.25790405273438,158.86129760742188,161.86436462402344,157.0926055908203,145.4061737060547,173.75607299804688,163.70265197753906,2.234766721725464,1.4350528717041016,1.415145754814148,1.1214247941970825,1.6074930429458618,1.5880675315856934,1.4345272779464722,0.8892486095428467,0.5936810374259949,0.5235550403594971,0.46689873933792114,0.4597531259059906,0.6921248435974121,0.4516538977622986
2025-05-16,5.15859842300415,9.106334686279297,4.513360023498535,71.699951171875,0.923512876033783,0.3919650614261627,144.97378540039062,1.0109288692474365,0.661164402961731,0.01656772568821907,10.428321838378906,1.4401658773422241,0.43632811307907104,1.284681797027588,0.003978491760790348,0.01058577187359333,0.06592988967895508,0.43698400259017944,0.3399718403816223,0.8440139293670654,0.7919675707817078,1.7851122617721558,4.661377429962158,7.422251224517822,6.942561626434326,6.878109931945801,5.7847676277160645,5.573067665100098,5.524541854858398,9.356745719909668,16.241336822509766,12.31944751739502,12.224540710449219,9.189948081970215,9.494715690612793,9.915778160095215,2.8351855278015137,5.786866188049316,6.073619842529297,4.9220781326293945,3.3276219367980957,4.327539920806885,6.8853278160095215,80.37386322021484,87.54322814941406,85.99726867675781,87.68048095703125,76.73887634277344,69.99857330322266,77.37398529052734,0.9830426573753357,1.0430618524551392,1.9696135520935059,2.2162044048309326,1.8797398805618286,1.09879469871521,1.777109980583191,0.24130961298942566,0.5264652371406555,0.6825035214424133,0.6899775266647339,0.38889795541763306,0.32791218161582947,0.7097336649894714,142.0446319580078,144.25790405273438,158.86129760742188,161.86436462402344,157.0926055908203,145.4061737060547,173.75607299804688,0.7843040227890015,2.234766721725464,1.4350528717041016,1.415145754814148,1.1214247941970825,1.6074930429458618,1.5880675315856934,0.38308629393577576,0.8892486095428467,0.5936810374259949,0.5235550403594971,0.46689873933792114,0.4597531259059906,0.6921248435974121
2025-05-17,4.538898468017578,7.412776947021484,4.043369293212891,75.92801666259766,0.9339620471000671,0.2908983826637268,143.8324432373047,0.9685912132263184,0.6748846769332886,0.01411781832575798,7.924588680267334,1.657799482345581,0.2858503758907318,0.9858828783035278,0.015104562044143677,0.011807607486844063,0.05405168980360031,0.38962051272392273,0.3519882559776306,0.7725644707679749,0.7374433279037476,1.6273369789123535,5.15859842300415,4.661377429962158,7.422251224517822,6.942561626434326,6.878109931945801,5.7847676277160645,5.573067665100098,9.106334686279297,9.356745719909668,16.241336822509766,12.31944751739502,12.224540710449219,9.189948081970215,9.494715690612793,4.513360023498535,2.8351855278015137,5.786866188049316,6.073619842529297,4.9220781326293945,3.3276219367980957,4.327539920806885,71.699951171875,80.37386322021484,87.54322814941406,85.99726867675781,87.68048095703125,76.73887634277344,69.99857330322266,0.923512876033783,0.9830426573753357,1.0430618524551392,1.9696135520935059,2.2162044048309326,1.8797398805618286,1.09879469871521,0.3919650614261627,0.24130961298942566,0.5264652371406555,0.6825035214424133,0.6899775266647339,0.38889795541763306,0.32791218161582947,144.97378540039062,142.0446319580078,144.25790405273438,158.86129760742188,161.86436462402344,157.0926055908203,145.4061737060547,1.0109288692474365,0.7843040227890015,2.234766721725464,1.4350528717041016,1.415145754814148,1.1214247941970825,1.6074930429458618,0.43632811307907104,0.38308629393577576,0.8892486095428467,0.5936810374259949,0.5235550403594971,0.46689873933792114,0.4597531259059906
2025-05-18,4.313054084777832,6.445888519287109,3.466623306274414,75.19866943359375,0.7769688963890076,0.193500816822052,143.1523895263672,0.8419370055198669,0.6650986671447754,0.014228779822587967,8.325093269348145,2.042844295501709,0.16294732689857483,0.45071592926979065,0.020360585302114487,0.013546980917453766,0.05788078159093857,0.4431915879249573,0.5296351313591003,0.7908956408500671,0.8554860353469849,1.8535974025726318,4.538898468017578,5.15859842300415,4.661377429962158,7.422251224517822,6.942561626434326,6.878109931945801,5.7847676277160645,7.412776947021484,9.106334686279297,9.356745719909668,16.241336822509766,12.31944751739502,12.224540710449219,9.189948081970215,4.043369293212891,4.513360023498535,2.8351855278015137,5.786866188049316,6.073619842529297,4.9220781326293945,3.3276219367980957,75.92801666259766,71.699951171875,80.37386322021484,87.54322814941406,85.99726867675781,87.68048095703125,76.73887634277344,0.9339620471000671,0.923512876033783,0.9830426573753357,1.0430618524551392,1.9696135520935059,2.2162044048309326,1.8797398805618286,0.2908983826637268,0.3919650614261627,0.24130961298942566,0.5264652371406555,0.6825035214424133,0.6899775266647339,0.38889795541763306,143.8324432373047,144.97378540039062,142.0446319580078,144.25790405273438,158.86129760742188,161.86436462402344,157.0926055908203,0.9685912132263184,1.0109288692474365,0.7843040227890015,2.234766721725464,1.4350528717041016,1.415145754814148,1.1214247941970825,0.2858503758907318,0.43632811307907104,0.38308629393577576,0.8892486095428467,0.5936810374259949,0.5235550403594971,0.46689873933792114
2025-05-19,6.0340657234191895,8.755146980285645,4.219905853271484,70.34788513183594,0.8782705664634705,0.2516513168811798,147.7501983642578,0.9773039221763611,0.8375555872917175,0.025003084912896156,13.017247200012207,2.086487293243408,0.6958287358283997,0.7618632316589355,0.024830153211951256,0.014765043742954731,0.08686965703964233,0.5316308736801147,0.33732181787490845,1.186440110206604,1.3475946187973022,2.1602320671081543,4.313054084777832,4.538898468017578,5.15859842300415,4.661377429962158,7.422251224517822,6.942561626434326,6.878109931945801,6.445888519287109,7.412776947021484,9.106334686279297,9.356745719909668,16.241336822509766,12.31944751739502,12.224540710449219,3.466623306274414,4.043369293212891,4.513360023498535,2.8351855278015137,5.786866188049316,6.073619842529297,4.9220781326293945,75.19866943359375,75.92801666259766,71.699951171875,80.37386322021484,87.54322814941406,85.99726867675781,87.68048095703125,0.7769688963890076,0.9339620471000671,0.923512876033783,0.9830426573753357,1.0430618524551392,1.9696135520935059,2.2162044048309326,0.193500816822052,0.2908983826637268,0.3919650614261627,0.24130961298942566,0.5264652371406555,0.6825035214424133,0.6899775266647339,143.1523895263672,143.8324432373047,144.97378540039062,142.0446319580078,144.25790405273438,158.86129760742188,161.86436462402344,0.8419370055198669,0.9685912132263184,1.0109288692474365,0.7843040227890015,2.234766721725464,1.4350528717041016,1.415145754814148,0.16294732689857483,0.2858503758907318,0.43632811307907104,0.38308629393577576,0.8892486095428467,0.5936810374259949,0.5235550403594971
2025-05-20,8.363417625427246,13.589292526245117,6.747767925262451,81.95762634277344,1.2400869131088257,0.8374297618865967,158.0118408203125,1.6979581117630005,1.2076689004898071,0.046366143971681595,20.200336456298828,2.183953046798706,0.9700638055801392,0.5757588148117065,0.040817975997924805,0.021541891619563103,0.13578855991363525,0.7580532431602478,0.9339583516120911,1.5388630628585815,2.341447591781616,3.3464436531066895,6.0340657234191895,4.313054084777832,4.538898468017578,5.15859842300415,4.661377429962158,7.422251224517822,6.942561626434326,8.755146980285645,6.445888519287109,7.412776947021484,9.106334686279297,9.356745719909668,16.241336822509766,12.31944751739502,4.219905853271484,3.466623306274414,4.043369293212891,4.513360023498535,2.8351855278015137,5.786866188049316,6.073619842529297,70.34788513183594,75.19866943359375,75.92801666259766,71.699951171875,80.37386322021484,87.54322814941406,85.99726867675781,0.8782705664634705,0.7769688963890076,0.9339620471000671,0.923512876033783,0.9830426573753357,1.0430618524551392,1.9696135520935059,0.2516513168811798,0.193500816822052,0.2908983826637268,0.3919650614261627,0.24130961298942566,0.5264652371406555,0.6825035214424133,147.7501983642578,143.1523895263672,143.8324432373047,144.97378540039062,142.0446319580078,144.25790405273438,158.86129760742188,0.9773039221763611,0.8419370055198669,0.9685912132263184,1.0109288692474365,0.7843040227890015,2.234766721725464,1.4350528717041016,0.6958287358283997,0.16294732689857483,0.2858503758907318,0.43632811307907104,0.38308629393577576,0.8892486095428467,0.5936810374259949
2025-05-21,5.876895427703857,9.22136402130127,4.558566570281982,87.62664794921875,0.9270886182785034,0.36270755529403687,137.49732971191406,1.9331855773925781,1.0027189254760742,0.03260771557688713,12.66474723815918,1.4076589345932007,0.7512507438659668,1.1859081983566284,0.03910825401544571,0.014159725047647953,0.0888422355055809,0.5531742572784424,0.6577157974243164,1.1468497514724731,1.429374098777771,2.443408250808716,8.363417625427246,6.0340657234191895,4.313054084777832,4.538898468017578,5.15859842300415,4.661377429962158,7.422251224517822,13.589292526245117,8.755146980285645,6.445888519287109,7.412776947021484,9.106334686279297,9.356745719909668,16.241336822509766,6.747767925262451,4.219905853271484,3.466623306274414,4.043369293212891,4.513360023498535,2.8351855278015137,5.786866188049316,81.95762634277344,70.34788513183594,75.19866943359375,75.92801666259766,71.699951171875,80.37386322021484,87.54322814941406,1.2400869131088257,0.8782705664634705,0.7769688963890076,0.9339620471000671,0.923512876033783,0.9830426573753357,1.0430618524551392,0.8374297618865967,0.2516513168811798,0.193500816822052,0.2908983826637268,0.3919650614261627,0.24130961298942566,0.5264652371406555,158.0118408203125,147.7501983642578,143.1523895263672,143.8324432373047,144.97378540039062,142.0446319580078,144.25790405273438,1.6979581117630005,0.9773039221763611,0.8419370055198669,0.9685912132263184,1.0109288692474365,0.7843040227890015,2.234766721725464,0.9700638055801392,0.6958287358283997,0.16294732689857483,0.2858503758907318,0.43632811307907104,0.38308629393577576,0.8892486095428467
2025-05-22,5.471774578094482,13.125337600708008,3.2592411041259766,82.92430114746094,0.9425128698348999,0.27310165762901306,136.04855346679688,0.9288586974143982,0.5751486420631409,0.013316761702299118,6.794350624084473,0.7477405667304993,0.15532878041267395,6.0890703201293945,0.04073924571275711,0.005624779965728521,0.04374443367123604,0.2438652366399765,0.2295706570148468,0.5831886529922485,0.34751152992248535,1.1267751455307007,5.876895427703857,8.363417625427246,6.0340657234191895,4.313054084777832,4.538898468017578,5.15859842300415,4.661377429962158,9.22136402130127,13.589292526245117,8.755146980285645,6.445888519287109,7.412776947021484,9.106334686279297,9.356745719909668,4.558566570281982,6.747767925262451,4.219905853271484,3.466623306274414,4.043369293212891,4.513360023498535,2.8351855278015137,87.62664794921875,81.95762634277344,70.34788513183594,75.19866943359375,75.92801666259766,71.699951171875,80.37386322021484,0.9270886182785034,1.2400869131088257,0.8782705664634705,0.7769688963890076,0.9339620471000671,0.923512876033783,0.9830426573753357,0.36270755529403687,0.8374297618865967,0.2516513168811798,0.193500816822052,0.2908983826637268,0.3919650614261627,0.24130961298942566,137.49732971191406,158.0118408203125,147.7501983642578,143.1523895263672,143.8324432373047,144.97378540039062,142.0446319580078,1.9331855773925781,1.6979581117630005,0.9773039221763611,0.8419370055198669,0.9685912132263184,1.0109288692474365,0.7843040227890015,0.7512507438659668,0.9700638055801392,0.6958287358283997,0.16294732689857483,0.2858503758907318,0.43632811307907104,0.38308629393577576
2025-05-23,3.6801035404205322,7.270674705505371,5.375142574310303,70.60201263427734,1.1673507690429688,0.5071722269058228,149.5616455078125,1.274445652961731,0.645941436290741,0.020901236683130264,10.76695442199707,1.0001691579818726,0.05492350086569786,3.2921640872955322,0.02925259806215763,0.011295425705611706,0.06529226899147034,0.29992198944091797,0.4864700734615326,0.41056156158447266,0.516393780708313,1.266187071800232,5.471774578094482,5.876895427703857,8.363417625427246,6.0340657234191895,4.313054084777832,4.538898468017578,5.15859842300415,13.125337600708008,9.22136402130127,13.589292526245117,8.755146980285645,6.445888519287109,7.412776947021484,9.106334686279297,3.2592411041259766,4.558566570281982,6.747767925262451,4.219905853271484,3.466623306274414,4.043369293212891,4.513360023498535,82.92430114746094,87.62664794921875,81.95762634277344,70.34788513183594,75.19866943359375,75.92801666259766,71.699951171875,0.9425128698348999,0.9270886182785034,1.2400869131088257,0.8782705664634705,0.7769688963890076,0.9339620471000671,0.923512876033783,0.27310165762901306,0.36270755529403687,0.8374297618865967,0.2516513168811798,0.193500816822052,0.2908983826637268,0.3919650614261627,136.04855346679688,137.49732971191406,158.0118408203125,147.7501983642578,143.1523895263672,143.8324432373047,144.97378540039062,0.9288586974143982,1.9331855773925781,1.6979581117630005,0.9773039221763611,0.8419370055198669,0.9685912132263184,1.0109288692474365,0.15532878041267395,0.7512507438659668,0.9700638055801392,0.6958287358283997,0.16294732689857483,0.2858503758907318,0.43632811307907104
2025-05-24,5.038269519805908,8.930952072143555,4.9124531745910645,79.56922912597656,1.1826457977294922,0.31171172857284546,150.32191467285156,1.5003196001052856,0.8022840619087219,0.022990858182311058,9.773127555847168,1.6326297521591187,0.24878546595573425,2.705094575881958,0.04165323078632355,0.016749557107686996,0.06548365950584412,0.5865260362625122,1.0688554048538208,0.7896922826766968,0.8251379728317261,2.3923840522766113,3.6801035404205322,5.471774578094482,5.876895427703857,8.363417625427246,6.0340657234191895,4.313054084777832,4.538898468017578,7.270674705505371,13.125337600708008,9.22136402130127,13.589292526245117,8.755146980285645,6.445888519287109,7.412776947021484,5.375142574310303,3.2592411041259766,4.558566570281982,6.747767925262451,4.219905853271484,3.466623306274414,4.043369293212891,70.60201263427734,82.92430114746094,87.62664794921875,81.95762634277344,70.34788513183594,75.19866943359375,75.92801666259766,1.1673507690429688,0.9425128698348999,0.9270886182785034,1.2400869131088257,0.8782705664634705,0.7769688963890076,0.9339620471000671,0.5071722269058228,0.27310165762901306,0.36270755529403687,0.8374297618865967,0.2516513168811798,0.193500816822052,0.2908983826637268,149.5616455078125,136.04855346679688,137.49732971191406,158.0118408203125,147.7501983642578,143.1523895263672,143.8324432373047,1.274445652961731,0.9288586974143982,1.9331855773925781,1.6979581117630005,0.9773039221763611,0.8419370055198669,0.9685912132263184,0.05492350086569786,0.15532878041267395,0.7512507438659668,0.9700638055801392,0.6958287358283997,0.16294732689857483,0.2858503758907318
2025-05-25,6.0976433753967285,8.728630065917969,5.188679218292236,64.21463775634766,1.2653088569641113,0.2824682295322418,150.85272216796875,1.1809823513031006,0.9338636994361877,0.0311792753636837,12.270943641662598,2.1598591804504395,0.1801552027463913,0.7605498433113098,0.005978242494165897,0.02361338585615158,0.08271642029285431,0.5795893669128418,0.941498339176178,0.8998587727546692,1.4248130321502686,2.4805994033813477,5.038269519805908,3.6801035404205322,5.471774578094482,5.876895427703857,8.363417625427246,6.0340657234191895,4.313054084777832,8.930952072143555,7.270674705505371,13.125337600708008,9.22136402130127,13.589292526245117,8.755146980285645,6.445888519287109,4.9124531745910645,5.375142574310303,3.2592411041259766,4.558566570281982,6.747767925262451,4.219905853271484,3.466623306274414,79.56922912597656,70.60201263427734,82.92430114746094,87.62664794921875,81.95762634277344,70.34788513183594,75.19866943359375,1.1826457977294922,1.1673507690429688,0.9425128698348999,0.9270886182785034,1.2400869131088257,0.8782705664634705,0.7769688963890076,0.31171172857284546,0.5071722269058228,0.27310165762901306,0.36270755529403687,0.8374297618865967,0.2516513168811798,0.193500816822052,150.32191467285156,149.5616455078125,136.04855346679688,137.49732971191406,158.0118408203125,147.7501983642578,143.1523895263672,1.5003196001052856,1.274445652961731,0.9288586974143982,1.9331855773925781,1.6979581117630005,0.9773039221763611,0.8419370055198669,0.24878546595573425,0.05492350086569786,0.15532878041267395,0.7512507438659668,0.9700638055801392,0.6958287358283997,0.16294732689857483
2025-05-26,6.1957173347473145,10.31995677947998,5.2872700691223145,68.13835906982422,1.0378329753875732,0.3876873552799225,150.09385681152344,1.3450554609298706,1.0382294654846191,0.031062856316566467,14.565098762512207,1.8065216541290283,0.3000020384788513,2.1664071083068848,0.0972931981086731,0.01782812736928463,0.09176979959011078,0.6046129465103149,0.92113196849823,1.0504239797592163,1.140824556350708,2.5100131034851074,6.0976433753967285,5.038269519805908,3.6801035404205322,5.471774578094482,5.876895427703857,8.363417625427246,6.0340657234191895,8.728630065917969,8.930952072143555,7.270674705505371,13.125337600708008,9.22136402130127,13.589292526245117,8.755146980285645,5.188679218292236,4.9124531745910645,5.375142574310303,3.2592411041259766,4.558566570281982,6.747767925262451,4.219905853271484,64.21463775634766,79.56922912597656,70.60201263427734,82.92430114746094,87.62664794921875,81.95762634277344,70.34788513183594,1.2653088569641113,1.1826457977294922,1.1673507690429688,0.9425128698348999,0.9270886182785034,1.2400869131088257,0.8782705664634705,0.2824682295322418,0.31171172857284546,0.5071722269058228,0.27310165762901306,0.36270755529403687,0.8374297618865967,0.2516513168811798,150.85272216796875,150.32191467285156,149.5616455078125,136.04855346679688,137.49732971191406,158.0118408203125,147.7501983642578,1.1809823513031006,1.5003196001052856,1.274445652961731,0.9288586974143982,1.9331855773925781,1.6979581117630005,0.9773039221763611,0.1801552027463913,0.24878546595573425,0.05492350086569786,0.15532878041267395,0.7512507438659668,0.9700638055801392,0.6958287358283997
2025-05-27,7.612486362457275,13.131211280822754,6.470610618591309,77.4294662475586,1.4412564039230347,0.49847206473350525,151.48660278320312,2.043362855911255,1.1988639831542969,0.05016171187162399,17.13578987121582,2.296297073364258,0.4256640374660492,3.0288305282592773,0.07645343244075775,0.022403351962566376,0.11427459120750427,0.7809893488883972,1.5434370040893555,1.0417836904525757,1.3327422142028809,3.2851450443267822,6.1957173347473145,6.0976433753967285,5.038269519805908,3.6801035404205322,5.471774578094482,5.876895427703857,8.363417625427246,10.31995677947998,8.728630065917969,8.930952072143555,7.270674705505371,13.125337600708008,9.22136402130127,13.589292526245117,5.2872700691223145,5.188679218292236,4.9124531745910645,5.375142574310303,3.2592411041259766,4.558566570281982,6.747767925262451,68.13835906982422,64.21463775634766,79.56922912597656,70.60201263427734,82.92430114746094,87.62664794921875,81.95762634277344,1.0378329753875732,1.2653088569641113,1.1826457977294922,1.1673507690429688,0.9425128698348999,0.9270886182785034,1.2400869131088257,0.3876873552799225,0.2824682295322418,0.31171172857284546,0.5071722269058228,0.27310165762901306,0.36270755529403687,0.8374297618865967,150.09385681152344,150.85272216796875,150.32191467285156,149.5616455078125,136.04855346679688,137.49732971191406,158.0118408203125,1.3450554609298706,1.1809823513031006,1.5003196001052856,1.274445652961731,0.9288586974143982,1.9331855773925781,1.6979581117630005,0.3000020384788513,0.1801552027463913,0.24878546595573425,0.05492350086569786,0.15532878041267395,0.7512507438659668,0.9700638055801392
2025-05-28,3.964343786239624,6.3647141456604,4.745527744293213,67.56321716308594,0.9889790415763855,0.40380868315696716,142.1531982421875,0.8702652454376221,0.9308062791824341,0.03120928443968296,12.564297676086426,1.6029939651489258,0.12024181336164474,0.8877164721488953,0.0034707547165453434,0.013801105320453644,0.07606649398803711,0.31575044989585876,0.314298540353775,0.7166914939880371,0.5771018862724304,1.4003421068191528,7.612486362457275,6.1957173347473145,6.0976433753967285,5.038269519805908,3.6801035404205322,5.471774578094482,5.876895427703857,13.131211280822754,10.31995677947998,8.728630065917969,8.930952072143555,7.270674705505371,13.125337600708008,9.22136402130127,6.470610618591309,5.2872700691223145,5.188679218292236,4.9124531745910645,5.375142574310303,3.2592411041259766,4.558566570281982,77.4294662475586,68.13835906982422,64.21463775634766,79.56922912597656,70.60201263427734,82.92430114746094,87.62664794921875,1.4412564039230347,1.0378329753875732,1.2653088569641113,1.1826457977294922,1.1673507690429688,0.9425128698348999,0.9270886182785034,0.49847206473350525,0.3876873552799225,0.2824682295322418,0.31171172857284546,0.5071722269058228,0.27310165762901306,0.36270755529403687,151.48660278320312,150.09385681152344,150.85272216796875,150.32191467285156,149.5616455078125,136.04855346679688,137.49732971191406,2.043362855911255,1.3450554609298706,1.1809823513031006,1.5003196001052856,1.274445652961731,0.9288586974143982,1.9331855773925781,0.4256640374660492,0.3000020384788513,0.1801552027463913,0.24878546595573425,0.05492350086569786,0.15532878041267395,0.7512507438659668
2025-05-29,4.113169193267822,7.139242172241211,3.753525972366333,79.01487731933594,0.973558783531189,0.32460731267929077,134.07020568847656,1.3681386709213257,0.8520390391349792,0.02530873380601406,10.89905834197998,1.238247036933899,0.24584701657295227,1.4592074155807495,0.0053885020315647125,0.01356486789882183,0.0743161216378212,0.3814114034175873,0.5934332013130188,0.673276960849762,0.7925340533256531,1.6286228895187378,3.964343786239624,7.612486362457275,6.1957173347473145,6.0976433753967285,5.038269519805908,3.6801035404205322,5.471774578094482,6.3647141456604,13.131211280822754,10.31995677947998,8.728630065917969,8.930952072143555,7.270674705505371,13.125337600708008,4.745527744293213,6.470610618591309,5.2872700691223145,5.188679218292236,4.9124531745910645,5.375142574310303,3.2592411041259766,67.56321716308594,77.4294662475586,68.13835906982422,64.21463775634766,79.56922912597656,70.60201263427734,82.92430114746094,0.9889790415763855,1.4412564039230347,1.0378329753875732,1.2653088569641113,1.1826457977294922,1.1673507690429688,0.9425128698348999,0.40380868315696716,0.49847206473350525,0.3876873552799225,0.2824682295322418,0.31171172857284546,0.5071722269058228,0.27310165762901306,142.1531982421875,151.48660278320312,150.09385681152344,150.85272216796875,150.32191467285156,149.5616455078125,136.04855346679688,0.8702652454376221,2.043362855911255,1.3450554609298706,1.1809823513031006,1.5003196001052856,1.274445652961731,0.9288586974143982,0.12024181336164474,0.4256640374660492,0.3000020384788513,0.1801552027463913,0.24878546595573425,0.05492350086569786,0.15532878041267395
2025-05-30,7.044679164886475,10.641996383666992,5.161477088928223,59.39155578613281,1.1283022165298462,0.4991271197795868,144.28485107421875,1.7002657651901245,1.3658949136734009,0.045835208147764206,14.582608222961426,1.551784873008728,0.16652794182300568,1.2935491800308228,0.021002765744924545,0.01844918169081211,0.10549493134021759,0.7566307187080383,1.1296234130859375,1.405009388923645,1.1836419105529785,3.3449413776397705,4.113169193267822,3.964343786239624,7.612486362457275,6.1957173347473145,6.0976433753967285,5.038269519805908,3.6801035404205322,7.139242172241211,6.3647141456604,13.131211280822754,10.31995677947998,8.728630065917969,8.930952072143555,7.270674705505371,3.753525972366333,4.745527744293213,6.470610618591309,5.2872700691223145,5.188679218292236,4.9124531745910645,5.375142574310303,79.01487731933594,67.56321716308594,77.4294662475586,68.13835906982422,64.21463775634766,79.56922912597656,70.60201263427734,0.973558783531189,0.9889790415763855,1.4412564039230347,1.0378329753875732,1.2653088569641113,1.1826457977294922,1.1673507690429688,0.32460731267929077,0.40380868315696716,0.49847206473350525,0.3876873552799225,0.2824682295322418,0.31171172857284546,0.5071722269058228,134.07020568847656,142.1531982421875,151.48660278320312,150.09385681152344,150.85272216796875,150.32191467285156,149.5616455078125,1.3681386709213257,0.8702652454376221,2.043362855911255,1.3450554609298706,1.1809823513031006,1.5003196001052856,1.274445652961731,0.24584701657295227,0.12024181336164474,0.4256640374660492,0.3000020384788513,0.1801552027463913,0.24878546595573425,0.05492350086569786
2025-05-31,7.1969313621521,11.117866516113281,5.7765679359436035,61.03300476074219,1.367287516593933,0.4770687222480774,138.48974609375,2.0557522773742676,1.4851762056350708,0.049284208565950394,15.027445793151855,1.576101541519165,0.2239089459180832,1.2454609870910645,0.046601999551057816,0.02383842132985592,0.102702297270298,0.6620761752128601,1.281020998954773,1.0494611263275146,1.6316277980804443,3.101919174194336,7.044679164886475,4.113169193267822,3.964343786239624,7.612486362457275,6.1957173347473145,6.0976433753967285,5.038269519805908,10.641996383666992,7.139242172241211,6.3647141456604,13.131211280822754,10.31995677947998,8.728630065917969,8.930952072143555,5.161477088928223,3.753525972366333,4.745527744293213,6.470610618591309,5.2872700691223145,5.188679218292236,4.9124531745910645,59.39155578613281,79.01487731933594,67.56321716308594,77.4294662475586,68.13835906982422,64.21463775634766,79.56922912597656,1.1283022165298462,0.973558783531189,0.9889790415763855,1.4412564039230347,1.0378329753875732,1.2653088569641113,1.1826457977294922,0.4991271197795868,0.32460731267929077,0.40380868315696716,0.49847206473350525,0.3876873552799225,0.2824682295322418,0.31171172857284546,144.28485107421875,134.07020568847656,142.1531982421875,151.48660278320312,150.09385681152344,150.85272216796875,150.32191467285156,1.7002657651901245,1.3681386709213257,0.8702652454376221,2.043362855911255,1.3450554609298706,1.1809823513031006,1.5003196001052856,0.16652794182300568,0.24584701657295227,0.12024181336164474,0.4256640374660492,0.3000020384788513,0.1801552027463913,0.24878546595573425
2025-06-01,7.308274745941162,10.67162036895752,4.802809715270996,78.77823638916016,1.5657098293304443,0.2590738534927368,138.0564422607422,1.3546254634857178,1.5732165575027466,0.04243336245417595,16.04155158996582,2.160527467727661,0.722181499004364,0.3174905776977539,0.012803752906620502,0.026774361729621887,0.09591098129749298,0.5846623182296753,0.8588959574699402,1.0256987810134888,1.8557989597320557,2.6366796493530273,7.1969313621521,7.044679164886475,4.113169193267822,3.964343786239624,7.612486362457275,6.1957173347473145,6.0976433753967285,11.117866516113281,10.641996383666992,7.139242172241211,6.3647141456604,13.131211280822754,10.31995677947998,8.728630065917969,5.7765679359436035,5.161477088928223,3.753525972366333,4.745527744293213,6.470610618591309,5.2872700691223145,5.188679218292236,61.03300476074219,59.39155578613281,79.01487731933594,67.56321716308594,77.4294662475586,68.13835906982422,64.21463775634766,1.367287516593933,1.1283022165298462,0.973558783531189,0.9889790415763855,1.4412564039230347,1.0378329753875732,1.2653088569641113,0.4770687222480774,0.4991271197795868,0.32460731267929077,0.40380868315696716,0.49847206473350525,0.3876873552799225,0.2824682295322418,138.48974609375,144.28485107421875,134.07020568847656,142.1531982421875,151.48660278320312,150.09385681152344,150.85272216796875,2.0557522773742676,1.7002657651901245,1.3681386709213257,0.8702652454376221,2.043362855911255,1.3450554609298706,1.1809823513031006,0.2239089459180832,0.16652794182300568,0.24584701657295227,0.12024181336164474,0.4256640374660492,0.3000020384788513,0.1801552027463913
2025-06-02,10.052595138549805,14.992883682250977,5.046026229858398,81.3219985961914,1.0255331993103027,0.3875073492527008,157.8854217529297,2.0178463459014893,1.3112412691116333,0.04596384987235069,15.514204025268555,1.8089059591293335,0.8977187275886536,2.044050931930542,0.05382022261619568,0.011078432202339172,0.16765765845775604,1.071109652519226,1.367967963218689,1.742803692817688,2.635561227798462,4.186575889587402,7.308274745941162,7.1969313621521,7.044679164886475,4.113169193267822,3.964343786239624,7.612486362457275,6.1957173347473145,10.67162036895752,11.117866516113281,10.641996383666992,7.139242172241211,6.3647141456604,13.131211280822754,10.31995677947998,4.802809715270996,5.7765679359436035,5.161477088928223,3.753525972366333,4.745527744293213,6.470610618591309,5.2872700691223145,78.77823638916016,61.03300476074219,59.39155578613281,79.01487731933594,67.56321716308594,77.4294662475586,68.13835906982422,1.5657098293304443,1.367287516593933,1.1283022165298462,0.973558783531189,0.9889790415763855,1.4412564039230347,1.0378329753875732,0.2590738534927368,0.4770687222480774,0.4991271197795868,0.32460731267929077,0.40380868315696716,0.49847206473350525,0.3876873552799225,138.0564422607422,138.48974609375,144.28485107421875,134.07020568847656,142.1531982421875,151.48660278320312,150.09385681152344,1.3546254634857178,2.0557522773742676,1.7002657651901245,1.3681386709213257,0.8702652454376221,2.043362855911255,1.3450554609298706,0.722181499004364,0.2239089459180832,0.16652794182300568,0.24584701657295227,0.12024181336164474,0.4256640374660492,0.3000020384788513
2025-06-03,7.745151519775391,12.471015930175781,5.738065719604492,86.87503814697266,1.2334295511245728,0.4878363311290741,161.63482666015625,2.4131758213043213,1.3910365104675293,0.05501187592744827,18.21243667602539,2.3780457973480225,0.33838921785354614,1.720723271369934,0.021008118987083435,0.00977117009460926,0.1314055174589157,0.6965754628181458,1.0014374256134033,1.3168314695358276,1.571468710899353,2.789220094680786,10.052595138549805,7.308274745941162,7.1969313621521,7.044679164886475,4.113169193267822,3.964343786239624,7.612486362457275,14.992883682250977,10.67162036895752,11.117866516113281,10.641996383666992,7.139242172241211,6.3647141456604,13.131211280822754,5.046026229858398,4.802809715270996,5.7765679359436035,5.161477088928223,3.753525972366333,4.745527744293213,6.470610618591309,81.3219985961914,78.77823638916016,61.03300476074219,59.39155578613281,79.01487731933594,67.56321716308594,77.4294662475586,1.0255331993103027,1.5657098293304443,1.367287516593933,1.1283022165298462,0.973558783531189,0.9889790415763855,1.4412564039230347,0.3875073492527008,0.2590738534927368,0.4770687222480774,0.4991271197795868,0.32460731267929077,0.40380868315696716,0.49847206473350525,157.8854217529297,138.0564422607422,138.48974609375,144.28485107421875,134.07020568847656,142.1531982421875,151.48660278320312,2.0178463459014893,1.3546254634857178,2.0557522773742676,1.7002657651901245,1.3681386709213257,0.8702652454376221,2.043362855911255,0.8977187275886536,0.722181499004364,0.2239089459180832,0.16652794182300568,0.24584701657295227,0.12024181336164474,0.4256640374660492
2025-06-04,9.669241905212402,14.415403366088867,6.455433368682861,75.66361999511719,1.2383818626403809,0.43601077795028687,150.14295959472656,1.8704538345336914,1.7722803354263306,0.06859155744314194,20.896900177001953,3.009866952896118,1.372851014137268,0.47983527183532715,0.012651192024350166,0.012066347524523735,0.14292973279953003,0.6933305263519287,0.5965800285339355,1.3786890506744385,2.1985135078430176,2.8110857009887695,7.745151519775391,10.052595138549805,7.308274745941162,7.1969313621521,7.044679164886475,4.113169193267822,3.964343786239624,12.471015930175781,14.992883682250977,10.67162036895752,11.117866516113281,10.641996383666992,7.139242172241211,6.3647141456604,5.738065719604492,5.046026229858398,4.802809715270996,5.7765679359436035,5.161477088928223,3.753525972366333,4.745527744293213,86.87503814697266,81.3219985961914,78.77823638916016,61.03300476074219,59.39155578613281,79.01487731933594,67.56321716308594,1.2334295511245728,1.0255331993103027,1.5657098293304443,1.367287516593933,1.1283022165298462,0.973558783531189,0.9889790415763855,0.4878363311290741,0.3875073492527008,0.2590738534927368,0.4770687222480774,0.4991271197795868,0.32460731267929077,0.40380868315696716,161.63482666015625,157.8854217529297,138.0564422607422,138.48974609375,144.28485107421875,134.07020568847656,142.1531982421875,2.4131758213043213,2.0178463459014893,1.3546254634857178,2.0557522773742676,1.7002657651901245,1.3681386709213257,0.8702652454376221,0.33838921785354614,0.8977187275886536,0.722181499004364,0.2239089459180832,0.16652794182300568,0.24584701657295227,0.12024181336164474
2025-06-05,6.438469409942627,10.03498649597168,5.484389305114746,72.72469329833984,1.1410572528839111,0.4520483613014221,150.0311279296875,1.6289255619049072,1.5289453268051147,0.06880263239145279,19.56631851196289,2.8269639015197754,0.5582736134529114,0.6651055216789246,0.011488644406199455,0.009315269999206066,0.1329433023929596,0.550697386264801,0.673977255821228,1.011014699935913,1.3355754613876343,2.3687400817871094,9.669241905212402,7.745151519775391,10.052595138549805,7.308274745941162,7.1969313621521,7.044679164886475,4.113169193267822,14.415403366088867,12.471015930175781,14.992883682250977,10.67162036895752,11.117866516113281,10.641996383666992,7.139242172241211,6.455433368682861,5.738065719604492,5.046026229858398,4.802809715270996,5.7765679359436035,5.161477088928223,3.753525972366333,75.66361999511719,86.87503814697266,81.3219985961914,78.77823638916016,61.03300476074219,59.39155578613281,79.01487731933594,1.2383818626403809,1.2334295511245728,1.0255331993103027,1.5657098293304443,1.367287516593933,1.1283022165298462,0.973558783531189,0.43601077795028687,0.4878363311290741,0.3875073492527008,0.2590738534927368,0.4770687222480774,0.4991271197795868,0.32460731267929077,150.14295959472656,161.63482666015625,157.8854217529297,138.0564422607422,138.48974609375,144.28485107421875,134.07020568847656,1.8704538345336914,2.4131758213043213,2.0178463459014893,1.3546254634857178,2.0557522773742676,1.7002657651901245,1.3681386709213257,1.372851014137268,0.33838921785354614,0.8977187275886536,0.722181499004364,0.2239089459180832,0.16652794182300568,0.24584701657295227
2025-06-06,4.489593505859375,8.133865356445312,5.023238658905029,77.93984985351562,1.2102842330932617,0.2518565356731415,146.31216430664062,1.5396238565444946,1.3297921419143677,0.04641358554363251,13.752114295959473,1.9067327976226807,0.44329047203063965,0.7387478947639465,0.06338690966367722,0.006415058393031359,0.11067900061607361,0.40874332189559937,0.28896498680114746,1.0245990753173828,1.153477430343628,1.7969610691070557,6.438469409942627,9.669241905212402,7.745151519775391,10.052595138549805,7.308274745941162,7.1969313621521,7.044679164886475,10.03498649597168,14.415403366088867,12.471015930175781,14.992883682250977,10.67162036895752,11.117866516113281,10.641996383666992,5.484389305114746,6.455433368682861,5.738065719604492,5.046026229858398,4.802809715270996,5.7765679359436035,5.161477088928223,72.72469329833984,75.66361999511719,86.87503814697266,81.3219985961914,78.77823638916016,61.03300476074219,59.39155578613281,1.1410572528839111,1.2383818626403809,1.2334295511245728,1.0255331993103027,1.5657098293304443,1.367287516593933,1.1283022165298462,0.4520483613014221,0.43601077795028687,0.4878363311290741,0.3875073492527008,0.2590738534927368,0.4770687222480774,0.4991271197795868,150.0311279296875,150.14295959472656,161.63482666015625,157.8854217529297,138.0564422607422,138.48974609375,144.28485107421875,1.6289255619049072,1.8704538345336914,2.4131758213043213,2.0178463459014893,1.3546254634857178,2.0557522773742676,1.7002657651901245,0.5582736134529114,1.372851014137268,0.33838921785354614,0.8977187275886536,0.722181499004364,0.2239089459180832,0.16652794182300568
2025-06-07,4.499593257904053,7.407252788543701,4.8590617179870605,69.255126953125,1.1327317953109741,0.265979528427124,145.0705108642578,1.4726026058197021,1.4088988304138184,0.04502929747104645,13.266315460205078,2.168224573135376,0.17409269511699677,0.8763855695724487,0.06617453694343567,0.007969038560986519,0.10499008744955063,0.38316816091537476,0.29135093092918396,0.8633948564529419,1.1614660024642944,1.6058988571166992,4.489593505859375,6.438469409942627,9.669241905212402,7.745151519775391,10.052595138549805,7.308274745941162,7.1969313621521,8.133865356445312,10.03498649597168,14.415403366088867,12.471015930175781,14.992883682250977,10.67162036895752,11.117866516113281,5.023238658905029,5.484389305114746,6.455433368682861,5.738065719604492,5.046026229858398,4.802809715270996,5.7765679359436035,77.93984985351562,72.72469329833984,75.66361999511719,86.87503814697266,81.3219985961914,78.77823638916016,61.03300476074219,1.2102842330932617,1.1410572528839111,1.2383818626403809,1.2334295511245728,1.0255331993103027,1.5657098293304443,1.367287516593933,0.2518565356731415,0.4520483613014221,0.43601077795028687,0.4878363311290741,0.3875073492527008,0.2590738534927368,0.4770687222480774,146.31216430664062,150.0311279296875,150.14295959472656,161.63482666015625,157.8854217529297,138.0564422607422,138.48974609375,1.5396238565444946,1.6289255619049072,1.8704538345336914,2.4131758213043213,2.0178463459014893,1.3546254634857178,2.0557522773742676,0.44329047203063965,0.5582736134529114,1.372851014137268,0.33838921785354614,0.8977187275886536,0.722181499004364,0.2239089459180832
2025-06-08,4.422812461853027,7.364874839782715,3.2714974880218506,64.79641723632812,0.8840774297714233,0.2620891034603119,148.63967895507812,1.1691210269927979,1.0293782949447632,0.024429602548480034,8.972644805908203,1.7147469520568848,0.17653758823871613,0.911068320274353,0.021713431924581528,0.0065326932817697525,0.0891355350613594,0.36871057748794556,0.26776087284088135,0.9121473431587219,1.0914855003356934,1.572038173675537,4.499593257904053,4.489593505859375,6.438469409942627,9.669241905212402,7.745151519775391,10.052595138549805,7.308274745941162,7.407252788543701,8.133865356445312,10.03498649597168,14.415403366088867,12.471015930175781,14.992883682250977,10.67162036895752,4.8590617179870605,5.023238658905029,5.484389305114746,6.455433368682861,5.738065719604492,5.046026229858398,4.802809715270996,69.255126953125,77.93984985351562,72.72469329833984,75.66361999511719,86.87503814697266,81.3219985961914,78.77823638916016,1.1327317953109741,1.2102842330932617,1.1410572528839111,1.2383818626403809,1.2334295511245728,1.0255331993103027,1.5657098293304443,0.265979528427124,0.2518565356731415,0.4520483613014221,0.43601077795028687,0.4878363311290741,0.3875073492527008,0.2590738534927368,145.0705108642578,146.31216430664062,150.0311279296875,150.14295959472656,161.63482666015625,157.8854217529297,138.0564422607422,1.4726026058197021,1.5396238565444946,1.6289255619049072,1.8704538345336914,2.4131758213043213,2.0178463459014893,1.3546254634857178,0.17409269511699677,0.44329047203063965,0.5582736134529114,1.372851014137268,0.33838921785354614,0.8977187275886536,0.722181499004364
2025-06-09,5.104150772094727,7.904775142669678,3.6434414386749268,75.33487701416016,0.9688501954078674,0.26960161328315735,144.39678955078125,1.3158258199691772,0.9324439167976379,0.030653391033411026,12.250720977783203,1.6462749242782593,0.2111126184463501,1.557373046875,0.0036604199558496475,0.006099263671785593,0.10343912988901138,0.5651342272758484,0.5606570839881897,1.059992790222168,1.0822519063949585,2.1839687824249268,4.422812461853027,4.499593257904053,4.489593505859375,6.438469409942627,9.669241905212402,7.745151519775391,10.052595138549805,7.364874839782715,7.407252788543701,8.133865356445312,10.03498649597168,14.415403366088867,12.471015930175781,14.992883682250977,3.2714974880218506,4.8590617179870605,5.023238658905029,5.484389305114746,6.455433368682861,5.738065719604492,5.046026229858398,64.79641723632812,69.255126953125,77.93984985351562,72.72469329833984,75.66361999511719,86.87503814697266,81.3219985961914,0.8840774297714233,1.1327317953109741,1.2102842330932617,1.1410572528839111,1.2383818626403809,1.2334295511245728,1.0255331993103027,0.2620891034603119,0.265979528427124,0.2518565356731415,0.4520483613014221,0.43601077795028687,0.4878363311290741,0.3875073492527008,148.63967895507812,145.0705108642578,146.31216430664062,150.0311279296875,150.14295959472656,161.63482666015625,157.8854217529297,1.1691210269927979,1.4726026058197021,1.5396238565444946,1.6289255619049072,1.8704538345336914,2.4131758213043213,2.0178463459014893,0.17653758823871613,0.17409269511699677,0.44329047203063965,0.5582736134529114,1.372851014137268,0.33838921785354614,0.8977187275886536
2025-06-10,13.496005058288574,16.548965454101562,7.384510040283203,68.61234283447266,1.4027460813522339,0.424629271030426,222.8517303466797,1.9878283739089966,1.2200151681900024,0.0496126189827919,17.852489471435547,2.174720287322998,0.972845196723938,0.8000713586807251,0.006485743913799524,0.011000529862940311,0.2337014526128769,1.3013962507247925,1.9767534732818604,2.203202962875366,3.6503794193267822,5.728994846343994,5.104150772094727,4.422812461853027,4.499593257904053,4.489593505859375,6.438469409942627,9.669241905212402,7.745151519775391,7.904775142669678,7.364874839782715,7.407252788543701,8.133865356445312,10.03498649597168,14.415403366088867,12.471015930175781,3.6434414386749268,3.2714974880218506,4.8590617179870605,5.023238658905029,5.484389305114746,6.455433368682861,5.738065719604492,75.33487701416016,64.79641723632812,69.255126953125,77.93984985351562,72.72469329833984,75.66361999511719,86.87503814697266,0.9688501954078674,0.8840774297714233,1.1327317953109741,1.2102842330932617,1.1410572528839111,1.2383818626403809,1.2334295511245728,0.26960161328315735,0.2620891034603119,0.265979528427124,0.2518565356731415,0.4520483613014221,0.43601077795028687,0.4878363311290741,144.39678955078125,148.63967895507812,145.0705108642578,146.31216430664062,150.0311279296875,150.14295959472656,161.63482666015625,1.3158258199691772,1.1691210269927979,1.4726026058197021,1.5396238565444946,1.6289255619049072,1.8704538345336914,2.4131758213043213,0.2111126184463501,0.17653758823871613,0.17409269511699677,0.44329047203063965,0.5582736134529114,1.372851014137268,0.33838921785354614
2025-06-11,7.560916900634766,11.368165969848633,3.4357540607452393,84.4077377319336,0.7545771598815918,0.2939364016056061,206.82545471191406,1.1539051532745361,0.8325892090797424,0.02171752229332924,9.575048446655273,1.0951883792877197,0.3963510990142822,2.861665725708008,0.0003521695325616747,0.003919597715139389,0.09375341981649399,0.5036223530769348,0.34102922677993774,1.3537834882736206,1.490829348564148,2.1218807697296143,13.496005058288574,5.104150772094727,4.422812461853027,4.499593257904053,4.489593505859375,6.438469409942627,9.669241905212402,16.548965454101562,7.904775142669678,7.364874839782715,7.407252788543701,8.133865356445312,10.03498649597168,14.415403366088867,7.384510040283203,3.6434414386749268,3.2714974880218506,4.8590617179870605,5.023238658905029,5.484389305114746,6.455433368682861,68.61234283447266,75.33487701416016,64.79641723632812,69.255126953125,77.93984985351562,72.72469329833984,75.66361999511719,1.4027460813522339,0.9688501954078674,0.8840774297714233,1.1327317953109741,1.2102842330932617,1.1410572528839111,1.2383818626403809,0.424629271030426,0.26960161328315735,0.2620891034603119,0.265979528427124,0.2518565356731415,0.4520483613014221,0.43601077795028687,222.8517303466797,144.39678955078125,148.63967895507812,145.0705108642578,146.31216430664062,150.0311279296875,150.14295959472656,1.9878283739089966,1.3158258199691772,1.1691210269927979,1.4726026058197021,1.5396238565444946,1.6289255619049072,1.8704538345336914,0.972845196723938,0.2111126184463501,0.17653758823871613,0.17409269511699677,0.44329047203063965,0.5582736134529114,1.372851014137268
2025-06-12,5.239428997039795,9.249773979187012,3.977782726287842,77.7044677734375,1.447665810585022,0.5652819275856018,144.5024871826172,1.585375428199768,1.0797542333602905,0.0412726067006588,12.853501319885254,1.4061475992202759,0.6142134070396423,1.7701321840286255,0.03547663241624832,0.009728478267788887,0.10507570207118988,0.41019508242607117,0.44019532203674316,0.9772365093231201,1.1575255393981934,1.8946696519851685,7.560916900634766,13.496005058288574,5.104150772094727,4.422812461853027,4.499593257904053,4.489593505859375,6.438469409942627,11.368165969848633,16.548965454101562,7.904775142669678,7.364874839782715,7.407252788543701,8.133865356445312,10.03498649597168,3.4357540607452393,7.384510040283203,3.6434414386749268,3.2714974880218506,4.8590617179870605,5.023238658905029,5.484389305114746,84.4077377319336,68.61234283447266,75.33487701416016,64.79641723632812,69.255126953125,77.93984985351562,72.72469329833984,0.7545771598815918,1.4027460813522339,0.9688501954078674,0.8840774297714233,1.1327317953109741,1.2102842330932617,1.1410572528839111,0.2939364016056061,0.424629271030426,0.26960161328315735,0.2620891034603119,0.265979528427124,0.2518565356731415,0.4520483613014221,206.82545471191406,222.8517303466797,144.39678955078125,148.63967895507812,145.0705108642578,146.31216430664062,150.0311279296875,1.1539051532745361,1.9878283739089966,1.3158258199691772,1.1691210269927979,1.4726026058197021,1.5396238565444946,1.6289255619049072,0.3963510990142822,0.972845196723938,0.2111126184463501,0.17653758823871613,0.17409269511699677,0.44329047203063965,0.5582736134529114
2025-06-13,3.7834200859069824,5.218567848205566,3.4333906173706055,81.75981140136719,1.6574602127075195,0.39792460203170776,139.8303985595703,1.5290682315826416,1.2508519887924194,0.03540334478020668,10.632840156555176,1.2712982892990112,0.4344547390937805,0.30037808418273926,0.023645030334591866,0.02093893103301525,0.11046797037124634,0.2352580577135086,0.08006533980369568,0.7940018177032471,1.067513108253479,1.2566474676132202,5.239428997039795,7.560916900634766,13.496005058288574,5.104150772094727,4.422812461853027,4.499593257904053,4.489593505859375,9.249773979187012,11.368165969848633,16.548965454101562,7.904775142669678,7.364874839782715,7.407252788543701,8.133865356445312,3.977782726287842,3.4357540607452393,7.384510040283203,3.6434414386749268,3.2714974880218506,4.8590617179870605,5.023238658905029,77.7044677734375,84.4077377319336,68.61234283447266,75.33487701416016,64.79641723632812,69.255126953125,77.93984985351562,1.447665810585022,0.7545771598815918,1.4027460813522339,0.9688501954078674,0.8840774297714233,1.1327317953109741,1.2102842330932617,0.5652819275856018,0.2939364016056061,0.424629271030426,0.26960161328315735,0.2620891034603119,0.265979528427124,0.2518565356731415,144.5024871826172,206.82545471191406,222.8517303466797,144.39678955078125,148.63967895507812,145.0705108642578,146.31216430664062,1.585375428199768,1.1539051532745361,1.9878283739089966,1.3158258199691772,1.1691210269927979,1.4726026058197021,1.5396238565444946,0.6142134070396423,0.3963510990142822,0.972845196723938,0.2111126184463501,0.17653758823871613,0.17409269511699677,0.44329047203063965
2025-06-14,7.7508544921875,11.793106079101562,4.0286478996276855,100.75530242919922,2.421022653579712,0.26447245478630066,174.03195190429688,1.692720890045166,1.7226346731185913,0.04027067497372627,12.7186918258667,1.6695040464401245,0.5194640159606934,0.42937296628952026,0.005638347007334232,0.03427254036068916,0.10485772788524628,0.7158357501029968,0.27225688099861145,1.6021815538406372,1.8130244016647339,2.9953036308288574,3.7834200859069824,5.239428997039795,7.560916900634766,13.496005058288574,5.104150772094727,4.422812461853027,4.499593257904053,5.218567848205566,9.249773979187012,11.368165969848633,16.548965454101562,7.904775142669678,7.364874839782715,7.407252788543701,3.4333906173706055,3.977782726287842,3.4357540607452393,7.384510040283203,3.6434414386749268,3.2714974880218506,4.8590617179870605,81.75981140136719,77.7044677734375,84.4077377319336,68.61234283447266,75.33487701416016,64.79641723632812,69.255126953125,1.6574602127075195,1.447665810585022,0.7545771598815918,1.4027460813522339,0.9688501954078674,0.8840774297714233,1.1327317953109741,0.39792460203170776,0.5652819275856018,0.2939364016056061,0.424629271030426,0.26960161328315735,0.2620891034603119,0.265979528427124,139.8303985595703,144.5024871826172,206.82545471191406,222.8517303466797,144.39678955078125,148.63967895507812,145.0705108642578,1.5290682315826416,1.585375428199768,1.1539051532745361,1.9878283739089966,1.3158258199691772,1.1691210269927979,1.4726026058197021,0.4344547390937805,0.6142134070396423,0.3963510990142822,0.972845196723938,0.2111126184463501,0.17653758823871613,0.17409269511699677
2025-06-15,10.290409088134766,14.482508659362793,4.350128650665283,105.966552734375,2.41742205619812,0.25999078154563904,195.23922729492188,2.0070242881774902,2.343095064163208,0.07198638468980789,16.56613540649414,2.572284698486328,0.9544432759284973,0.3258267939090729,0.05323323234915733,0.04779663681983948,0.1503208577632904,0.8120961785316467,0.3337976634502411,2.098046064376831,3.0517497062683105,3.7096216678619385,7.7508544921875,3.7834200859069824,5.239428997039795,7.560916900634766,13.496005058288574,5.104150772094727,4.422812461853027,11.793106079101562,5.218567848205566,9.249773979187012,11.368165969848633,16.548965454101562,7.904775142669678,7.364874839782715,4.0286478996276855,3.4333906173706055,3.977782726287842,3.4357540607452393,7.384510040283203,3.6434414386749268,3.2714974880218506,100.75530242919922,81.75981140136719,77.7044677734375,84.4077377319336,68.61234283447266,75.33487701416016,64.79641723632812,2.421022653579712,1.6574602127075195,1.447665810585022,0.7545771598815918,1.4027460813522339,0.9688501954078674,0.8840774297714233,0.26447245478630066,0.39792460203170776,0.5652819275856018,0.2939364016056061,0.424629271030426,0.26960161328315735,0.2620891034603119,174.03195190429688,139.8303985595703,144.5024871826172,206.82545471191406,222.8517303466797,144.39678955078125,148.63967895507812,1.692720890045166,1.5290682315826416,1.585375428199768,1.1539051532745361,1.9878283739089966,1.3158258199691772,1.1691210269927979,0.5194640159606934,0.4344547390937805,0.6142134070396423,0.3963510990142822,0.972845196723938,0.2111126184463501,0.17653758823871613
2025-06-16,6.063153266906738,9.682032585144043,3.6241893768310547,79.90853118896484,0.7683729529380798,0.2488049566745758,184.4459228515625,1.2094734907150269,1.0097877979278564,0.027405934408307076,10.388989448547363,1.2098169326782227,0.4672355651855469,1.0394468307495117,0.04512513428926468,0.005847401916980743,0.10960754007101059,0.5018470883369446,0.5729999542236328,1.1381374597549438,1.53207528591156,2.1740589141845703,10.290409088134766,7.7508544921875,3.7834200859069824,5.239428997039795,7.560916900634766,13.496005058288574,5.104150772094727,14.482508659362793,11.793106079101562,5.218567848205566,9.249773979187012,11.368165969848633,16.548965454101562,7.904775142669678,4.350128650665283,4.0286478996276855,3.4333906173706055,3.977782726287842,3.4357540607452393,7.384510040283203,3.6434414386749268,105.966552734375,100.75530242919922,81.75981140136719,77.7044677734375,84.4077377319336,68.61234283447266,75.33487701416016,2.41742205619812,2.421022653579712,1.6574602127075195,1.447665810585022,0.7545771598815918,1.4027460813522339,0.9688501954078674,0.25999078154563904,0.26447245478630066,0.39792460203170776,0.5652819275856018,0.2939364016056061,0.424629271030426,0.26960161328315735,195.23922729492188,174.03195190429688,139.8303985595703,144.5024871826172,206.82545471191406,222.8517303466797,144.39678955078125,2.0070242881774902,1.692720890045166,1.5290682315826416,1.585375428199768,1.1539051532745361,1.9878283739089966,1.3158258199691772,0.9544432759284973,0.5194640159606934,0.4344547390937805,0.6142134070396423,0.3963510990142822,0.972845196723938,0.2111126184463501
2025-06-17,8.188350677490234,12.3151273727417,5.229105472564697,79.51056671142578,1.3070658445358276,0.49899211525917053,187.4971923828125,1.7321622371673584,1.3474465608596802,0.049476273357868195,15.851995468139648,1.159278154373169,0.9369519352912903,0.9328705072402954,0.01966153085231781,0.0073511055670678616,0.13332252204418182,0.5961019396781921,0.5268133282661438,1.481618046760559,2.011720657348633,2.6630306243896484,6.063153266906738,10.290409088134766,7.7508544921875,3.7834200859069824,5.239428997039795,7.560916900634766,13.496005058288574,9.682032585144043,14.482508659362793,11.793106079101562,5.218567848205566,9.249773979187012,11.368165969848633,16.548965454101562,3.6241893768310547,4.350128650665283,4.0286478996276855,3.4333906173706055,3.977782726287842,3.4357540607452393,7.384510040283203,79.90853118896484,105.966552734375,100.75530242919922,81.75981140136719,77.7044677734375,84.4077377319336,68.61234283447266,0.7683729529380798,2.41742205619812,2.421022653579712,1.6574602127075195,1.447665810585022,0.7545771598815918,1.4027460813522339,0.2488049566745758,0.25999078154563904,0.26447245478630066,0.39792460203170776,0.5652819275856018,0.2939364016056061,0.424629271030426,184.4459228515625,195.23922729492188,174.03195190429688,139.8303985595703,144.5024871826172,206.82545471191406,222.8517303466797,1.2094734907150269,2.0070242881774902,1.692720890045166,1.5290682315826416,1.585375428199768,1.1539051532745361,1.9878283739089966,0.4672355651855469,0.9544432759284973,0.5194640159606934,0.4344547390937805,0.6142134070396423,0.3963510990142822,0.972845196723938
2025-06-18,10.575200080871582,14.821455955505371,6.3827972412109375,83.40524291992188,1.1462428569793701,0.37704771757125854,196.1538848876953,2.6674716472625732,1.520284652709961,0.05847183242440224,18.17124366760254,1.5707998275756836,1.4983793497085571,0.8946447968482971,0.02527564764022827,0.008035941980779171,0.2073112428188324,0.9269387125968933,1.1085153818130493,1.939348816871643,3.242122173309326,4.089488506317139,8.188350677490234,6.063153266906738,10.290409088134766,7.7508544921875,3.7834200859069824,5.239428997039795,7.560916900634766,12.3151273727417,9.682032585144043,14.482508659362793,11.793106079101562,5.218567848205566,9.249773979187012,11.368165969848633,5.229105472564697,3.6241893768310547,4.350128650665283,4.0286478996276855,3.4333906173706055,3.977782726287842,3.4357540607452393,79.51056671142578,79.90853118896484,105.966552734375,100.75530242919922,81.75981140136719,77.7044677734375,84.4077377319336,1.3070658445358276,0.7683729529380798,2.41742205619812,2.421022653579712,1.6574602127075195,1.447665810585022,0.7545771598815918,0.49899211525917053,0.2488049566745758,0.25999078154563904,0.26447245478630066,0.39792460203170776,0.5652819275856018,0.2939364016056061,187.4971923828125,184.4459228515625,195.23922729492188,174.03195190429688,139.8303985595703,144.5024871826172,206.82545471191406,1.7321622371673584,1.2094734907150269,2.0070242881774902,1.692720890045166,1.5290682315826416,1.585375428199768,1.1539051532745361,0.9369519352912903,0.4672355651855469,0.9544432759284973,0.5194640159606934,0.4344547390937805,0.6142134070396423,0.3963510990142822
2025-06-19,5.414624214172363,10.292231559753418,2.7804646492004395,77.46439361572266,0.7972585558891296,0.29237064719200134,165.267333984375,1.4305869340896606,0.909813642501831,0.023113125935196877,9.210089683532715,0.8792003393173218,0.5850366353988647,3.353447675704956,0.010709337890148163,0.003945572767406702,0.08397240191698074,0.36465752124786377,0.18885751068592072,1.0133875608444214,1.2001310586929321,1.6589369773864746,10.575200080871582,8.188350677490234,6.063153266906738,10.290409088134766,7.7508544921875,3.7834200859069824,5.239428997039795,14.821455955505371,12.3151273727417,9.682032585144043,14.482508659362793,11.793106079101562,5.218567848205566,9.249773979187012,6.3827972412109375,5.229105472564697,3.6241893768310547,4.350128650665283,4.0286478996276855,3.4333906173706055,3.977782726287842,83.40524291992188,79.51056671142578,79.90853118896484,105.966552734375,100.75530242919922,81.75981140136719,77.7044677734375,1.1462428569793701,1.3070658445358276,0.7683729529380798,2.41742205619812,2.421022653579712,1.6574602127075195,1.447665810585022,0.37704771757125854,0.49899211525917053,0.2488049566745758,0.25999078154563904,0.26447245478630066,0.39792460203170776,0.5652819275856018,196.1538848876953,187.4971923828125,184.4459228515625,195.23922729492188,174.03195190429688,139.8303985595703,144.5024871826172,2.6674716472625732,1.7321622371673584,1.2094734907150269,2.0070242881774902,1.692720890045166,1.5290682315826416,1.585375428199768,1.4983793497085571,0.9369519352912903,0.4672355651855469,0.9544432759284973,0.5194640159606934,0.4344547390937805,0.6142134070396423
2025-06-20,5.479372978210449,10.427335739135742,4.189734935760498,72.62129974365234,1.051464557647705,0.4919019937515259,158.2028045654297,1.802329659461975,1.0400824546813965,0.03687899559736252,12.399524688720703,0.985171914100647,0.5856013894081116,3.8160130977630615,0.040013283491134644,0.005768153816461563,0.09887155145406723,0.34172356128692627,0.2608169913291931,0.9138041138648987,1.0324729681015015,1.5183615684509277,5.414624214172363,10.575200080871582,8.188350677490234,6.063153266906738,10.290409088134766,7.7508544921875,3.7834200859069824,10.292231559753418,14.821455955505371,12.3151273727417,9.682032585144043,14.482508659362793,11.793106079101562,5.218567848205566,2.7804646492004395,6.3827972412109375,5.229105472564697,3.6241893768310547,4.350128650665283,4.0286478996276855,3.4333906173706055,77.46439361572266,83.40524291992188,79.51056671142578,79.90853118896484,105.966552734375,100.75530242919922,81.75981140136719,0.7972585558891296,1.1462428569793701,1.3070658445358276,0.7683729529380798,2.41742205619812,2.421022653579712,1.6574602127075195,0.29237064719200134,0.37704771757125854,0.49899211525917053,0.2488049566745758,0.25999078154563904,0.26447245478630066,0.39792460203170776,165.267333984375,196.1538848876953,187.4971923828125,184.4459228515625,195.23922729492188,174.03195190429688,139.8303985595703,1.4305869340896606,2.6674716472625732,1.7321622371673584,1.2094734907150269,2.0070242881774902,1.692720890045166,1.5290682315826416,0.5850366353988647,1.4983793497085571,0.9369519352912903,0.4672355651855469,0.9544432759284973,0.5194640159606934,0.4344547390937805
2025-06-21,6.8420329093933105,11.420632362365723,5.448440074920654,88.09463500976562,1.5379540920257568,0.44020190834999084,184.8303680419922,2.2832186222076416,1.5651553869247437,0.05518180876970291,16.300582885742188,1.1898969411849976,1.0243936777114868,1.655016541481018,0.16731950640678406,0.01245152112096548,0.1413296014070511,0.40659454464912415,0.3198772966861725,1.0991766452789307,1.6210719347000122,1.991241693496704,5.479372978210449,5.414624214172363,10.575200080871582,8.188350677490234,6.063153266906738,10.290409088134766,7.7508544921875,10.427335739135742,10.292231559753418,14.821455955505371,12.3151273727417,9.682032585144043,14.482508659362793,11.793106079101562,4.189734935760498,2.7804646492004395,6.3827972412109375,5.229105472564697,3.6241893768310547,4.350128650665283,4.0286478996276855,72.62129974365234,77.46439361572266,83.40524291992188,79.51056671142578,79.90853118896484,105.966552734375,100.75530242919922,1.051464557647705,0.7972585558891296,1.1462428569793701,1.3070658445358276,0.7683729529380798,2.41742205619812,2.421022653579712,0.4919019937515259,0.29237064719200134,0.37704771757125854,0.49899211525917053,0.2488049566745758,0.25999078154563904,0.26447245478630066,158.2028045654297,165.267333984375,196.1538848876953,187.4971923828125,184.4459228515625,195.23922729492188,174.03195190429688,1.802329659461975,1.4305869340896606,2.6674716472625732,1.7321622371673584,1.2094734907150269,2.0070242881774902,1.692720890045166,0.5856013894081116,0.5850366353988647,1.4983793497085571,0.9369519352912903,0.4672355651855469,0.9544432759284973,0.5194640159606934
2025-06-22,9.283828735351562,14.965928077697754,6.365078926086426,102.77445220947266,1.7008912563323975,0.3638453781604767,199.8715362548828,3.0234434604644775,2.0545711517333984,0.05139489471912384,17.375871658325195,1.1261053085327148,1.848421335220337,1.0175957679748535,0.13498623669147491,0.010198704898357391,0.11424735933542252,0.5311755537986755,0.160605326294899,1.5254846811294556,2.7763025760650635,2.4847142696380615,6.8420329093933105,5.479372978210449,5.414624214172363,10.575200080871582,8.188350677490234,6.063153266906738,10.290409088134766,11.420632362365723,10.427335739135742,10.292231559753418,14.821455955505371,12.3151273727417,9.682032585144043,14.482508659362793,5.448440074920654,4.189734935760498,2.7804646492004395,6.3827972412109375,5.229105472564697,3.6241893768310547,4.350128650665283,88.09463500976562,72.62129974365234,77.46439361572266,83.40524291992188,79.51056671142578,79.90853118896484,105.966552734375,1.5379540920257568,1.051464557647705,0.7972585558891296,1.1462428569793701,1.3070658445358276,0.7683729529380798,2.41742205619812,0.44020190834999084,0.4919019937515259,0.29237064719200134,0.37704771757125854,0.49899211525917053,0.2488049566745758,0.25999078154563904,184.8303680419922,158.2028045654297,165.267333984375,196.1538848876953,187.4971923828125,184.4459228515625,195.23922729492188,2.2832186222076416,1.802329659461975,1.4305869340896606,2.6674716472625732,1.7321622371673584,1.2094734907150269,2.0070242881774902,1.0243936777114868,0.5856013894081116,0.5850366353988647,1.4983793497085571,0.9369519352912903,0.4672355651855469,0.9544432759284973
2025-06-23,5.982601165771484,9.197282791137695,3.387756824493408,86.60408782958984,0.9450829029083252,0.21708405017852783,151.75018310546875,1.8848755359649658,1.816016435623169,0.0495133101940155,13.983711242675781,1.3787342309951782,1.0651925802230835,1.3670337200164795,0.04039450362324715,0.006071956362575293,0.08125148713588715,0.4000222682952881,0.15766404569149017,1.0913889408111572,1.4372309446334839,1.7730469703674316,9.283828735351562,6.8420329093933105,5.479372978210449,5.414624214172363,10.575200080871582,8.188350677490234,6.063153266906738,14.965928077697754,11.420632362365723,10.427335739135742,10.292231559753418,14.821455955505371,12.3151273727417,9.682032585144043,6.365078926086426,5.448440074920654,4.189734935760498,2.7804646492004395,6.3827972412109375,5.229105472564697,3.6241893768310547,102.77445220947266,88.09463500976562,72.62129974365234,77.46439361572266,83.40524291992188,79.51056671142578,79.90853118896484,1.7008912563323975,1.5379540920257568,1.051464557647705,0.7972585558891296,1.1462428569793701,1.3070658445358276,0.7683729529380798,0.3638453781604767,0.44020190834999084,0.4919019937515259,0.29237064719200134,0.37704771757125854,0.49899211525917053,0.2488049566745758,199.8715362548828,184.8303680419922,158.2028045654297,165.267333984375,196.1538848876953,187.4971923828125,184.4459228515625,3.0234434604644775,2.2832186222076416,1.802329659461975,1.4305869340896606,2.6674716472625732,1.7321622371673584,1.2094734907150269,1.848421335220337,1.0243936777114868,0.5856013894081116,0.5850366353988647,1.4983793497085571,0.9369519352912903,0.4672355651855469
2025-06-24,5.866702556610107,12.069501876831055,4.178283214569092,85.0206527709961,1.6209567785263062,0.2615137994289398,148.92581176757812,2.1499462127685547,1.2100567817687988,0.04818335548043251,11.94218635559082,1.7456941604614258,0.326362282037735,4.109227180480957,0.059902746230363846,0.006185594014823437,0.11089503020048141,0.548754096031189,0.4377085268497467,1.1473220586776733,1.1081923246383667,2.3716773986816406,5.982601165771484,9.283828735351562,6.8420329093933105,5.479372978210449,5.414624214172363,10.575200080871582,8.188350677490234,9.197282791137695,14.965928077697754,11.420632362365723,10.427335739135742,10.292231559753418,14.821455955505371,12.3151273727417,3.387756824493408,6.365078926086426,5.448440074920654,4.189734935760498,2.7804646492004395,6.3827972412109375,5.229105472564697,86.60408782958984,102.77445220947266,88.09463500976562,72.62129974365234,77.46439361572266,83.40524291992188,79.51056671142578,0.9450829029083252,1.7008912563323975,1.5379540920257568,1.051464557647705,0.7972585558891296,1.1462428569793701,1.3070658445358276,0.21708405017852783,0.3638453781604767,0.44020190834999084,0.4919019937515259,0.29237064719200134,0.37704771757125854,0.49899211525917053,151.75018310546875,199.8715362548828,184.8303680419922,158.2028045654297,165.267333984375,196.1538848876953,187.4971923828125,1.8848755359649658,3.0234434604644775,2.2832186222076416,1.802329659461975,1.4305869340896606,2.6674716472625732,1.7321622371673584,1.0651925802230835,1.848421335220337,1.0243936777114868,0.5856013894081116,0.5850366353988647,1.4983793497085571,0.9369519352912903
2025-06-25,4.368592262268066,6.075726509094238,4.03893518447876,65.64952087402344,0.8498226404190063,0.33541759848594666,136.46224975585938,1.4763507843017578,1.4067649841308594,0.04996117576956749,13.946274757385254,1.3203774690628052,0.12420965731143951,1.176206350326538,0.027931489050388336,0.0055538141168653965,0.09000203758478165,0.37573495507240295,0.357286274433136,0.8392802476882935,0.7808161973953247,1.7999131679534912,5.866702556610107,5.982601165771484,9.283828735351562,6.8420329093933105,5.479372978210449,5.414624214172363,10.575200080871582,12.069501876831055,9.197282791137695,14.965928077697754,11.420632362365723,10.427335739135742,10.292231559753418,14.821455955505371,4.178283214569092,3.387756824493408,6.365078926086426,5.448440074920654,4.189734935760498,2.7804646492004395,6.3827972412109375,85.0206527709961,86.60408782958984,102.77445220947266,88.09463500976562,72.62129974365234,77.46439361572266,83.40524291992188,1.6209567785263062,0.9450829029083252,1.7008912563323975,1.5379540920257568,1.051464557647705,0.7972585558891296,1.1462428569793701,0.2615137994289398,0.21708405017852783,0.3638453781604767,0.44020190834999084,0.4919019937515259,0.29237064719200134,0.37704771757125854,148.92581176757812,151.75018310546875,199.8715362548828,184.8303680419922,158.2028045654297,165.267333984375,196.1538848876953,2.1499462127685547,1.8848755359649658,3.0234434604644775,2.2832186222076416,1.802329659461975,1.4305869340896606,2.6674716472625732,0.326362282037735,1.0651925802230835,1.848421335220337,1.0243936777114868,0.5856013894081116,0.5850366353988647,1.4983793497085571
2025-06-26,6.233179092407227,10.09981918334961,5.374027729034424,80.44906616210938,1.6782951354980469,0.4890129864215851,150.1049346923828,1.8327566385269165,2.0322389602661133,0.07154658436775208,20.391284942626953,2.3846285343170166,1.312877893447876,1.0611242055892944,0.01764622889459133,0.009557989425957203,0.11852779984474182,0.39175325632095337,0.20440548658370972,0.9451757073402405,2.034930467605591,1.7951421737670898,4.368592262268066,5.866702556610107,5.982601165771484,9.283828735351562,6.8420329093933105,5.479372978210449,5.414624214172363,6.075726509094238,12.069501876831055,9.197282791137695,14.965928077697754,11.420632362365723,10.427335739135742,10.292231559753418,4.03893518447876,4.178283214569092,3.387756824493408,6.365078926086426,5.448440074920654,4.189734935760498,2.7804646492004395,65.64952087402344,85.0206527709961,86.60408782958984,102.77445220947266,88.09463500976562,72.62129974365234,77.46439361572266,0.8498226404190063,1.6209567785263062,0.9450829029083252,1.7008912563323975,1.5379540920257568,1.051464557647705,0.7972585558891296,0.33541759848594666,0.2615137994289398,0.21708405017852783,0.3638453781604767,0.44020190834999084,0.4919019937515259,0.29237064719200134,136.46224975585938,148.92581176757812,151.75018310546875,199.8715362548828,184.8303680419922,158.2028045654297,165.267333984375,1.4763507843017578,2.1499462127685547,1.8848755359649658,3.0234434604644775,2.2832186222076416,1.802329659461975,1.4305869340896606,0.12420965731143951,0.326362282037735,1.0651925802230835,1.848421335220337,1.0243936777114868,0.5856013894081116,0.5850366353988647
2025-06-27,5.694219589233398,8.950423240661621,4.405338764190674,66.10643768310547,1.026265025138855,0.2749417722225189,134.25442504882812,1.5676088333129883,1.3312996625900269,0.048459552228450775,13.306431770324707,1.5606762170791626,0.46501782536506653,1.488476037979126,0.03778130188584328,0.005198042839765549,0.1047925129532814,0.5055161714553833,0.6622950434684753,0.8676921129226685,1.0518943071365356,2.1096737384796143,6.233179092407227,4.368592262268066,5.866702556610107,5.982601165771484,9.283828735351562,6.8420329093933105,5.479372978210449,10.09981918334961,6.075726509094238,12.069501876831055,9.197282791137695,14.965928077697754,11.420632362365723,10.427335739135742,5.374027729034424,4.03893518447876,4.178283214569092,3.387756824493408,6.365078926086426,5.448440074920654,4.189734935760498,80.44906616210938,65.64952087402344,85.0206527709961,86.60408782958984,102.77445220947266,88.09463500976562,72.62129974365234,1.6782951354980469,0.8498226404190063,1.6209567785263062,0.9450829029083252,1.7008912563323975,1.5379540920257568,1.051464557647705,0.4890129864215851,0.33541759848594666,0.2615137994289398,0.21708405017852783,0.3638453781604767,0.44020190834999084,0.4919019937515259,150.1049346923828,136.46224975585938,148.92581176757812,151.75018310546875,199.8715362548828,184.8303680419922,158.2028045654297,1.8327566385269165,1.4763507843017578,2.1499462127685547,1.8848755359649658,3.0234434604644775,2.2832186222076416,1.802329659461975,1.312877893447876,0.12420965731143951,0.326362282037735,1.0651925802230835,1.848421335220337,1.0243936777114868,0.5856013894081116
2025-06-28,7.412944793701172,10.994500160217285,4.6947021484375,77.65791320800781,1.4225032329559326,0.2796660363674164,146.7437286376953,2.551246166229248,1.671607255935669,0.05509530380368233,13.576921463012695,1.8347487449645996,0.2735970914363861,1.231850266456604,0.07611490041017532,0.00711554940789938,0.09836522489786148,0.7867909669876099,0.9717549681663513,1.2299625873565674,1.4036332368850708,3.4048988819122314,5.694219589233398,6.233179092407227,4.368592262268066,5.866702556610107,5.982601165771484,9.283828735351562,6.8420329093933105,8.950423240661621,10.09981918334961,6.075726509094238,12.069501876831055,9.197282791137695,14.965928077697754,11.420632362365723,4.405338764190674,5.374027729034424,4.03893518447876,4.178283214569092,3.387756824493408,6.365078926086426,5.448440074920654,66.10643768310547,80.44906616210938,65.64952087402344,85.0206527709961,86.60408782958984,102.77445220947266,88.09463500976562,1.026265025138855,1.6782951354980469,0.8498226404190063,1.6209567785263062,0.9450829029083252,1.7008912563323975,1.5379540920257568,0.2749417722225189,0.4890129864215851,0.33541759848594666,0.2615137994289398,0.21708405017852783,0.3638453781604767,0.44020190834999084,134.25442504882812,150.1049346923828,136.46224975585938,148.92581176757812,151.75018310546875,199.8715362548828,184.8303680419922,1.5676088333129883,1.8327566385269165,1.4763507843017578,2.1499462127685547,1.8848755359649658,3.0234434604644775,2.2832186222076416,0.46501782536506653,1.312877893447876,0.12420965731143951,0.326362282037735,1.0651925802230835,1.848421335220337,1.0243936777114868
2025-06-29,5.760380744934082,9.941896438598633,3.3526179790496826,71.1912841796875,0.8744640350341797,0.2613735795021057,137.1439666748047,1.837047815322876,1.5411608219146729,0.03944224864244461,10.565988540649414,1.1604806184768677,0.4434807300567627,2.3372859954833984,0.018674736842513084,0.005186809226870537,0.064848892390728,0.4658890664577484,0.5143864154815674,0.9605659246444702,1.130939245223999,2.084704875946045,7.412944793701172,5.694219589233398,6.233179092407227,4.368592262268066,5.866702556610107,5.982601165771484,9.283828735351562,10.994500160217285,8.950423240661621,10.09981918334961,6.075726509094238,12.069501876831055,9.197282791137695,14.965928077697754,4.6947021484375,4.405338764190674,5.374027729034424,4.03893518447876,4.178283214569092,3.387756824493408,6.365078926086426,77.65791320800781,66.10643768310547,80.44906616210938,65.64952087402344,85.0206527709961,86.60408782958984,102.77445220947266,1.4225032329559326,1.026265025138855,1.6782951354980469,0.8498226404190063,1.6209567785263062,0.9450829029083252,1.7008912563323975,0.2796660363674164,0.2749417722225189,0.4890129864215851,0.33541759848594666,0.2615137994289398,0.21708405017852783,0.3638453781604767,146.7437286376953,134.25442504882812,150.1049346923828,136.46224975585938,148.92581176757812,151.75018310546875,199.8715362548828,2.551246166229248,1.5676088333129883,1.8327566385269165,1.4763507843017578,2.1499462127685547,1.8848755359649658,3.0234434604644775,0.2735970914363861,0.46501782536506653,1.312877893447876,0.12420965731143951,0.326362282037735,1.0651925802230835,1.848421335220337
2025-06-30,5.919880390167236,11.137248039245605,3.7372937202453613,74.0142593383789,1.134937047958374,0.4400951862335205,140.6752166748047,1.7771586179733276,1.2019932270050049,0.040387410670518875,11.991865158081055,0.8367078900337219,0.23834463953971863,5.532503128051758,0.2397158443927765,0.005756657104939222,0.08614617586135864,0.2351885288953781,0.11119922995567322,0.6681765913963318,1.0882456302642822,1.0770518779754639,5.760380744934082,7.412944793701172,5.694219589233398,6.233179092407227,4.368592262268066,5.866702556610107,5.982601165771484,9.941896438598633,10.994500160217285,8.950423240661621,10.09981918334961,6.075726509094238,12.069501876831055,9.197282791137695,3.3526179790496826,4.6947021484375,4.405338764190674,5.374027729034424,4.03893518447876,4.178283214569092,3.387756824493408,71.1912841796875,77.65791320800781,66.10643768310547,80.44906616210938,65.64952087402344,85.0206527709961,86.60408782958984,0.8744640350341797,1.4225032329559326,1.026265025138855,1.6782951354980469,0.8498226404190063,1.6209567785263062,0.9450829029083252,0.2613735795021057,0.2796660363674164,0.2749417722225189,0.4890129864215851,0.33541759848594666,0.2615137994289398,0.21708405017852783,137.1439666748047,146.7437286376953,134.25442504882812,150.1049346923828,136.46224975585938,148.92581176757812,151.75018310546875,1.837047815322876,2.551246166229248,1.5676088333129883,1.8327566385269165,1.4763507843017578,2.1499462127685547,1.8848755359649658,0.4434807300567627,0.2735970914363861,0.46501782536506653,1.312877893447876,0.12420965731143951,0.326362282037735,1.0651925802230835
2025-07-01,6.238329887390137,11.376456260681152,5.480062961578369,88.78275299072266,2.243558883666992,0.5796025991439819,148.72402954101562,1.9329431056976318,2.0604121685028076,0.06533703953027725,16.418943405151367,1.2568002939224243,0.34901294112205505,2.996959686279297,0.14094877243041992,0.022686978802084923,0.1211162880063057,0.2927294373512268,0.11347302794456482,0.879615306854248,1.9403218030929565,1.370440125465393,5.919880390167236,5.760380744934082,7.412944793701172,5.694219589233398,6.233179092407227,4.368592262268066,5.866702556610107,11.137248039245605,9.941896438598633,10.994500160217285,8.950423240661621,10.09981918334961,6.075726509094238,12.069501876831055,3.7372937202453613,3.3526179790496826,4.6947021484375,4.405338764190674,5.374027729034424,4.03893518447876,4.178283214569092,74.0142593383789,71.1912841796875,77.65791320800781,66.10643768310547,80.44906616210938,65.64952087402344,85.0206527709961,1.134937047958374,0.8744640350341797,1.4225032329559326,1.026265025138855,1.6782951354980469,0.8498226404190063,1.6209567785263062,0.4400951862335205,0.2613735795021057,0.2796660363674164,0.2749417722225189,0.4890129864215851,0.33541759848594666,0.2615137994289398,140.6752166748047,137.1439666748047,146.7437286376953,134.25442504882812,150.1049346923828,136.46224975585938,148.92581176757812,1.7771586179733276,1.837047815322876,2.551246166229248,1.5676088333129883,1.8327566385269165,1.4763507843017578,2.1499462127685547,0.23834463953971863,0.4434807300567627,0.2735970914363861,0.46501782536506653,1.312877893447876,0.12420965731143951,0.326362282037735
2025-07-02,7.75079870223999,14.175864219665527,6.418559551239014,108.61585235595703,2.426879644393921,0.46213260293006897,156.7705841064453,2.9345154762268066,3.1658055782318115,0.09217929095029831,24.514081954956055,1.3297913074493408,0.6149262189865112,1.3402669429779053,0.19024181365966797,0.022098908200860023,0.14761577546596527,0.31823617219924927,0.05368315428495407,0.9907290935516357,3.439276933670044,1.5897082090377808,6.238329887390137,5.919880390167236,5.760380744934082,7.412944793701172,5.694219589233398,6.233179092407227,4.368592262268066,11.376456260681152,11.137248039245605,9.941896438598633,10.994500160217285,8.950423240661621,10.09981918334961,6.075726509094238,5.480062961578369,3.7372937202453613,3.3526179790496826,4.6947021484375,4.405338764190674,5.374027729034424,4.03893518447876,88.78275299072266,74.0142593383789,71.1912841796875,77.65791320800781,66.10643768310547,80.44906616210938,65.64952087402344,2.243558883666992,1.134937047958374,0.8744640350341797,1.4225032329559326,1.026265025138855,1.6782951354980469,0.8498226404190063,0.5796025991439819,0.4400951862335205,0.2613735795021057,0.2796660363674164,0.2749417722225189,0.4890129864215851,0.33541759848594666,148.72402954101562,140.6752166748047,137.1439666748047,146.7437286376953,134.25442504882812,150.1049346923828,136.46224975585938,1.9329431056976318,1.7771586179733276,1.837047815322876,2.551246166229248,1.5676088333129883,1.8327566385269165,1.4763507843017578,0.34901294112205505,0.23834463953971863,0.4434807300567627,0.2735970914363861,0.46501782536506653,1.312877893447876,0.12420965731143951
2025-07-03,6.32804012298584,12.322908401489258,3.5124378204345703,91.04783630371094,1.0839391946792603,0.2100890427827835,139.58493041992188,1.9695345163345337,1.738850712776184,0.04248851165175438,15.115741729736328,1.3062821626663208,0.6355834007263184,1.7568883895874023,0.13043412566184998,0.004639522172510624,0.10279861092567444,0.3649331033229828,0.19738076627254486,0.9147161841392517,1.8015276193618774,1.6040340662002563,7.75079870223999,6.238329887390137,5.919880390167236,5.760380744934082,7.412944793701172,5.694219589233398,6.233179092407227,14.175864219665527,11.376456260681152,11.137248039245605,9.941896438598633,10.994500160217285,8.950423240661621,10.09981918334961,6.418559551239014,5.480062961578369,3.7372937202453613,3.3526179790496826,4.6947021484375,4.405338764190674,5.374027729034424,108.61585235595703,88.78275299072266,74.0142593383789,71.1912841796875,77.65791320800781,66.10643768310547,80.44906616210938,2.426879644393921,2.243558883666992,1.134937047958374,0.8744640350341797,1.4225032329559326,1.026265025138855,1.6782951354980469,0.46213260293006897,0.5796025991439819,0.4400951862335205,0.2613735795021057,0.2796660363674164,0.2749417722225189,0.4890129864215851,156.7705841064453,148.72402954101562,140.6752166748047,137.1439666748047,146.7437286376953,134.25442504882812,150.1049346923828,2.9345154762268066,1.9329431056976318,1.7771586179733276,1.837047815322876,2.551246166229248,1.5676088333129883,1.8327566385269165,0.6149262189865112,0.34901294112205505,0.23834463953971863,0.4434807300567627,0.2735970914363861,0.46501782536506653,1.312877893447876
2025-07-04,4.710364818572998,9.58288860321045,4.400392055511475,74.53768157958984,0.9735836982727051,0.35697445273399353,144.24232482910156,1.9628781080245972,1.0495800971984863,0.03190433979034424,12.459025382995605,1.0154924392700195,0.287843257188797,2.2055463790893555,0.4023711383342743,0.003511479590088129,0.1123133972287178,0.2971281111240387,0.12042540311813354,0.8046460747718811,0.9422690272331238,1.2878717184066772,6.32804012298584,7.75079870223999,6.238329887390137,5.919880390167236,5.760380744934082,7.412944793701172,5.694219589233398,12.322908401489258,14.175864219665527,11.376456260681152,11.137248039245605,9.941896438598633,10.994500160217285,8.950423240661621,3.5124378204345703,6.418559551239014,5.480062961578369,3.7372937202453613,3.3526179790496826,4.6947021484375,4.405338764190674,91.04783630371094,108.61585235595703,88.78275299072266,74.0142593383789,71.1912841796875,77.65791320800781,66.10643768310547,1.0839391946792603,2.426879644393921,2.243558883666992,1.134937047958374,0.8744640350341797,1.4225032329559326,1.026265025138855,0.2100890427827835,0.46213260293006897,0.5796025991439819,0.4400951862335205,0.2613735795021057,0.2796660363674164,0.2749417722225189,139.58493041992188,156.7705841064453,148.72402954101562,140.6752166748047,137.1439666748047,146.7437286376953,134.25442504882812,1.9695345163345337,2.9345154762268066,1.9329431056976318,1.7771586179733276,1.837047815322876,2.551246166229248,1.5676088333129883,0.6355834007263184,0.6149262189865112,0.34901294112205505,0.23834463953971863,0.4434807300567627,0.2735970914363861,0.46501782536506653
2025-07-05,5.9235405921936035,11.785931587219238,5.301909923553467,95.61304473876953,1.5257028341293335,0.26678168773651123,161.47703552246094,3.1289608478546143,1.5491441488265991,0.04168926924467087,14.080815315246582,1.8063161373138428,0.4289986789226532,1.0425255298614502,0.6031175851821899,0.00538149056956172,0.13677062094211578,0.43021559715270996,0.18171656131744385,1.1354172229766846,1.6306248903274536,1.895984411239624,4.710364818572998,6.32804012298584,7.75079870223999,6.238329887390137,5.919880390167236,5.760380744934082,7.412944793701172,9.58288860321045,12.322908401489258,14.175864219665527,11.376456260681152,11.137248039245605,9.941896438598633,10.994500160217285,4.400392055511475,3.5124378204345703,6.418559551239014,5.480062961578369,3.7372937202453613,3.3526179790496826,4.6947021484375,74.53768157958984,91.04783630371094,108.61585235595703,88.78275299072266,74.0142593383789,71.1912841796875,77.65791320800781,0.9735836982727051,1.0839391946792603,2.426879644393921,2.243558883666992,1.134937047958374,0.8744640350341797,1.4225032329559326,0.35697445273399353,0.2100890427827835,0.46213260293006897,0.5796025991439819,0.4400951862335205,0.2613735795021057,0.2796660363674164,144.24232482910156,139.58493041992188,156.7705841064453,148.72402954101562,140.6752166748047,137.1439666748047,146.7437286376953,1.9628781080245972,1.9695345163345337,2.9345154762268066,1.9329431056976318,1.7771586179733276,1.837047815322876,2.551246166229248,0.287843257188797,0.6355834007263184,0.6149262189865112,0.34901294112205505,0.23834463953971863,0.4434807300567627,0.2735970914363861
2025-07-06,4.84890079498291,9.40999984741211,3.77020263671875,93.23828887939453,1.422542691230774,0.1913589984178543,152.36807250976562,2.6212010383605957,1.595795750617981,0.04392789676785469,12.611405372619629,1.6064916849136353,0.5382546186447144,0.6042949557304382,0.12013907730579376,0.00521500501781702,0.10102181136608124,0.3880554735660553,0.1984926462173462,1.0950580835342407,1.3731101751327515,1.7973008155822754,5.9235405921936035,4.710364818572998,6.32804012298584,7.75079870223999,6.238329887390137,5.919880390167236,5.760380744934082,11.785931587219238,9.58288860321045,12.322908401489258,14.175864219665527,11.376456260681152,11.137248039245605,9.941896438598633,5.301909923553467,4.400392055511475,3.5124378204345703,6.418559551239014,5.480062961578369,3.7372937202453613,3.3526179790496826,95.61304473876953,74.53768157958984,91.04783630371094,108.61585235595703,88.78275299072266,74.0142593383789,71.1912841796875,1.5257028341293335,0.9735836982727051,1.0839391946792603,2.426879644393921,2.243558883666992,1.134937047958374,0.8744640350341797,0.26678168773651123,0.35697445273399353,0.2100890427827835,0.46213260293006897,0.5796025991439819,0.4400951862335205,0.2613735795021057,161.47703552246094,144.24232482910156,139.58493041992188,156.7705841064453,148.72402954101562,140.6752166748047,137.1439666748047,3.1289608478546143,1.9628781080245972,1.9695345163345337,2.9345154762268066,1.9329431056976318,1.7771586179733276,1.837047815322876,0.4289986789226532,0.287843257188797,0.6355834007263184,0.6149262189865112,0.34901294112205505,0.23834463953971863,0.4434807300567627
2025-07-07,3.6330795288085938,5.979194164276123,4.6913743019104,73.1405258178711,1.201438069343567,0.3183012902736664,155.0415496826172,1.6306813955307007,1.4790518283843994,0.054308466613292694,16.121692657470703,2.1940982341766357,0.20625868439674377,0.17390012741088867,0.09302643686532974,0.0052913473919034,0.09281406551599503,0.27622976899147034,0.08442658931016922,0.6537561416625977,0.9662405848503113,1.249885082244873,4.84890079498291,5.9235405921936035,4.710364818572998,6.32804012298584,7.75079870223999,6.238329887390137,5.919880390167236,9.40999984741211,11.785931587219238,9.58288860321045,12.322908401489258,14.175864219665527,11.376456260681152,11.137248039245605,3.77020263671875,5.301909923553467,4.400392055511475,3.5124378204345703,6.418559551239014,5.480062961578369,3.7372937202453613,93.23828887939453,95.61304473876953,74.53768157958984,91.04783630371094,108.61585235595703,88.78275299072266,74.0142593383789,1.422542691230774,1.5257028341293335,0.9735836982727051,1.0839391946792603,2.426879644393921,2.243558883666992,1.134937047958374,0.1913589984178543,0.26678168773651123,0.35697445273399353,0.2100890427827835,0.46213260293006897,0.5796025991439819,0.4400951862335205,152.36807250976562,161.47703552246094,144.24232482910156,139.58493041992188,156.7705841064453,148.72402954101562,140.6752166748047,2.6212010383605957,3.1289608478546143,1.9628781080245972,1.9695345163345337,2.9345154762268066,1.9329431056976318,1.7771586179733276,0.5382546186447144,0.4289986789226532,0.287843257188797,0.6355834007263184,0.6149262189865112,0.34901294112205505,0.23834463953971863
2025-07-08,4.971166133880615,9.455131530761719,3.895665407180786,64.79370880126953,0.9534921050071716,0.2917028069496155,138.13516235351562,1.5587446689605713,1.0143793821334839,0.027904804795980453,10.967958450317383,1.1669946908950806,0.10448150336742401,3.5974135398864746,0.002646984998136759,0.0028428894001990557,0.07980570197105408,0.32060351967811584,0.174525186419487,0.7176116108894348,0.7174129486083984,1.339927077293396,3.6330795288085938,4.84890079498291,5.9235405921936035,4.710364818572998,6.32804012298584,7.75079870223999,6.238329887390137,5.979194164276123,9.40999984741211,11.785931587219238,9.58288860321045,12.322908401489258,14.175864219665527,11.376456260681152,4.6913743019104,3.77020263671875,5.301909923553467,4.400392055511475,3.5124378204345703,6.418559551239014,5.480062961578369,73.1405258178711,93.23828887939453,95.61304473876953,74.53768157958984,91.04783630371094,108.61585235595703,88.78275299072266,1.201438069343567,1.422542691230774,1.5257028341293335,0.9735836982727051,1.0839391946792603,2.426879644393921,2.243558883666992,0.3183012902736664,0.1913589984178543,0.26678168773651123,0.35697445273399353,0.2100890427827835,0.46213260293006897,0.5796025991439819,155.0415496826172,152.36807250976562,161.47703552246094,144.24232482910156,139.58493041992188,156.7705841064453,148.72402954101562,1.6306813955307007,2.6212010383605957,3.1289608478546143,1.9628781080245972,1.9695345163345337,2.9345154762268066,1.9329431056976318,0.20625868439674377,0.5382546186447144,0.4289986789226532,0.287843257188797,0.6355834007263184,0.6149262189865112,0.34901294112205505
2025-07-09,4.727870464324951,7.682130336761475,3.5797910690307617,59.96680450439453,0.8728495836257935,0.35659945011138916,138.6065216064453,1.3639072179794312,1.1702723503112793,0.032286230474710464,12.683849334716797,1.46529221534729,0.044655025005340576,1.2291115522384644,0.0009551901603117585,0.003602436510846019,0.06869155168533325,0.28666797280311584,0.2575124204158783,0.5902976989746094,1.234641432762146,1.3312146663665771,4.971166133880615,3.6330795288085938,4.84890079498291,5.9235405921936035,4.710364818572998,6.32804012298584,7.75079870223999,9.455131530761719,5.979194164276123,9.40999984741211,11.785931587219238,9.58288860321045,12.322908401489258,14.175864219665527,3.895665407180786,4.6913743019104,3.77020263671875,5.301909923553467,4.400392055511475,3.5124378204345703,6.418559551239014,64.79370880126953,73.1405258178711,93.23828887939453,95.61304473876953,74.53768157958984,91.04783630371094,108.61585235595703,0.9534921050071716,1.201438069343567,1.422542691230774,1.5257028341293335,0.9735836982727051,1.0839391946792603,2.426879644393921,0.2917028069496155,0.3183012902736664,0.1913589984178543,0.26678168773651123,0.35697445273399353,0.2100890427827835,0.46213260293006897,138.13516235351562,155.0415496826172,152.36807250976562,161.47703552246094,144.24232482910156,139.58493041992188,156.7705841064453,1.5587446689605713,1.6306813955307007,2.6212010383605957,3.1289608478546143,1.9628781080245972,1.9695345163345337,2.9345154762268066,0.10448150336742401,0.20625868439674377,0.5382546186447144,0.4289986789226532,0.287843257188797,0.6355834007263184,0.6149262189865112
2025-07-10,5.782137870788574,8.959813117980957,4.328103542327881,59.86870574951172,0.8404690027236938,0.4380466043949127,136.4467010498047,1.8683395385742188,1.3030219078063965,0.0427180752158165,15.822413444519043,1.5137139558792114,0.09888245910406113,1.5657167434692383,0.0016567499842494726,0.00487367482855916,0.08446520566940308,0.3163505792617798,0.37125036120414734,0.630876362323761,1.4451879262924194,1.486243724822998,4.727870464324951,4.971166133880615,3.6330795288085938,4.84890079498291,5.9235405921936035,4.710364818572998,6.32804012298584,7.682130336761475,9.455131530761719,5.979194164276123,9.40999984741211,11.785931587219238,9.58288860321045,12.322908401489258,3.5797910690307617,3.895665407180786,4.6913743019104,3.77020263671875,5.301909923553467,4.400392055511475,3.5124378204345703,59.96680450439453,64.79370880126953,73.1405258178711,93.23828887939453,95.61304473876953,74.53768157958984,91.04783630371094,0.8728495836257935,0.9534921050071716,1.201438069343567,1.422542691230774,1.5257028341293335,0.9735836982727051,1.0839391946792603,0.35659945011138916,0.2917028069496155,0.3183012902736664,0.1913589984178543,0.26678168773651123,0.35697445273399353,0.2100890427827835,138.6065216064453,138.13516235351562,155.0415496826172,152.36807250976562,161.47703552246094,144.24232482910156,139.58493041992188,1.3639072179794312,1.5587446689605713,1.6306813955307007,2.6212010383605957,3.1289608478546143,1.9628781080245972,1.9695345163345337,0.044655025005340576,0.10448150336742401,0.20625868439674377,0.5382546186447144,0.4289986789226532,0.287843257188797,0.6355834007263184
2025-07-11,4.979665756225586,8.307901382446289,4.842207431793213,60.25992965698242,0.9566200971603394,0.4248017370700836,135.3657989501953,1.8301013708114624,1.1779721975326538,0.03213753178715706,14.429743766784668,1.3330049514770508,0.1759503185749054,1.036088466644287,0.00925792008638382,0.003616110887378454,0.09141989052295685,0.3659907877445221,0.39374709129333496,0.7541254162788391,1.1771178245544434,1.6546683311462402,5.782137870788574,4.727870464324951,4.971166133880615,3.6330795288085938,4.84890079498291,5.9235405921936035,4.710364818572998,8.959813117980957,7.682130336761475,9.455131530761719,5.979194164276123,9.40999984741211,11.785931587219238,9.58288860321045,4.328103542327881,3.5797910690307617,3.895665407180786,4.6913743019104,3.77020263671875,5.301909923553467,4.400392055511475,59.86870574951172,59.96680450439453,64.79370880126953,73.1405258178711,93.23828887939453,95.61304473876953,74.53768157958984,0.8404690027236938,0.8728495836257935,0.9534921050071716,1.201438069343567,1.422542691230774,1.5257028341293335,0.9735836982727051,0.4380466043949127,0.35659945011138916,0.2917028069496155,0.3183012902736664,0.1913589984178543,0.26678168773651123,0.35697445273399353,136.4467010498047,138.6065216064453,138.13516235351562,155.0415496826172,152.36807250976562,161.47703552246094,144.24232482910156,1.8683395385742188,1.3639072179794312,1.5587446689605713,1.6306813955307007,2.6212010383605957,3.1289608478546143,1.9628781080245972,0.09888245910406113,0.044655025005340576,0.10448150336742401,0.20625868439674377,0.5382546186447144,0.4289986789226532,0.287843257188797
2025-07-12,4.965755939483643,6.450015068054199,5.683720588684082,40.58611297607422,0.9271366596221924,0.4463900923728943,142.81057739257812,0.810529887676239,1.2655937671661377,0.027419188991189003,18.85263442993164,1.9409860372543335,0.1822470873594284,0.26573577523231506,0.007825173437595367,0.005407988093793392,0.08202636986970901,0.3058911859989166,0.20004093647003174,0.676620364189148,1.2641092538833618,1.3875470161437988,4.979665756225586,5.782137870788574,4.727870464324951,4.971166133880615,3.6330795288085938,4.84890079498291,5.9235405921936035,8.307901382446289,8.959813117980957,7.682130336761475,9.455131530761719,5.979194164276123,9.40999984741211,11.785931587219238,4.842207431793213,4.328103542327881,3.5797910690307617,3.895665407180786,4.6913743019104,3.77020263671875,5.301909923553467,60.25992965698242,59.86870574951172,59.96680450439453,64.79370880126953,73.1405258178711,93.23828887939453,95.61304473876953,0.9566200971603394,0.8404690027236938,0.8728495836257935,0.9534921050071716,1.201438069343567,1.422542691230774,1.5257028341293335,0.4248017370700836,0.4380466043949127,0.35659945011138916,0.2917028069496155,0.3183012902736664,0.1913589984178543,0.26678168773651123,135.3657989501953,136.4467010498047,138.6065216064453,138.13516235351562,155.0415496826172,152.36807250976562,161.47703552246094,1.8301013708114624,1.8683395385742188,1.3639072179794312,1.5587446689605713,1.6306813955307007,2.6212010383605957,3.1289608478546143,0.1759503185749054,0.09888245910406113,0.044655025005340576,0.10448150336742401,0.20625868439674377,0.5382546186447144,0.4289986789226532
2025-07-13,5.664328575134277,7.963318824768066,4.807860374450684,48.639190673828125,1.2591443061828613,0.3431386351585388,147.5292510986328,1.1610428094863892,1.5954684019088745,0.04284942150115967,22.8931827545166,2.7987523078918457,0.12711994349956512,0.11958685517311096,0.010192994959652424,0.008319925516843796,0.07669428735971451,0.46642357110977173,0.2713281810283661,0.9412869215011597,1.514712929725647,2.0679774284362793,4.965755939483643,4.979665756225586,5.782137870788574,4.727870464324951,4.971166133880615,3.6330795288085938,4.84890079498291,6.450015068054199,8.307901382446289,8.959813117980957,7.682130336761475,9.455131530761719,5.979194164276123,9.40999984741211,5.683720588684082,4.842207431793213,4.328103542327881,3.5797910690307617,3.895665407180786,4.6913743019104,3.77020263671875,40.58611297607422,60.25992965698242,59.86870574951172,59.96680450439453,64.79370880126953,73.1405258178711,93.23828887939453,0.9271366596221924,0.9566200971603394,0.8404690027236938,0.8728495836257935,0.9534921050071716,1.201438069343567,1.422542691230774,0.4463900923728943,0.4248017370700836,0.4380466043949127,0.35659945011138916,0.2917028069496155,0.3183012902736664,0.1913589984178543,142.81057739257812,135.3657989501953,136.4467010498047,138.6065216064453,138.13516235351562,155.0415496826172,152.36807250976562,0.810529887676239,1.8301013708114624,1.8683395385742188,1.3639072179794312,1.5587446689605713,1.6306813955307007,2.6212010383605957,0.1822470873594284,0.1759503185749054,0.09888245910406113,0.044655025005340576,0.10448150336742401,0.20625868439674377,0.5382546186447144
2025-07-14,8.372156143188477,12.709359169006348,6.788767337799072,71.26241302490234,1.5177143812179565,0.7030069828033447,170.69207763671875,2.760387659072876,2.1215221881866455,0.07298671454191208,27.735389709472656,3.281813383102417,0.18288445472717285,0.30100151896476746,0.03203181177377701,0.008835322223603725,0.14290566742420197,0.7895171046257019,0.9089581370353699,1.4631922245025635,2.6394872665405273,3.6178643703460693,5.664328575134277,4.965755939483643,4.979665756225586,5.782137870788574,4.727870464324951,4.971166133880615,3.6330795288085938,7.963318824768066,6.450015068054199,8.307901382446289,8.959813117980957,7.682130336761475,9.455131530761719,5.979194164276123,4.807860374450684,5.683720588684082,4.842207431793213,4.328103542327881,3.5797910690307617,3.895665407180786,4.6913743019104,48.639190673828125,40.58611297607422,60.25992965698242,59.86870574951172,59.96680450439453,64.79370880126953,73.1405258178711,1.2591443061828613,0.9271366596221924,0.9566200971603394,0.8404690027236938,0.8728495836257935,0.9534921050071716,1.201438069343567,0.3431386351585388,0.4463900923728943,0.4248017370700836,0.4380466043949127,0.35659945011138916,0.2917028069496155,0.3183012902736664,147.5292510986328,142.81057739257812,135.3657989501953,136.4467010498047,138.6065216064453,138.13516235351562,155.0415496826172,1.1610428094863892,0.810529887676239,1.8301013708114624,1.8683395385742188,1.3639072179794312,1.5587446689605713,1.6306813955307007,0.12711994349956512,0.1822470873594284,0.1759503185749054,0.09888245910406113,0.044655025005340576,0.10448150336742401,0.20625868439674377
2025-07-15,8.355951309204102,11.924406051635742,6.644793510437012,65.20925903320312,1.014620065689087,0.4533112943172455,156.44895935058594,2.4765748977661133,1.7906986474990845,0.07034258544445038,22.493417739868164,2.477200508117676,0.18105047941207886,0.8585829734802246,0.030896201729774475,0.006356975995004177,0.14806942641735077,0.760292649269104,1.3540902137756348,0.985244870185852,2.464768648147583,3.196861743927002,8.372156143188477,5.664328575134277,4.965755939483643,4.979665756225586,5.782137870788574,4.727870464324951,4.971166133880615,12.709359169006348,7.963318824768066,6.450015068054199,8.307901382446289,8.959813117980957,7.682130336761475,9.455131530761719,6.788767337799072,4.807860374450684,5.683720588684082,4.842207431793213,4.328103542327881,3.5797910690307617,3.895665407180786,71.26241302490234,48.639190673828125,40.58611297607422,60.25992965698242,59.86870574951172,59.96680450439453,64.79370880126953,1.5177143812179565,1.2591443061828613,0.9271366596221924,0.9566200971603394,0.8404690027236938,0.8728495836257935,0.9534921050071716,0.7030069828033447,0.3431386351585388,0.4463900923728943,0.4248017370700836,0.4380466043949127,0.35659945011138916,0.2917028069496155,170.69207763671875,147.5292510986328,142.81057739257812,135.3657989501953,136.4467010498047,138.6065216064453,138.13516235351562,2.760387659072876,1.1610428094863892,0.810529887676239,1.8301013708114624,1.8683395385742188,1.3639072179794312,1.5587446689605713,0.18288445472717285,0.12711994349956512,0.1822470873594284,0.1759503185749054,0.09888245910406113,0.044655025005340576,0.10448150336742401
2025-07-16,5.817933082580566,10.515589714050293,6.369573593139648,62.6618766784668,1.156336784362793,0.6167490482330322,142.14328002929688,2.1820671558380127,1.5417875051498413,0.07398019731044769,19.399023056030273,2.508406400680542,0.09470947086811066,2.3381333351135254,0.01646406203508377,0.006551423110067844,0.12836787104606628,0.5314839482307434,1.0677902698516846,0.7602424621582031,1.2235562801361084,2.275902032852173,8.355951309204102,8.372156143188477,5.664328575134277,4.965755939483643,4.979665756225586,5.782137870788574,4.727870464324951,11.924406051635742,12.709359169006348,7.963318824768066,6.450015068054199,8.307901382446289,8.959813117980957,7.682130336761475,6.644793510437012,6.788767337799072,4.807860374450684,5.683720588684082,4.842207431793213,4.328103542327881,3.5797910690307617,65.20925903320312,71.26241302490234,48.639190673828125,40.58611297607422,60.25992965698242,59.86870574951172,59.96680450439453,1.014620065689087,1.5177143812179565,1.2591443061828613,0.9271366596221924,0.9566200971603394,0.8404690027236938,0.8728495836257935,0.4533112943172455,0.7030069828033447,0.3431386351585388,0.4463900923728943,0.4248017370700836,0.4380466043949127,0.35659945011138916,156.44895935058594,170.69207763671875,147.5292510986328,142.81057739257812,135.3657989501953,136.4467010498047,138.6065216064453,2.4765748977661133,2.760387659072876,1.1610428094863892,0.810529887676239,1.8301013708114624,1.8683395385742188,1.3639072179794312,0.18105047941207886,0.18288445472717285,0.12711994349956512,0.1822470873594284,0.1759503185749054,0.09888245910406113,0.044655025005340576
2025-07-17,6.5772833824157715,9.948702812194824,6.585244178771973,51.26058578491211,0.925865888595581,0.5739562511444092,145.6700439453125,1.7441288232803345,1.3674379587173462,0.0438823439180851,21.683698654174805,2.1014294624328613,0.08280050754547119,1.2795342206954956,0.009107369929552078,0.005843527149409056,0.12514665722846985,0.5753050446510315,1.0191433429718018,0.8958382606506348,1.6661772727966309,2.4169723987579346,5.817933082580566,8.355951309204102,8.372156143188477,5.664328575134277,4.965755939483643,4.979665756225586,5.782137870788574,10.515589714050293,11.924406051635742,12.709359169006348,7.963318824768066,6.450015068054199,8.307901382446289,8.959813117980957,6.369573593139648,6.644793510437012,6.788767337799072,4.807860374450684,5.683720588684082,4.842207431793213,4.328103542327881,62.6618766784668,65.20925903320312,71.26241302490234,48.639190673828125,40.58611297607422,60.25992965698242,59.86870574951172,1.156336784362793,1.014620065689087,1.5177143812179565,1.2591443061828613,0.9271366596221924,0.9566200971603394,0.8404690027236938,0.6167490482330322,0.4533112943172455,0.7030069828033447,0.3431386351585388,0.4463900923728943,0.4248017370700836,0.4380466043949127,142.14328002929688,156.44895935058594,170.69207763671875,147.5292510986328,142.81057739257812,135.3657989501953,136.4467010498047,2.1820671558380127,2.4765748977661133,2.760387659072876,1.1610428094863892,0.810529887676239,1.8301013708114624,1.8683395385742188,0.09470947086811066,0.18105047941207886,0.18288445472717285,0.12711994349956512,0.1822470873594284,0.1759503185749054,0.09888245910406113
2025-07-18,8.3454008102417,12.019791603088379,5.0842390060424805,73.48339080810547,1.230785608291626,0.35694947838783264,150.67901611328125,1.3369382619857788,1.871796727180481,0.0765644758939743,23.294931411743164,2.89669132232666,0.18072950839996338,0.3412253260612488,0.0086513701826334,0.008987648412585258,0.11987780034542084,0.7422137260437012,0.5027640461921692,1.5258945226669312,1.9874846935272217,3.734792470932007,6.5772833824157715,5.817933082580566,8.355951309204102,8.372156143188477,5.664328575134277,4.965755939483643,4.979665756225586,9.948702812194824,10.515589714050293,11.924406051635742,12.709359169006348,7.963318824768066,6.450015068054199,8.307901382446289,6.585244178771973,6.369573593139648,6.644793510437012,6.788767337799072,4.807860374450684,5.683720588684082,4.842207431793213,51.26058578491211,62.6618766784668,65.20925903320312,71.26241302490234,48.639190673828125,40.58611297607422,60.25992965698242,0.925865888595581,1.156336784362793,1.014620065689087,1.5177143812179565,1.2591443061828613,0.9271366596221924,0.9566200971603394,0.5739562511444092,0.6167490482330322,0.4533112943172455,0.7030069828033447,0.3431386351585388,0.4463900923728943,0.4248017370700836,145.6700439453125,142.14328002929688,156.44895935058594,170.69207763671875,147.5292510986328,142.81057739257812,135.3657989501953,1.7441288232803345,2.1820671558380127,2.4765748977661133,2.760387659072876,1.1610428094863892,0.810529887676239,1.8301013708114624,0.08280050754547119,0.09470947086811066,0.18105047941207886,0.18288445472717285,0.12711994349956512,0.1822470873594284,0.1759503185749054
2025-07-19,10.05154800415039,14.612513542175293,6.219727993011475,80.4722671508789,1.8656057119369507,0.44139525294303894,178.6248321533203,2.083101272583008,2.532761335372925,0.08709977567195892,28.517240524291992,3.265171527862549,0.12994754314422607,0.11719688028097153,0.00786424707621336,0.01343347504734993,0.13951921463012695,0.9803159832954407,1.010979175567627,1.8441314697265625,3.1981241703033447,4.433027744293213,8.3454008102417,6.5772833824157715,5.817933082580566,8.355951309204102,8.372156143188477,5.664328575134277,4.965755939483643,12.019791603088379,9.948702812194824,10.515589714050293,11.924406051635742,12.709359169006348,7.963318824768066,6.450015068054199,5.0842390060424805,6.585244178771973,6.369573593139648,6.644793510437012,6.788767337799072,4.807860374450684,5.683720588684082,73.48339080810547,51.26058578491211,62.6618766784668,65.20925903320312,71.26241302490234,48.639190673828125,40.58611297607422,1.230785608291626,0.925865888595581,1.156336784362793,1.014620065689087,1.5177143812179565,1.2591443061828613,0.9271366596221924,0.35694947838783264,0.5739562511444092,0.6167490482330322,0.4533112943172455,0.7030069828033447,0.3431386351585388,0.4463900923728943,150.67901611328125,145.6700439453125,142.14328002929688,156.44895935058594,170.69207763671875,147.5292510986328,142.81057739257812,1.3369382619857788,1.7441288232803345,2.1820671558380127,2.4765748977661133,2.760387659072876,1.1610428094863892,0.810529887676239,0.18072950839996338,0.08280050754547119,0.09470947086811066,0.18105047941207886,0.18288445472717285,0.12711994349956512,0.1822470873594284
2025-07-20,10.61196231842041,15.742170333862305,4.471678256988525,82.64141845703125,1.8049943447113037,0.21105463802814484,166.24124145507812,1.551452875137329,2.6126010417938232,0.04867582768201828,19.68446922302246,2.086500406265259,0.24127787351608276,0.1341475248336792,0.024922311305999756,0.019961558282375336,0.11359244585037231,0.7781238555908203,0.3641902506351471,1.721720576286316,2.9625749588012695,3.416567802429199,10.05154800415039,8.3454008102417,6.5772833824157715,5.817933082580566,8.355951309204102,8.372156143188477,5.664328575134277,14.612513542175293,12.019791603088379,9.948702812194824,10.515589714050293,11.924406051635742,12.709359169006348,7.963318824768066,6.219727993011475,5.0842390060424805,6.585244178771973,6.369573593139648,6.644793510437012,6.788767337799072,4.807860374450684,80.4722671508789,73.48339080810547,51.26058578491211,62.6618766784668,65.20925903320312,71.26241302490234,48.639190673828125,1.8656057119369507,1.230785608291626,0.925865888595581,1.156336784362793,1.014620065689087,1.5177143812179565,1.2591443061828613,0.44139525294303894,0.35694947838783264,0.5739562511444092,0.6167490482330322,0.4533112943172455,0.7030069828033447,0.3431386351585388,178.6248321533203,150.67901611328125,145.6700439453125,142.14328002929688,156.44895935058594,170.69207763671875,147.5292510986328,2.083101272583008,1.3369382619857788,1.7441288232803345,2.1820671558380127,2.4765748977661133,2.760387659072876,1.1610428094863892,0.12994754314422607,0.18072950839996338,0.08280050754547119,0.09470947086811066,0.18105047941207886,0.18288445472717285,0.12711994349956512
2025-07-21,8.808364868164062,11.995455741882324,6.785275936126709,68.77093505859375,1.1920725107192993,0.429482638835907,159.4927215576172,1.3708436489105225,2.1319174766540527,0.0753139853477478,27.696155548095703,2.5211315155029297,0.22131827473640442,0.12268710136413574,0.0844167098402977,0.015179146081209183,0.15048253536224365,0.4924468994140625,0.31201985478401184,1.141457200050354,2.5586392879486084,2.2584104537963867,10.61196231842041,10.05154800415039,8.3454008102417,6.5772833824157715,5.817933082580566,8.355951309204102,8.372156143188477,15.742170333862305,14.612513542175293,12.019791603088379,9.948702812194824,10.515589714050293,11.924406051635742,12.709359169006348,4.471678256988525,6.219727993011475,5.0842390060424805,6.585244178771973,6.369573593139648,6.644793510437012,6.788767337799072,82.64141845703125,80.4722671508789,73.48339080810547,51.26058578491211,62.6618766784668,65.20925903320312,71.26241302490234,1.8049943447113037,1.8656057119369507,1.230785608291626,0.925865888595581,1.156336784362793,1.014620065689087,1.5177143812179565,0.21105463802814484,0.44139525294303894,0.35694947838783264,0.5739562511444092,0.6167490482330322,0.4533112943172455,0.7030069828033447,166.24124145507812,178.6248321533203,150.67901611328125,145.6700439453125,142.14328002929688,156.44895935058594,170.69207763671875,1.551452875137329,2.083101272583008,1.3369382619857788,1.7441288232803345,2.1820671558380127,2.4765748977661133,2.760387659072876,0.24127787351608276,0.12994754314422607,0.18072950839996338,0.08280050754547119,0.09470947086811066,0.18105047941207886,0.18288445472717285
2025-07-22,5.625088691711426,9.098484992980957,5.253264427185059,63.997013092041016,1.1041479110717773,0.5227272510528564,151.9552459716797,1.3037278652191162,1.633583426475525,0.05635352432727814,18.801536560058594,2.8300704956054688,0.06958924978971481,0.560679018497467,0.0818285122513771,0.006037507671862841,0.12518997490406036,0.4305787682533264,0.4107968509197235,0.8221353888511658,1.4568073749542236,2.034949779510498,8.808364868164062,10.61196231842041,10.05154800415039,8.3454008102417,6.5772833824157715,5.817933082580566,8.355951309204102,11.995455741882324,15.742170333862305,14.612513542175293,12.019791603088379,9.948702812194824,10.515589714050293,11.924406051635742,6.785275936126709,4.471678256988525,6.219727993011475,5.0842390060424805,6.585244178771973,6.369573593139648,6.644793510437012,68.77093505859375,82.64141845703125,80.4722671508789,73.48339080810547,51.26058578491211,62.6618766784668,65.20925903320312,1.1920725107192993,1.8049943447113037,1.8656057119369507,1.230785608291626,0.925865888595581,1.156336784362793,1.014620065689087,0.429482638835907,0.21105463802814484,0.44139525294303894,0.35694947838783264,0.5739562511444092,0.6167490482330322,0.4533112943172455,159.4927215576172,166.24124145507812,178.6248321533203,150.67901611328125,145.6700439453125,142.14328002929688,156.44895935058594,1.3708436489105225,1.551452875137329,2.083101272583008,1.3369382619857788,1.7441288232803345,2.1820671558380127,2.4765748977661133,0.22131827473640442,0.24127787351608276,0.12994754314422607,0.18072950839996338,0.08280050754547119,0.09470947086811066,0.18105047941207886
2025-07-23,6.463375091552734,9.648567199707031,5.736490249633789,68.04045867919922,1.0388267040252686,0.28312039375305176,161.0338592529297,1.5117380619049072,1.4840471744537354,0.04842619597911835,18.160791397094727,2.59186053276062,0.03513506054878235,0.870406448841095,0.08599001914262772,0.005219464655965567,0.1278589814901352,0.5990296602249146,1.1011462211608887,0.9388892650604248,1.3732764720916748,2.6381826400756836,5.625088691711426,8.808364868164062,10.61196231842041,10.05154800415039,8.3454008102417,6.5772833824157715,5.817933082580566,9.098484992980957,11.995455741882324,15.742170333862305,14.612513542175293,12.019791603088379,9.948702812194824,10.515589714050293,5.253264427185059,6.785275936126709,4.471678256988525,6.219727993011475,5.0842390060424805,6.585244178771973,6.369573593139648,63.997013092041016,68.77093505859375,82.64141845703125,80.4722671508789,73.48339080810547,51.26058578491211,62.6618766784668,1.1041479110717773,1.1920725107192993,1.8049943447113037,1.8656057119369507,1.230785608291626,0.925865888595581,1.156336784362793,0.5227272510528564,0.429482638835907,0.21105463802814484,0.44139525294303894,0.35694947838783264,0.5739562511444092,0.6167490482330322,151.9552459716797,159.4927215576172,166.24124145507812,178.6248321533203,150.67901611328125,145.6700439453125,142.14328002929688,1.3037278652191162,1.3708436489105225,1.551452875137329,2.083101272583008,1.3369382619857788,1.7441288232803345,2.1820671558380127,0.06958924978971481,0.22131827473640442,0.24127787351608276,0.12994754314422607,0.18072950839996338,0.08280050754547119,0.09470947086811066
2025-07-24,6.596662998199463,10.32038688659668,5.953423976898193,65.60647583007812,0.9059774279594421,0.3763097822666168,160.04640197753906,2.022413969039917,1.5756986141204834,0.05601969733834267,21.233625411987305,2.0547587871551514,0.06502340734004974,1.1973179578781128,0.023933980613946915,0.005326454062014818,0.12749651074409485,0.4306551218032837,0.4120185077190399,0.9887194037437439,1.5924838781356812,1.872313141822815,6.463375091552734,5.625088691711426,8.808364868164062,10.61196231842041,10.05154800415039,8.3454008102417,6.5772833824157715,9.648567199707031,9.098484992980957,11.995455741882324,15.742170333862305,14.612513542175293,12.019791603088379,9.948702812194824,5.736490249633789,5.253264427185059,6.785275936126709,4.471678256988525,6.219727993011475,5.0842390060424805,6.585244178771973,68.04045867919922,63.997013092041016,68.77093505859375,82.64141845703125,80.4722671508789,73.48339080810547,51.26058578491211,1.0388267040252686,1.1041479110717773,1.1920725107192993,1.8049943447113037,1.8656057119369507,1.230785608291626,0.925865888595581,0.28312039375305176,0.5227272510528564,0.429482638835907,0.21105463802814484,0.44139525294303894,0.35694947838783264,0.5739562511444092,161.0338592529297,151.9552459716797,159.4927215576172,166.24124145507812,178.6248321533203,150.67901611328125,145.6700439453125,1.5117380619049072,1.3037278652191162,1.3708436489105225,1.551452875137329,2.083101272583008,1.3369382619857788,1.7441288232803345,0.03513506054878235,0.06958924978971481,0.22131827473640442,0.24127787351608276,0.12994754314422607,0.18072950839996338,0.08280050754547119
2025-07-25,7.478816509246826,10.375868797302246,5.928551197052002,64.59725189208984,0.9267266392707825,0.4265722632408142,176.78665161132812,1.8659110069274902,2.1620445251464844,0.08707352727651596,27.176984786987305,2.495839834213257,0.0812065452337265,0.5538691282272339,0.01830296218395233,0.00599767966195941,0.1442558914422989,0.5733704566955566,0.5134923458099365,1.0104726552963257,1.5773208141326904,2.402193784713745,6.596662998199463,6.463375091552734,5.625088691711426,8.808364868164062,10.61196231842041,10.05154800415039,8.3454008102417,10.32038688659668,9.648567199707031,9.098484992980957,11.995455741882324,15.742170333862305,14.612513542175293,12.019791603088379,5.953423976898193,5.736490249633789,5.253264427185059,6.785275936126709,4.471678256988525,6.219727993011475,5.0842390060424805,65.60647583007812,68.04045867919922,63.997013092041016,68.77093505859375,82.64141845703125,80.4722671508789,73.48339080810547,0.9059774279594421,1.0388267040252686,1.1041479110717773,1.1920725107192993,1.8049943447113037,1.8656057119369507,1.230785608291626,0.3763097822666168,0.28312039375305176,0.5227272510528564,0.429482638835907,0.21105463802814484,0.44139525294303894,0.35694947838783264,160.04640197753906,161.0338592529297,151.9552459716797,159.4927215576172,166.24124145507812,178.6248321533203,150.67901611328125,2.022413969039917,1.5117380619049072,1.3037278652191162,1.3708436489105225,1.551452875137329,2.083101272583008,1.3369382619857788,0.06502340734004974,0.03513506054878235,0.06958924978971481,0.22131827473640442,0.24127787351608276,0.12994754314422607,0.18072950839996338
2025-07-26,6.105650901794434,9.514891624450684,4.103695869445801,62.55192565917969,0.7862091064453125,0.19816215336322784,138.17723083496094,1.8488357067108154,1.3620893955230713,0.03373544290661812,15.649996757507324,1.4328514337539673,0.12523600459098816,1.648878574371338,0.009877935983240604,0.0056783584877848625,0.0805455818772316,0.4656822681427002,0.3254522681236267,0.9727233648300171,1.433019995689392,1.9565259218215942,7.478816509246826,6.596662998199463,6.463375091552734,5.625088691711426,8.808364868164062,10.61196231842041,10.05154800415039,10.375868797302246,10.32038688659668,9.648567199707031,9.098484992980957,11.995455741882324,15.742170333862305,14.612513542175293,5.928551197052002,5.953423976898193,5.736490249633789,5.253264427185059,6.785275936126709,4.471678256988525,6.219727993011475,64.59725189208984,65.60647583007812,68.04045867919922,63.997013092041016,68.77093505859375,82.64141845703125,80.4722671508789,0.9267266392707825,0.9059774279594421,1.0388267040252686,1.1041479110717773,1.1920725107192993,1.8049943447113037,1.8656057119369507,0.4265722632408142,0.3763097822666168,0.28312039375305176,0.5227272510528564,0.429482638835907,0.21105463802814484,0.44139525294303894,176.78665161132812,160.04640197753906,161.0338592529297,151.9552459716797,159.4927215576172,166.24124145507812,178.6248321533203,1.8659110069274902,2.022413969039917,1.5117380619049072,1.3037278652191162,1.3708436489105225,1.551452875137329,2.083101272583008,0.0812065452337265,0.06502340734004974,0.03513506054878235,0.06958924978971481,0.22131827473640442,0.24127787351608276,0.12994754314422607
2025-07-27,7.4822611808776855,11.68014907836914,4.395637035369873,66.88026428222656,1.0820409059524536,0.2811717689037323,148.6774139404297,2.7933194637298584,1.6674505472183228,0.05235394462943077,18.307771682739258,1.978218674659729,0.19754096865653992,1.0752772092819214,0.003555796341970563,0.007629054598510265,0.09875518828630447,0.6981824040412903,0.6055537462234497,1.47383713722229,1.8920458555221558,2.959038257598877,6.105650901794434,7.478816509246826,6.596662998199463,6.463375091552734,5.625088691711426,8.808364868164062,10.61196231842041,9.514891624450684,10.375868797302246,10.32038688659668,9.648567199707031,9.098484992980957,11.995455741882324,15.742170333862305,4.103695869445801,5.928551197052002,5.953423976898193,5.736490249633789,5.253264427185059,6.785275936126709,4.471678256988525,62.55192565917969,64.59725189208984,65.60647583007812,68.04045867919922,63.997013092041016,68.77093505859375,82.64141845703125,0.7862091064453125,0.9267266392707825,0.9059774279594421,1.0388267040252686,1.1041479110717773,1.1920725107192993,1.8049943447113037,0.19816215336322784,0.4265722632408142,0.3763097822666168,0.28312039375305176,0.5227272510528564,0.429482638835907,0.21105463802814484,138.17723083496094,176.78665161132812,160.04640197753906,161.0338592529297,151.9552459716797,159.4927215576172,166.24124145507812,1.8488357067108154,1.8659110069274902,2.022413969039917,1.5117380619049072,1.3037278652191162,1.3708436489105225,1.551452875137329,0.12523600459098816,0.0812065452337265,0.06502340734004974,0.03513506054878235,0.06958924978971481,0.22131827473640442,0.24127787351608276
2025-07-28,7.139849662780762,11.14128589630127,3.5840206146240234,59.788719177246094,0.850874662399292,0.3447180390357971,148.6016845703125,1.5028979778289795,1.2096188068389893,0.03620632365345955,14.974238395690918,1.2974129915237427,0.1034131646156311,1.7672579288482666,0.0004030201816931367,0.004181935917586088,0.09639900922775269,0.5924645066261292,0.5366123914718628,1.0984723567962646,1.392806053161621,2.562020778656006,7.4822611808776855,6.105650901794434,7.478816509246826,6.596662998199463,6.463375091552734,5.625088691711426,8.808364868164062,11.68014907836914,9.514891624450684,10.375868797302246,10.32038688659668,9.648567199707031,9.098484992980957,11.995455741882324,4.395637035369873,4.103695869445801,5.928551197052002,5.953423976898193,5.736490249633789,5.253264427185059,6.785275936126709,66.88026428222656,62.55192565917969,64.59725189208984,65.60647583007812,68.04045867919922,63.997013092041016,68.77093505859375,1.0820409059524536,0.7862091064453125,0.9267266392707825,0.9059774279594421,1.0388267040252686,1.1041479110717773,1.1920725107192993,0.2811717689037323,0.19816215336322784,0.4265722632408142,0.3763097822666168,0.28312039375305176,0.5227272510528564,0.429482638835907,148.6774139404297,138.17723083496094,176.78665161132812,160.04640197753906,161.0338592529297,151.9552459716797,159.4927215576172,2.7933194637298584,1.8488357067108154,1.8659110069274902,2.022413969039917,1.5117380619049072,1.3037278652191162,1.3708436489105225,0.19754096865653992,0.12523600459098816,0.0812065452337265,0.06502340734004974,0.03513506054878235,0.06958924978971481,0.22131827473640442
2025-07-29,4.506078243255615,8.647676467895508,3.8741588592529297,60.83073043823242,1.001890778541565,0.4054437279701233,152.92311096191406,1.7633260488510132,1.0647823810577393,0.03148524835705757,12.187253952026367,0.8959598541259766,0.03815002739429474,3.693981409072876,2.3790497039044567e-07,0.0032119371462613344,0.08465121686458588,0.34046754240989685,0.23681987822055817,0.670415997505188,0.7586241960525513,1.4012936353683472,7.139849662780762,7.4822611808776855,6.105650901794434,7.478816509246826,6.596662998199463,6.463375091552734,5.625088691711426,11.14128589630127,11.68014907836914,9.514891624450684,10.375868797302246,10.32038688659668,9.648567199707031,9.098484992980957,3.5840206146240234,4.395637035369873,4.103695869445801,5.928551197052002,5.953423976898193,5.736490249633789,5.253264427185059,59.788719177246094,66.88026428222656,62.55192565917969,64.59725189208984,65.60647583007812,68.04045867919922,63.997013092041016,0.850874662399292,1.0820409059524536,0.7862091064453125,0.9267266392707825,0.9059774279594421,1.0388267040252686,1.1041479110717773,0.3447180390357971,0.2811717689037323,0.19816215336322784,0.4265722632408142,0.3763097822666168,0.28312039375305176,0.5227272510528564,148.6016845703125,148.6774139404297,138.17723083496094,176.78665161132812,160.04640197753906,161.0338592529297,151.9552459716797,1.5028979778289795,2.7933194637298584,1.8488357067108154,1.8659110069274902,2.022413969039917,1.5117380619049072,1.3037278652191162,0.1034131646156311,0.19754096865653992,0.12523600459098816,0.0812065452337265,0.06502340734004974,0.03513506054878235,0.06958924978971481
2025-07-30,4.759625434875488,8.951150894165039,4.980035305023193,62.83140182495117,1.5765187740325928,0.5481231808662415,151.45108032226562,2.425852060317993,1.2170984745025635,0.047743190079927444,16.08302879333496,1.497029423713684,0.04537208005785942,2.809157609939575,0.024560634046792984,0.00529238348826766,0.10802813619375229,0.3928253650665283,0.42090165615081787,0.7723114490509033,1.0128198862075806,1.6541368961334229,4.506078243255615,7.139849662780762,7.4822611808776855,6.105650901794434,7.478816509246826,6.596662998199463,6.463375091552734,8.647676467895508,11.14128589630127,11.68014907836914,9.514891624450684,10.375868797302246,10.32038688659668,9.648567199707031,3.8741588592529297,3.5840206146240234,4.395637035369873,4.103695869445801,5.928551197052002,5.953423976898193,5.736490249633789,60.83073043823242,59.788719177246094,66.88026428222656,62.55192565917969,64.59725189208984,65.60647583007812,68.04045867919922,1.001890778541565,0.850874662399292,1.0820409059524536,0.7862091064453125,0.9267266392707825,0.9059774279594421,1.0388267040252686,0.4054437279701233,0.3447180390357971,0.2811717689037323,0.19816215336322784,0.4265722632408142,0.3763097822666168,0.28312039375305176,152.92311096191406,148.6016845703125,148.6774139404297,138.17723083496094,176.78665161132812,160.04640197753906,161.0338592529297,1.7633260488510132,1.5028979778289795,2.7933194637298584,1.8488357067108154,1.8659110069274902,2.022413969039917,1.5117380619049072,0.03815002739429474,0.1034131646156311,0.19754096865653992,0.12523600459098816,0.0812065452337265,0.06502340734004974,0.03513506054878235
2025-07-31,5.026182174682617,8.81345272064209,5.0540642738342285,59.063297271728516,1.294747233390808,0.3986000418663025,156.20347595214844,2.06347918510437,1.187615990638733,0.04969635605812073,15.54838752746582,1.3025537729263306,0.0512811504304409,2.2600789070129395,0.023772291839122772,0.004490224178880453,0.10706643015146255,0.3880171477794647,0.39560768008232117,0.6851523518562317,0.9826871752738953,1.6989355087280273,4.759625434875488,4.506078243255615,7.139849662780762,7.4822611808776855,6.105650901794434,7.478816509246826,6.596662998199463,8.951150894165039,8.647676467895508,11.14128589630127,11.68014907836914,9.514891624450684,10.375868797302246,10.32038688659668,4.980035305023193,3.8741588592529297,3.5840206146240234,4.395637035369873,4.103695869445801,5.928551197052002,5.953423976898193,62.83140182495117,60.83073043823242,59.788719177246094,66.88026428222656,62.55192565917969,64.59725189208984,65.60647583007812,1.5765187740325928,1.001890778541565,0.850874662399292,1.0820409059524536,0.7862091064453125,0.9267266392707825,0.9059774279594421,0.5481231808662415,0.4054437279701233,0.3447180390357971,0.2811717689037323,0.19816215336322784,0.4265722632408142,0.3763097822666168,151.45108032226562,152.92311096191406,148.6016845703125,148.6774139404297,138.17723083496094,176.78665161132812,160.04640197753906,2.425852060317993,1.7633260488510132,1.5028979778289795,2.7933194637298584,1.8488357067108154,1.8659110069274902,2.022413969039917,0.04537208005785942,0.03815002739429474,0.1034131646156311,0.19754096865653992,0.12523600459098816,0.0812065452337265,0.06502340734004974
2025-08-01,6.084578514099121,8.919517517089844,5.686764717102051,57.93636703491211,1.4228370189666748,0.5431975722312927,167.74087524414062,2.0260462760925293,1.3802686929702759,0.06210508197546005,20.21664810180664,1.794138789176941,0.0711035206913948,1.0455728769302368,0.014712262898683548,0.006221703719347715,0.14628422260284424,0.5180445313453674,0.6588997840881348,0.8876521587371826,1.2567285299301147,2.222465991973877,5.026182174682617,4.759625434875488,4.506078243255615,7.139849662780762,7.4822611808776855,6.105650901794434,7.478816509246826,8.81345272064209,8.951150894165039,8.647676467895508,11.14128589630127,11.68014907836914,9.514891624450684,10.375868797302246,5.0540642738342285,4.980035305023193,3.8741588592529297,3.5840206146240234,4.395637035369873,4.103695869445801,5.928551197052002,59.063297271728516,62.83140182495117,60.83073043823242,59.788719177246094,66.88026428222656,62.55192565917969,64.59725189208984,1.294747233390808,1.5765187740325928,1.001890778541565,0.850874662399292,1.0820409059524536,0.7862091064453125,0.9267266392707825,0.3986000418663025,0.5481231808662415,0.4054437279701233,0.3447180390357971,0.2811717689037323,0.19816215336322784,0.4265722632408142,156.20347595214844,151.45108032226562,152.92311096191406,148.6016845703125,148.6774139404297,138.17723083496094,176.78665161132812,2.06347918510437,2.425852060317993,1.7633260488510132,1.5028979778289795,2.7933194637298584,1.8488357067108154,1.8659110069274902,0.0512811504304409,0.04537208005785942,0.03815002739429474,0.1034131646156311,0.19754096865653992,0.12523600459098816,0.0812065452337265
2025-08-02,5.488588809967041,8.168807029724121,4.998484134674072,57.56395721435547,1.2895195484161377,0.31679776310920715,164.58078002929688,1.5603998899459839,1.217282772064209,0.04018149897456169,15.217106819152832,1.4388211965560913,0.01884722150862217,0.9540689587593079,0.02466856874525547,0.005657046101987362,0.09297040104866028,0.43897774815559387,0.5160733461380005,0.7984156012535095,1.1102838516235352,1.9053369760513306,6.084578514099121,5.026182174682617,4.759625434875488,4.506078243255615,7.139849662780762,7.4822611808776855,6.105650901794434,8.919517517089844,8.81345272064209,8.951150894165039,8.647676467895508,11.14128589630127,11.68014907836914,9.514891624450684,5.686764717102051,5.0540642738342285,4.980035305023193,3.8741588592529297,3.5840206146240234,4.395637035369873,4.103695869445801,57.93636703491211,59.063297271728516,62.83140182495117,60.83073043823242,59.788719177246094,66.88026428222656,62.55192565917969,1.4228370189666748,1.294747233390808,1.5765187740325928,1.001890778541565,0.850874662399292,1.0820409059524536,0.7862091064453125,0.5431975722312927,0.3986000418663025,0.5481231808662415,0.4054437279701233,0.3447180390357971,0.2811717689037323,0.19816215336322784,167.74087524414062,156.20347595214844,151.45108032226562,152.92311096191406,148.6016845703125,148.6774139404297,138.17723083496094,2.0260462760925293,2.06347918510437,2.425852060317993,1.7633260488510132,1.5028979778289795,2.7933194637298584,1.8488357067108154,0.0711035206913948,0.0512811504304409,0.04537208005785942,0.03815002739429474,0.1034131646156311,0.19754096865653992,0.12523600459098816
2025-08-03,4.381954193115234,6.785000801086426,3.7198235988616943,51.73958969116211,1.1008981466293335,0.21915295720100403,157.7274627685547,1.639607548713684,0.9816799163818359,0.03822442144155502,12.089881896972656,0.7955209016799927,0.023312760517001152,1.8646184206008911,0.04382571578025818,0.003654375672340393,0.05542176589369774,0.4333769977092743,0.40684691071510315,0.7586126327514648,0.7013390064239502,1.8257570266723633,5.488588809967041,6.084578514099121,5.026182174682617,4.759625434875488,4.506078243255615,7.139849662780762,7.4822611808776855,8.168807029724121,8.919517517089844,8.81345272064209,8.951150894165039,8.647676467895508,11.14128589630127,11.68014907836914,4.998484134674072,5.686764717102051,5.0540642738342285,4.980035305023193,3.8741588592529297,3.5840206146240234,4.395637035369873,57.56395721435547,57.93636703491211,59.063297271728516,62.83140182495117,60.83073043823242,59.788719177246094,66.88026428222656,1.2895195484161377,1.4228370189666748,1.294747233390808,1.5765187740325928,1.001890778541565,0.850874662399292,1.0820409059524536,0.31679776310920715,0.5431975722312927,0.3986000418663025,0.5481231808662415,0.4054437279701233,0.3447180390357971,0.2811717689037323,164.58078002929688,167.74087524414062,156.20347595214844,151.45108032226562,152.92311096191406,148.6016845703125,148.6774139404297,1.5603998899459839,2.0260462760925293,2.06347918510437,2.425852060317993,1.7633260488510132,1.5028979778289795,2.7933194637298584,0.01884722150862217,0.0711035206913948,0.0512811504304409,0.04537208005785942,0.03815002739429474,0.1034131646156311,0.19754096865653992
2025-08-04,5.462860584259033,8.240571975708008,5.794543266296387,56.95978546142578,1.2226026058197021,0.4396745264530182,164.25914001464844,1.8085771799087524,1.391089677810669,0.05185757949948311,18.272899627685547,1.709336757659912,0.07297550141811371,1.0700514316558838,0.03531670942902565,0.006240732502192259,0.12471504509449005,0.5142180323600769,0.6306580305099487,0.9711549878120422,1.197143316268921,2.2750723361968994,4.381954193115234,5.488588809967041,6.084578514099121,5.026182174682617,4.759625434875488,4.506078243255615,7.139849662780762,6.785000801086426,8.168807029724121,8.919517517089844,8.81345272064209,8.951150894165039,8.647676467895508,11.14128589630127,3.7198235988616943,4.998484134674072,5.686764717102051,5.0540642738342285,4.980035305023193,3.8741588592529297,3.5840206146240234,51.73958969116211,57.56395721435547,57.93636703491211,59.063297271728516,62.83140182495117,60.83073043823242,59.788719177246094,1.1008981466293335,1.2895195484161377,1.4228370189666748,1.294747233390808,1.5765187740325928,1.001890778541565,0.850874662399292,0.21915295720100403,0.31679776310920715,0.5431975722312927,0.3986000418663025,0.5481231808662415,0.4054437279701233,0.3447180390357971,157.7274627685547,164.58078002929688,167.74087524414062,156.20347595214844,151.45108032226562,152.92311096191406,148.6016845703125,1.639607548713684,1.5603998899459839,2.0260462760925293,2.06347918510437,2.425852060317993,1.7633260488510132,1.5028979778289795,0.023312760517001152,0.01884722150862217,0.0711035206913948,0.0512811504304409,0.04537208005785942,0.03815002739429474,0.1034131646156311
2025-08-05,5.424147605895996,9.457198143005371,5.206080436706543,55.34899139404297,1.1175991296768188,0.46498948335647583,153.7151641845703,2.1177234649658203,1.3347209692001343,0.047051310539245605,16.741973876953125,1.4841614961624146,0.11612985283136368,2.242525815963745,0.028864849358797073,0.005078830290585756,0.1292073130607605,0.43516790866851807,0.3658459186553955,0.9017730951309204,1.0141000747680664,1.803720235824585,5.462860584259033,4.381954193115234,5.488588809967041,6.084578514099121,5.026182174682617,4.759625434875488,4.506078243255615,8.240571975708008,6.785000801086426,8.168807029724121,8.919517517089844,8.81345272064209,8.951150894165039,8.647676467895508,5.794543266296387,3.7198235988616943,4.998484134674072,5.686764717102051,5.0540642738342285,4.980035305023193,3.8741588592529297,56.95978546142578,51.73958969116211,57.56395721435547,57.93636703491211,59.063297271728516,62.83140182495117,60.83073043823242,1.2226026058197021,1.1008981466293335,1.2895195484161377,1.4228370189666748,1.294747233390808,1.5765187740325928,1.001890778541565,0.4396745264530182,0.21915295720100403,0.31679776310920715,0.5431975722312927,0.3986000418663025,0.5481231808662415,0.4054437279701233,164.25914001464844,157.7274627685547,164.58078002929688,167.74087524414062,156.20347595214844,151.45108032226562,152.92311096191406,1.8085771799087524,1.639607548713684,1.5603998899459839,2.0260462760925293,2.06347918510437,2.425852060317993,1.7633260488510132,0.07297550141811371,0.023312760517001152,0.01884722150862217,0.0711035206913948,0.0512811504304409,0.04537208005785942,0.03815002739429474
2025-08-06,4.898455619812012,9.945671081542969,4.501622676849365,61.81633758544922,1.1759084463119507,0.4381539821624756,175.00450134277344,2.355816602706909,1.153546690940857,0.03766868636012077,14.45393180847168,1.194151520729065,0.058862023055553436,4.976929664611816,0.0028227465227246284,0.004670691676437855,0.10512935370206833,0.35798510909080505,0.47248929738998413,0.6198631525039673,0.8357252478599548,1.515196442604065,5.424147605895996,5.462860584259033,4.381954193115234,5.488588809967041,6.084578514099121,5.026182174682617,4.759625434875488,9.457198143005371,8.240571975708008,6.785000801086426,8.168807029724121,8.919517517089844,8.81345272064209,8.951150894165039,5.206080436706543,5.794543266296387,3.7198235988616943,4.998484134674072,5.686764717102051,5.0540642738342285,4.980035305023193,55.34899139404297,56.95978546142578,51.73958969116211,57.56395721435547,57.93636703491211,59.063297271728516,62.83140182495117,1.1175991296768188,1.2226026058197021,1.1008981466293335,1.2895195484161377,1.4228370189666748,1.294747233390808,1.5765187740325928,0.46498948335647583,0.4396745264530182,0.21915295720100403,0.31679776310920715,0.5431975722312927,0.3986000418663025,0.5481231808662415,153.7151641845703,164.25914001464844,157.7274627685547,164.58078002929688,167.74087524414062,156.20347595214844,151.45108032226562,2.1177234649658203,1.8085771799087524,1.639607548713684,1.5603998899459839,2.0260462760925293,2.06347918510437,2.425852060317993,0.11612985283136368,0.07297550141811371,0.023312760517001152,0.01884722150862217,0.0711035206913948,0.0512811504304409,0.04537208005785942
2025-08-07,6.765650272369385,12.577381134033203,7.514986991882324,69.28926086425781,1.5497404336929321,0.8310600519180298,188.8946990966797,3.4747426509857178,1.6473195552825928,0.07075673341751099,24.23805809020996,1.7596077919006348,0.13824637234210968,2.958343744277954,0.026659678667783737,0.007702824659645557,0.172907754778862,0.5957615971565247,1.0468614101409912,0.9525333642959595,1.7144025564193726,2.589184522628784,4.898455619812012,5.424147605895996,5.462860584259033,4.381954193115234,5.488588809967041,6.084578514099121,5.026182174682617,9.945671081542969,9.457198143005371,8.240571975708008,6.785000801086426,8.168807029724121,8.919517517089844,8.81345272064209,4.501622676849365,5.206080436706543,5.794543266296387,3.7198235988616943,4.998484134674072,5.686764717102051,5.0540642738342285,61.81633758544922,55.34899139404297,56.95978546142578,51.73958969116211,57.56395721435547,57.93636703491211,59.063297271728516,1.1759084463119507,1.1175991296768188,1.2226026058197021,1.1008981466293335,1.2895195484161377,1.4228370189666748,1.294747233390808,0.4381539821624756,0.46498948335647583,0.4396745264530182,0.21915295720100403,0.31679776310920715,0.5431975722312927,0.3986000418663025,175.00450134277344,153.7151641845703,164.25914001464844,157.7274627685547,164.58078002929688,167.74087524414062,156.20347595214844,2.355816602706909,2.1177234649658203,1.8085771799087524,1.639607548713684,1.5603998899459839,2.0260462760925293,2.06347918510437,0.058862023055553436,0.11612985283136368,0.07297550141811371,0.023312760517001152,0.01884722150862217,0.0711035206913948,0.0512811504304409
2025-08-08,8.09561538696289,15.586447715759277,8.224909782409668,78.89717102050781,1.6109012365341187,0.6192620992660522,188.15057373046875,3.8390636444091797,1.9628957509994507,0.08446787297725677,26.55596923828125,2.442291021347046,0.13581334054470062,1.8179689645767212,0.04070335254073143,0.008894716389477253,0.20851650834083557,0.6019575595855713,0.8594750761985779,1.1628104448318481,2.508732318878174,2.7124290466308594,6.765650272369385,4.898455619812012,5.424147605895996,5.462860584259033,4.381954193115234,5.488588809967041,6.084578514099121,12.577381134033203,9.945671081542969,9.457198143005371,8.240571975708008,6.785000801086426,8.168807029724121,8.919517517089844,7.514986991882324,4.501622676849365,5.206080436706543,5.794543266296387,3.7198235988616943,4.998484134674072,5.686764717102051,69.28926086425781,61.81633758544922,55.34899139404297,56.95978546142578,51.73958969116211,57.56395721435547,57.93636703491211,1.5497404336929321,1.1759084463119507,1.1175991296768188,1.2226026058197021,1.1008981466293335,1.2895195484161377,1.4228370189666748,0.8310600519180298,0.4381539821624756,0.46498948335647583,0.4396745264530182,0.21915295720100403,0.31679776310920715,0.5431975722312927,188.8946990966797,175.00450134277344,153.7151641845703,164.25914001464844,157.7274627685547,164.58078002929688,167.74087524414062,3.4747426509857178,2.355816602706909,2.1177234649658203,1.8085771799087524,1.639607548713684,1.5603998899459839,2.0260462760925293,0.13824637234210968,0.058862023055553436,0.11612985283136368,0.07297550141811371,0.023312760517001152,0.01884722150862217,0.0711035206913948
2025-08-09,10.39171028137207,17.34949493408203,6.018718719482422,83.64093017578125,1.670161247253418,0.40484946966171265,200.4613800048828,3.6561689376831055,2.4425294399261475,0.079998679459095,24.16855812072754,2.4980273246765137,0.2037525624036789,1.9411500692367554,0.058484241366386414,0.010512318462133408,0.17452561855316162,0.8285890221595764,1.5069074630737305,1.452880859375,3.831861972808838,3.772583484649658,8.09561538696289,6.765650272369385,4.898455619812012,5.424147605895996,5.462860584259033,4.381954193115234,5.488588809967041,15.586447715759277,12.577381134033203,9.945671081542969,9.457198143005371,8.240571975708008,6.785000801086426,8.168807029724121,8.224909782409668,7.514986991882324,4.501622676849365,5.206080436706543,5.794543266296387,3.7198235988616943,4.998484134674072,78.89717102050781,69.28926086425781,61.81633758544922,55.34899139404297,56.95978546142578,51.73958969116211,57.56395721435547,1.6109012365341187,1.5497404336929321,1.1759084463119507,1.1175991296768188,1.2226026058197021,1.1008981466293335,1.2895195484161377,0.6192620992660522,0.8310600519180298,0.4381539821624756,0.46498948335647583,0.4396745264530182,0.21915295720100403,0.31679776310920715,188.15057373046875,188.8946990966797,175.00450134277344,153.7151641845703,164.25914001464844,157.7274627685547,164.58078002929688,3.8390636444091797,3.4747426509857178,2.355816602706909,2.1177234649658203,1.8085771799087524,1.639607548713684,1.5603998899459839,0.13581334054470062,0.13824637234210968,0.058862023055553436,0.11612985283136368,0.07297550141811371,0.023312760517001152,0.01884722150862217
2025-08-10,6.9746174812316895,11.641791343688965,3.037560224533081,77.96107482910156,0.7465145587921143,0.1772971749305725,160.1394500732422,2.265838623046875,1.2982319593429565,0.029681233689188957,11.402344703674316,1.208743691444397,0.1446230113506317,2.6219663619995117,0.024289049208164215,0.004717511590570211,0.11714941263198853,0.6191822290420532,1.1308873891830444,1.0514769554138184,1.5326006412506104,2.78635573387146,10.39171028137207,8.09561538696289,6.765650272369385,4.898455619812012,5.424147605895996,5.462860584259033,4.381954193115234,17.34949493408203,15.586447715759277,12.577381134033203,9.945671081542969,9.457198143005371,8.240571975708008,6.785000801086426,6.018718719482422,8.224909782409668,7.514986991882324,4.501622676849365,5.206080436706543,5.794543266296387,3.7198235988616943,83.64093017578125,78.89717102050781,69.28926086425781,61.81633758544922,55.34899139404297,56.95978546142578,51.73958969116211,1.670161247253418,1.6109012365341187,1.5497404336929321,1.1759084463119507,1.1175991296768188,1.2226026058197021,1.1008981466293335,0.40484946966171265,0.6192620992660522,0.8310600519180298,0.4381539821624756,0.46498948335647583,0.4396745264530182,0.21915295720100403,200.4613800048828,188.15057373046875,188.8946990966797,175.00450134277344,153.7151641845703,164.25914001464844,157.7274627685547,3.6561689376831055,3.8390636444091797,3.4747426509857178,2.355816602706909,2.1177234649658203,1.8085771799087524,1.639607548713684,0.2037525624036789,0.13581334054470062,0.13824637234210968,0.058862023055553436,0.11612985283136368,0.07297550141811371,0.023312760517001152
2025-08-11,5.877354145050049,11.624188423156738,5.76273250579834,70.82340240478516,1.478119134902954,0.7795670628547668,169.1736602783203,3.0933074951171875,1.5540640354156494,0.06658655405044556,21.609088897705078,1.542249083518982,0.08438557386398315,3.8203632831573486,0.02461952529847622,0.00612963642925024,0.13740918040275574,0.2921501696109772,0.36111387610435486,0.7550584077835083,1.6896992921829224,1.275071620941162,6.9746174812316895,10.39171028137207,8.09561538696289,6.765650272369385,4.898455619812012,5.424147605895996,5.462860584259033,11.641791343688965,17.34949493408203,15.586447715759277,12.577381134033203,9.945671081542969,9.457198143005371,8.240571975708008,3.037560224533081,6.018718719482422,8.224909782409668,7.514986991882324,4.501622676849365,5.206080436706543,5.794543266296387,77.96107482910156,83.64093017578125,78.89717102050781,69.28926086425781,61.81633758544922,55.34899139404297,56.95978546142578,0.7465145587921143,1.670161247253418,1.6109012365341187,1.5497404336929321,1.1759084463119507,1.1175991296768188,1.2226026058197021,0.1772971749305725,0.40484946966171265,0.6192620992660522,0.8310600519180298,0.4381539821624756,0.46498948335647583,0.4396745264530182,160.1394500732422,200.4613800048828,188.15057373046875,188.8946990966797,175.00450134277344,153.7151641845703,164.25914001464844,2.265838623046875,3.6561689376831055,3.8390636444091797,3.4747426509857178,2.355816602706909,2.1177234649658203,1.8085771799087524,0.1446230113506317,0.2037525624036789,0.13581334054470062,0.13824637234210968,0.058862023055553436,0.11612985283136368,0.07297550141811371
2025-08-12,8.128437995910645,14.841014862060547,7.121466636657715,82.61412811279297,2.362640857696533,0.9101788401603699,184.45611572265625,2.716853618621826,2.2754645347595215,0.06898871064186096,23.691333770751953,1.6028393507003784,0.16275765001773834,1.8935072422027588,0.06344358623027802,0.014352668076753616,0.1567065268754959,0.5382573008537292,0.30696073174476624,1.430418610572815,2.745178699493408,2.4952738285064697,5.877354145050049,6.9746174812316895,10.39171028137207,8.09561538696289,6.765650272369385,4.898455619812012,5.424147605895996,11.624188423156738,11.641791343688965,17.34949493408203,15.586447715759277,12.577381134033203,9.945671081542969,9.457198143005371,5.76273250579834,3.037560224533081,6.018718719482422,8.224909782409668,7.514986991882324,4.501622676849365,5.206080436706543,70.82340240478516,77.96107482910156,83.64093017578125,78.89717102050781,69.28926086425781,61.81633758544922,55.34899139404297,1.478119134902954,0.7465145587921143,1.670161247253418,1.6109012365341187,1.5497404336929321,1.1759084463119507,1.1175991296768188,0.7795670628547668,0.1772971749305725,0.40484946966171265,0.6192620992660522,0.8310600519180298,0.4381539821624756,0.46498948335647583,169.1736602783203,160.1394500732422,200.4613800048828,188.15057373046875,188.8946990966797,175.00450134277344,153.7151641845703,3.0933074951171875,2.265838623046875,3.6561689376831055,3.8390636444091797,3.4747426509857178,2.355816602706909,2.1177234649658203,0.08438557386398315,0.1446230113506317,0.2037525624036789,0.13581334054470062,0.13824637234210968,0.058862023055553436,0.11612985283136368
2025-08-13,9.597301483154297,18.9327449798584,6.687979698181152,103.965576171875,3.292701005935669,0.48459306359291077,198.5354766845703,2.719404935836792,3.085761308670044,0.09605713188648224,24.69794273376465,2.2613706588745117,0.3511982560157776,1.3625614643096924,0.0558633990585804,0.04722719267010689,0.21522557735443115,0.6175400614738464,0.30279091000556946,1.8496867418289185,3.590641498565674,3.0402543544769287,8.128437995910645,5.877354145050049,6.9746174812316895,10.39171028137207,8.09561538696289,6.765650272369385,4.898455619812012,14.841014862060547,11.624188423156738,11.641791343688965,17.34949493408203,15.586447715759277,12.577381134033203,9.945671081542969,7.121466636657715,5.76273250579834,3.037560224533081,6.018718719482422,8.224909782409668,7.514986991882324,4.501622676849365,82.61412811279297,70.82340240478516,77.96107482910156,83.64093017578125,78.89717102050781,69.28926086425781,61.81633758544922,2.362640857696533,1.478119134902954,0.7465145587921143,1.670161247253418,1.6109012365341187,1.5497404336929321,1.1759084463119507,0.9101788401603699,0.7795670628547668,0.1772971749305725,0.40484946966171265,0.6192620992660522,0.8310600519180298,0.4381539821624756,184.45611572265625,169.1736602783203,160.1394500732422,200.4613800048828,188.15057373046875,188.8946990966797,175.00450134277344,2.716853618621826,3.0933074951171875,2.265838623046875,3.6561689376831055,3.8390636444091797,3.4747426509857178,2.355816602706909,0.16275765001773834,0.08438557386398315,0.1446230113506317,0.2037525624036789,0.13581334054470062,0.13824637234210968,0.058862023055553436
2025-08-14,13.229641914367676,25.139503479003906,7.186801910400391,108.06624603271484,3.1686694622039795,0.5013223886489868,213.26597595214844,3.348290205001831,3.6427245140075684,0.10654130578041077,30.467491149902344,2.240816831588745,1.1111717224121094,0.6707164645195007,0.10066758841276169,0.06248844787478447,0.27466151118278503,0.7305964827537537,0.5054094791412354,1.9363431930541992,5.383406639099121,3.6388683319091797,9.597301483154297,8.128437995910645,5.877354145050049,6.9746174812316895,10.39171028137207,8.09561538696289,6.765650272369385,18.9327449798584,14.841014862060547,11.624188423156738,11.641791343688965,17.34949493408203,15.586447715759277,12.577381134033203,6.687979698181152,7.121466636657715,5.76273250579834,3.037560224533081,6.018718719482422,8.224909782409668,7.514986991882324,103.965576171875,82.61412811279297,70.82340240478516,77.96107482910156,83.64093017578125,78.89717102050781,69.28926086425781,3.292701005935669,2.362640857696533,1.478119134902954,0.7465145587921143,1.670161247253418,1.6109012365341187,1.5497404336929321,0.48459306359291077,0.9101788401603699,0.7795670628547668,0.1772971749305725,0.40484946966171265,0.6192620992660522,0.8310600519180298,198.5354766845703,184.45611572265625,169.1736602783203,160.1394500732422,200.4613800048828,188.15057373046875,188.8946990966797,2.719404935836792,2.716853618621826,3.0933074951171875,2.265838623046875,3.6561689376831055,3.8390636444091797,3.4747426509857178,0.3511982560157776,0.16275765001773834,0.08438557386398315,0.1446230113506317,0.2037525624036789,0.13581334054470062,0.13824637234210968
2025-08-15,16.015724182128906,27.983936309814453,6.651440620422363,111.13467407226562,2.6912944316864014,0.5279042720794678,206.9345245361328,3.427553415298462,3.4416615962982178,0.12055645883083344,31.707408905029297,2.690457582473755,2.910451650619507,0.6642826199531555,0.3107545077800751,0.04032156988978386,0.26780375838279724,0.807066798210144,0.5019421577453613,2.371246814727783,6.571186065673828,4.345745086669922,13.229641914367676,9.597301483154297,8.128437995910645,5.877354145050049,6.9746174812316895,10.39171028137207,8.09561538696289,25.139503479003906,18.9327449798584,14.841014862060547,11.624188423156738,11.641791343688965,17.34949493408203,15.586447715759277,7.186801910400391,6.687979698181152,7.121466636657715,5.76273250579834,3.037560224533081,6.018718719482422,8.224909782409668,108.06624603271484,103.965576171875,82.61412811279297,70.82340240478516,77.96107482910156,83.64093017578125,78.89717102050781,3.1686694622039795,3.292701005935669,2.362640857696533,1.478119134902954,0.7465145587921143,1.670161247253418,1.6109012365341187,0.5013223886489868,0.48459306359291077,0.9101788401603699,0.7795670628547668,0.1772971749305725,0.40484946966171265,0.6192620992660522,213.26597595214844,198.5354766845703,184.45611572265625,169.1736602783203,160.1394500732422,200.4613800048828,188.15057373046875,3.348290205001831,2.719404935836792,2.716853618621826,3.0933074951171875,2.265838623046875,3.6561689376831055,3.8390636444091797,1.1111717224121094,0.3511982560157776,0.16275765001773834,0.08438557386398315,0.1446230113506317,0.2037525624036789,0.13581334054470062
2025-08-16,9.30232048034668,16.07901954650879,3.5520524978637695,75.67652130126953,0.7435033321380615,0.19124764204025269,151.6534881591797,2.136613607406616,1.1949756145477295,0.029031384736299515,12.693354606628418,1.1461846828460693,1.1883041858673096,3.0945093631744385,0.13152271509170532,0.0045532891526818275,0.09742823988199234,0.6629961133003235,0.9422816038131714,1.2497650384902954,1.6849167346954346,3.053805351257324,16.015724182128906,13.229641914367676,9.597301483154297,8.128437995910645,5.877354145050049,6.9746174812316895,10.39171028137207,27.983936309814453,25.139503479003906,18.9327449798584,14.841014862060547,11.624188423156738,11.641791343688965,17.34949493408203,6.651440620422363,7.186801910400391,6.687979698181152,7.121466636657715,5.76273250579834,3.037560224533081,6.018718719482422,111.13467407226562,108.06624603271484,103.965576171875,82.61412811279297,70.82340240478516,77.96107482910156,83.64093017578125,2.6912944316864014,3.1686694622039795,3.292701005935669,2.362640857696533,1.478119134902954,0.7465145587921143,1.670161247253418,0.5279042720794678,0.5013223886489868,0.48459306359291077,0.9101788401603699,0.7795670628547668,0.1772971749305725,0.40484946966171265,206.9345245361328,213.26597595214844,198.5354766845703,184.45611572265625,169.1736602783203,160.1394500732422,200.4613800048828,3.427553415298462,3.348290205001831,2.719404935836792,2.716853618621826,3.0933074951171875,2.265838623046875,3.6561689376831055,2.910451650619507,1.1111717224121094,0.3511982560157776,0.16275765001773834,0.08438557386398315,0.1446230113506317,0.2037525624036789
2025-08-17,5.463671684265137,10.860918045043945,3.544282913208008,62.9171142578125,0.9834929704666138,0.2646702527999878,147.70428466796875,2.1499788761138916,1.0041216611862183,0.02459338679909706,10.146690368652344,0.7073128819465637,0.04830767959356308,4.23286247253418,0.004677210934460163,0.004610138945281506,0.052899014204740524,0.26044347882270813,0.25429198145866394,0.5117848515510559,0.7518355846405029,1.1776942014694214,9.30232048034668,16.015724182128906,13.229641914367676,9.597301483154297,8.128437995910645,5.877354145050049,6.9746174812316895,16.07901954650879,27.983936309814453,25.139503479003906,18.9327449798584,14.841014862060547,11.624188423156738,11.641791343688965,3.5520524978637695,6.651440620422363,7.186801910400391,6.687979698181152,7.121466636657715,5.76273250579834,3.037560224533081,75.67652130126953,111.13467407226562,108.06624603271484,103.965576171875,82.61412811279297,70.82340240478516,77.96107482910156,0.7435033321380615,2.6912944316864014,3.1686694622039795,3.292701005935669,2.362640857696533,1.478119134902954,0.7465145587921143,0.19124764204025269,0.5279042720794678,0.5013223886489868,0.48459306359291077,0.9101788401603699,0.7795670628547668,0.1772971749305725,151.6534881591797,206.9345245361328,213.26597595214844,198.5354766845703,184.45611572265625,169.1736602783203,160.1394500732422,2.136613607406616,3.427553415298462,3.348290205001831,2.719404935836792,2.716853618621826,3.0933074951171875,2.265838623046875,1.1883041858673096,2.910451650619507,1.1111717224121094,0.3511982560157776,0.16275765001773834,0.08438557386398315,0.1446230113506317
2025-08-18,3.9175825119018555,8.112580299377441,5.36458158493042,64.87088012695312,1.8690497875213623,0.6444506645202637,162.071533203125,1.8784666061401367,1.2922345399856567,0.04492054507136345,18.206172943115234,1.1716456413269043,0.12181557714939117,1.0212209224700928,0.01186669897288084,0.008874974213540554,0.1085752323269844,0.24361029267311096,0.2150159329175949,0.648767352104187,1.2680479288101196,1.2308884859085083,5.463671684265137,9.30232048034668,16.015724182128906,13.229641914367676,9.597301483154297,8.128437995910645,5.877354145050049,10.860918045043945,16.07901954650879,27.983936309814453,25.139503479003906,18.9327449798584,14.841014862060547,11.624188423156738,3.544282913208008,3.5520524978637695,6.651440620422363,7.186801910400391,6.687979698181152,7.121466636657715,5.76273250579834,62.9171142578125,75.67652130126953,111.13467407226562,108.06624603271484,103.965576171875,82.61412811279297,70.82340240478516,0.9834929704666138,0.7435033321380615,2.6912944316864014,3.1686694622039795,3.292701005935669,2.362640857696533,1.478119134902954,0.2646702527999878,0.19124764204025269,0.5279042720794678,0.5013223886489868,0.48459306359291077,0.9101788401603699,0.7795670628547668,147.70428466796875,151.6534881591797,206.9345245361328,213.26597595214844,198.5354766845703,184.45611572265625,169.1736602783203,2.1499788761138916,2.136613607406616,3.427553415298462,3.348290205001831,2.719404935836792,2.716853618621826,3.0933074951171875,0.04830767959356308,1.1883041858673096,2.910451650619507,1.1111717224121094,0.3511982560157776,0.16275765001773834,0.08438557386398315
2025-08-19,5.526818752288818,10.395517349243164,7.292104721069336,73.1572036743164,2.0535073280334473,0.9235496520996094,170.7014923095703,2.243577241897583,1.6123796701431274,0.06031399220228195,21.964139938354492,1.5144556760787964,0.21102814376354218,0.6733384132385254,0.10724301636219025,0.01197243295609951,0.14759013056755066,0.3736181855201721,0.3366781771183014,0.9917675852775574,1.7267848253250122,1.9269752502441406,3.9175825119018555,5.463671684265137,9.30232048034668,16.015724182128906,13.229641914367676,9.597301483154297,8.128437995910645,8.112580299377441,10.860918045043945,16.07901954650879,27.983936309814453,25.139503479003906,18.9327449798584,14.841014862060547,5.36458158493042,3.544282913208008,3.5520524978637695,6.651440620422363,7.186801910400391,6.687979698181152,7.121466636657715,64.87088012695312,62.9171142578125,75.67652130126953,111.13467407226562,108.06624603271484,103.965576171875,82.61412811279297,1.8690497875213623,0.9834929704666138,0.7435033321380615,2.6912944316864014,3.1686694622039795,3.292701005935669,2.362640857696533,0.6444506645202637,0.2646702527999878,0.19124764204025269,0.5279042720794678,0.5013223886489868,0.48459306359291077,0.9101788401603699,162.071533203125,147.70428466796875,151.6534881591797,206.9345245361328,213.26597595214844,198.5354766845703,184.45611572265625,1.8784666061401367,2.1499788761138916,2.136613607406616,3.427553415298462,3.348290205001831,2.719404935836792,2.716853618621826,0.12181557714939117,0.04830767959356308,1.1883041858673096,2.910451650619507,1.1111717224121094,0.3511982560157776,0.16275765001773834
2025-08-20,6.45770263671875,12.211953163146973,3.876594066619873,67.33512115478516,1.4727911949157715,0.43200430274009705,162.4671173095703,2.012605905532837,1.2586816549301147,0.04568132758140564,16.09843635559082,1.1401417255401611,0.16396914422512054,2.2991669178009033,0.12699343264102936,0.0067706662230193615,0.11688423156738281,0.4640422463417053,0.5166893601417542,0.9464423656463623,1.5861198902130127,2.023858070373535,5.526818752288818,3.9175825119018555,5.463671684265137,9.30232048034668,16.015724182128906,13.229641914367676,9.597301483154297,10.395517349243164,8.112580299377441,10.860918045043945,16.07901954650879,27.983936309814453,25.139503479003906,18.9327449798584,7.292104721069336,5.36458158493042,3.544282913208008,3.5520524978637695,6.651440620422363,7.186801910400391,6.687979698181152,73.1572036743164,64.87088012695312,62.9171142578125,75.67652130126953,111.13467407226562,108.06624603271484,103.965576171875,2.0535073280334473,1.8690497875213623,0.9834929704666138,0.7435033321380615,2.6912944316864014,3.1686694622039795,3.292701005935669,0.9235496520996094,0.6444506645202637,0.2646702527999878,0.19124764204025269,0.5279042720794678,0.5013223886489868,0.48459306359291077,170.7014923095703,162.071533203125,147.70428466796875,151.6534881591797,206.9345245361328,213.26597595214844,198.5354766845703,2.243577241897583,1.8784666061401367,2.1499788761138916,2.136613607406616,3.427553415298462,3.348290205001831,2.719404935836792,0.21102814376354218,0.12181557714939117,0.04830767959356308,1.1883041858673096,2.910451650619507,1.1111717224121094,0.3511982560157776
2025-08-21,4.1888604164123535,9.894426345825195,4.315155029296875,65.78274536132812,1.937671422958374,0.840054452419281,156.96018981933594,1.9500107765197754,1.0988562107086182,0.04328523948788643,14.923781394958496,1.1199172735214233,0.05032965540885925,1.526293396949768,0.024830922484397888,0.01907605677843094,0.10919026285409927,0.2671665549278259,0.21026143431663513,0.5859254598617554,1.1446655988693237,1.2150384187698364,6.45770263671875,5.526818752288818,3.9175825119018555,5.463671684265137,9.30232048034668,16.015724182128906,13.229641914367676,12.211953163146973,10.395517349243164,8.112580299377441,10.860918045043945,16.07901954650879,27.983936309814453,25.139503479003906,3.876594066619873,7.292104721069336,5.36458158493042,3.544282913208008,3.5520524978637695,6.651440620422363,7.186801910400391,67.33512115478516,73.1572036743164,64.87088012695312,62.9171142578125,75.67652130126953,111.13467407226562,108.06624603271484,1.4727911949157715,2.0535073280334473,1.8690497875213623,0.9834929704666138,0.7435033321380615,2.6912944316864014,3.1686694622039795,0.43200430274009705,0.9235496520996094,0.6444506645202637,0.2646702527999878,0.19124764204025269,0.5279042720794678,0.5013223886489868,162.4671173095703,170.7014923095703,162.071533203125,147.70428466796875,151.6534881591797,206.9345245361328,213.26597595214844,2.012605905532837,2.243577241897583,1.8784666061401367,2.1499788761138916,2.136613607406616,3.427553415298462,3.348290205001831,0.16396914422512054,0.21102814376354218,0.12181557714939117,0.04830767959356308,1.1883041858673096,2.910451650619507,1.1111717224121094
2025-08-22,3.9147145748138428,9.934672355651855,4.070476531982422,63.76559066772461,0.9195069670677185,0.40617120265960693,141.47853088378906,2.0534682273864746,0.8115317821502686,0.027261927723884583,11.30199146270752,0.7641173005104065,0.02910435199737549,4.545058250427246,0.037321537733078,0.0036188256926834583,0.07747291028499603,0.3060021996498108,0.28461384773254395,0.539165198802948,0.5575265884399414,1.2542335987091064,4.1888604164123535,6.45770263671875,5.526818752288818,3.9175825119018555,5.463671684265137,9.30232048034668,16.015724182128906,9.894426345825195,12.211953163146973,10.395517349243164,8.112580299377441,10.860918045043945,16.07901954650879,27.983936309814453,4.315155029296875,3.876594066619873,7.292104721069336,5.36458158493042,3.544282913208008,3.5520524978637695,6.651440620422363,65.78274536132812,67.33512115478516,73.1572036743164,64.87088012695312,62.9171142578125,75.67652130126953,111.13467407226562,1.937671422958374,1.4727911949157715,2.0535073280334473,1.8690497875213623,0.9834929704666138,0.7435033321380615,2.6912944316864014,0.840054452419281,0.43200430274009705,0.9235496520996094,0.6444506645202637,0.2646702527999878,0.19124764204025269,0.5279042720794678,156.96018981933594,162.4671173095703,170.7014923095703,162.071533203125,147.70428466796875,151.6534881591797,206.9345245361328,1.9500107765197754,2.012605905532837,2.243577241897583,1.8784666061401367,2.1499788761138916,2.136613607406616,3.427553415298462,0.05032965540885925,0.16396914422512054,0.21102814376354218,0.12181557714939117,0.04830767959356308,1.1883041858673096,2.910451650619507
2025-08-23,2.798494338989258,6.078596115112305,3.4573051929473877,62.58456039428711,0.8504801988601685,0.22688595950603485,145.635009765625,1.399075984954834,0.6999422907829285,0.012690459378063679,7.319729804992676,0.5950186848640442,0.02562638744711876,3.0898187160491943,0.006359671708196402,0.0038010755088180304,0.047985803335905075,0.21826162934303284,0.1741236448287964,0.40848782658576965,0.5092835426330566,0.8530706763267517,3.9147145748138428,4.1888604164123535,6.45770263671875,5.526818752288818,3.9175825119018555,5.463671684265137,9.30232048034668,9.934672355651855,9.894426345825195,12.211953163146973,10.395517349243164,8.112580299377441,10.860918045043945,16.07901954650879,4.070476531982422,4.315155029296875,3.876594066619873,7.292104721069336,5.36458158493042,3.544282913208008,3.5520524978637695,63.76559066772461,65.78274536132812,67.33512115478516,73.1572036743164,64.87088012695312,62.9171142578125,75.67652130126953,0.9195069670677185,1.937671422958374,1.4727911949157715,2.0535073280334473,1.8690497875213623,0.9834929704666138,0.7435033321380615,0.40617120265960693,0.840054452419281,0.43200430274009705,0.9235496520996094,0.6444506645202637,0.2646702527999878,0.19124764204025269,141.47853088378906,156.96018981933594,162.4671173095703,170.7014923095703,162.071533203125,147.70428466796875,151.6534881591797,2.0534682273864746,1.9500107765197754,2.012605905532837,2.243577241897583,1.8784666061401367,2.1499788761138916,2.136613607406616,0.02910435199737549,0.05032965540885925,0.16396914422512054,0.21102814376354218,0.12181557714939117,0.04830767959356308,1.1883041858673096
2025-08-24,3.686373710632324,7.07412576675415,4.173829555511475,56.2564697265625,0.9943702220916748,0.3338063657283783,153.2699737548828,2.1998913288116455,0.8579583764076233,0.019866613671183586,9.552248001098633,0.7957701086997986,0.01480533555150032,2.677114725112915,0.004298085812479258,0.004082418512552977,0.05449032038450241,0.26431939005851746,0.3889608383178711,0.3800492286682129,0.6072723269462585,1.0917118787765503,2.798494338989258,3.9147145748138428,4.1888604164123535,6.45770263671875,5.526818752288818,3.9175825119018555,5.463671684265137,6.078596115112305,9.934672355651855,9.894426345825195,12.211953163146973,10.395517349243164,8.112580299377441,10.860918045043945,3.4573051929473877,4.070476531982422,4.315155029296875,3.876594066619873,7.292104721069336,5.36458158493042,3.544282913208008,62.58456039428711,63.76559066772461,65.78274536132812,67.33512115478516,73.1572036743164,64.87088012695312,62.9171142578125,0.8504801988601685,0.9195069670677185,1.937671422958374,1.4727911949157715,2.0535073280334473,1.8690497875213623,0.9834929704666138,0.22688595950603485,0.40617120265960693,0.840054452419281,0.43200430274009705,0.9235496520996094,0.6444506645202637,0.2646702527999878,145.635009765625,141.47853088378906,156.96018981933594,162.4671173095703,170.7014923095703,162.071533203125,147.70428466796875,1.399075984954834,2.0534682273864746,1.9500107765197754,2.012605905532837,2.243577241897583,1.8784666061401367,2.1499788761138916,0.02562638744711876,0.02910435199737549,0.05032965540885925,0.16396914422512054,0.21102814376354218,0.12181557714939117,0.04830767959356308
2025-08-25,4.518402099609375,8.969761848449707,6.28408670425415,61.890350341796875,0.9199446439743042,0.39519891142845154,155.9208221435547,2.176604986190796,0.8779653906822205,0.028031256049871445,13.758092880249023,0.7527178525924683,0.07458057999610901,2.9739413261413574,0.006167192477732897,0.004381346981972456,0.09678243100643158,0.35290464758872986,0.48231497406959534,0.5673873424530029,0.7041236162185669,1.491450548171997,3.686373710632324,2.798494338989258,3.9147145748138428,4.1888604164123535,6.45770263671875,5.526818752288818,3.9175825119018555,7.07412576675415,6.078596115112305,9.934672355651855,9.894426345825195,12.211953163146973,10.395517349243164,8.112580299377441,4.173829555511475,3.4573051929473877,4.070476531982422,4.315155029296875,3.876594066619873,7.292104721069336,5.36458158493042,56.2564697265625,62.58456039428711,63.76559066772461,65.78274536132812,67.33512115478516,73.1572036743164,64.87088012695312,0.9943702220916748,0.8504801988601685,0.9195069670677185,1.937671422958374,1.4727911949157715,2.0535073280334473,1.8690497875213623,0.3338063657283783,0.22688595950603485,0.40617120265960693,0.840054452419281,0.43200430274009705,0.9235496520996094,0.6444506645202637,153.2699737548828,145.635009765625,141.47853088378906,156.96018981933594,162.4671173095703,170.7014923095703,162.071533203125,2.1998913288116455,1.399075984954834,2.0534682273864746,1.9500107765197754,2.012605905532837,2.243577241897583,1.8784666061401367,0.01480533555150032,0.02562638744711876,0.02910435199737549,0.05032965540885925,0.16396914422512054,0.21102814376354218,0.12181557714939117
2025-08-26,5.063604831695557,8.194123268127441,6.9771342277526855,63.77671432495117,1.0472241640090942,0.5632933378219604,157.68780517578125,2.3705029487609863,1.1507399082183838,0.05675748363137245,19.11893081665039,1.1703310012817383,0.1646607220172882,1.1139328479766846,0.02418624982237816,0.0061652022413909435,0.1292295604944229,0.4543822109699249,0.6393824815750122,0.893308162689209,1.102060079574585,2.094444751739502,4.518402099609375,3.686373710632324,2.798494338989258,3.9147145748138428,4.1888604164123535,6.45770263671875,5.526818752288818,8.969761848449707,7.07412576675415,6.078596115112305,9.934672355651855,9.894426345825195,12.211953163146973,10.395517349243164,6.28408670425415,4.173829555511475,3.4573051929473877,4.070476531982422,4.315155029296875,3.876594066619873,7.292104721069336,61.890350341796875,56.2564697265625,62.58456039428711,63.76559066772461,65.78274536132812,67.33512115478516,73.1572036743164,0.9199446439743042,0.9943702220916748,0.8504801988601685,0.9195069670677185,1.937671422958374,1.4727911949157715,2.0535073280334473,0.39519891142845154,0.3338063657283783,0.22688595950603485,0.40617120265960693,0.840054452419281,0.43200430274009705,0.9235496520996094,155.9208221435547,153.2699737548828,145.635009765625,141.47853088378906,156.96018981933594,162.4671173095703,170.7014923095703,2.176604986190796,2.1998913288116455,1.399075984954834,2.0534682273864746,1.9500107765197754,2.012605905532837,2.243577241897583,0.07458057999610901,0.01480533555150032,0.02562638744711876,0.02910435199737549,0.05032965540885925,0.16396914422512054,0.21102814376354218
2025-08-27,8.251506805419922,11.10352897644043,7.045078754425049,86.14564514160156,1.7919279336929321,0.45194345712661743,173.910888671875,3.170572280883789,2.0455446243286133,0.08322664350271225,25.540042877197266,2.5630695819854736,0.38707393407821655,0.3072074353694916,0.5012383460998535,0.01622115820646286,0.1836976259946823,0.5892255902290344,0.5751569867134094,1.351877212524414,3.0566065311431885,2.6644225120544434,5.063604831695557,4.518402099609375,3.686373710632324,2.798494338989258,3.9147145748138428,4.1888604164123535,6.45770263671875,8.194123268127441,8.969761848449707,7.07412576675415,6.078596115112305,9.934672355651855,9.894426345825195,12.211953163146973,6.9771342277526855,6.28408670425415,4.173829555511475,3.4573051929473877,4.070476531982422,4.315155029296875,3.876594066619873,63.77671432495117,61.890350341796875,56.2564697265625,62.58456039428711,63.76559066772461,65.78274536132812,67.33512115478516,1.0472241640090942,0.9199446439743042,0.9943702220916748,0.8504801988601685,0.9195069670677185,1.937671422958374,1.4727911949157715,0.5632933378219604,0.39519891142845154,0.3338063657283783,0.22688595950603485,0.40617120265960693,0.840054452419281,0.43200430274009705,157.68780517578125,155.9208221435547,153.2699737548828,145.635009765625,141.47853088378906,156.96018981933594,162.4671173095703,2.3705029487609863,2.176604986190796,2.1998913288116455,1.399075984954834,2.0534682273864746,1.9500107765197754,2.012605905532837,0.1646607220172882,0.07458057999610901,0.01480533555150032,0.02562638744711876,0.02910435199737549,0.05032965540885925,0.16396914422512054
2025-08-28,11.638782501220703,14.757704734802246,10.75651741027832,57.14390182495117,1.2734293937683105,0.6271588802337646,185.512939453125,1.5869859457015991,1.933924674987793,0.091055728495121,35.49648666381836,2.5840258598327637,0.9771877527236938,0.10323362052440643,0.7200024724006653,0.009631682187318802,0.2364705204963684,0.7676653265953064,0.748177170753479,1.2933764457702637,2.639526844024658,3.223949909210205,8.251506805419922,5.063604831695557,4.518402099609375,3.686373710632324,2.798494338989258,3.9147145748138428,4.1888604164123535,11.10352897644043,8.194123268127441,8.969761848449707,7.07412576675415,6.078596115112305,9.934672355651855,9.894426345825195,7.045078754425049,6.9771342277526855,6.28408670425415,4.173829555511475,3.4573051929473877,4.070476531982422,4.315155029296875,86.14564514160156,63.77671432495117,61.890350341796875,56.2564697265625,62.58456039428711,63.76559066772461,65.78274536132812,1.7919279336929321,1.0472241640090942,0.9199446439743042,0.9943702220916748,0.8504801988601685,0.9195069670677185,1.937671422958374,0.45194345712661743,0.5632933378219604,0.39519891142845154,0.3338063657283783,0.22688595950603485,0.40617120265960693,0.840054452419281,173.910888671875,157.68780517578125,155.9208221435547,153.2699737548828,145.635009765625,141.47853088378906,156.96018981933594,3.170572280883789,2.3705029487609863,2.176604986190796,2.1998913288116455,1.399075984954834,2.0534682273864746,1.9500107765197754,0.38707393407821655,0.1646607220172882,0.07458057999610901,0.01480533555150032,0.02562638744711876,0.02910435199737549,0.05032965540885925
2025-08-29,11.586947441101074,14.900548934936523,10.614439010620117,39.90397262573242,1.3414459228515625,0.8652217388153076,181.59323120117188,1.7753201723098755,1.9226670265197754,0.11490199714899063,43.51360321044922,3.1562275886535645,0.5969111323356628,0.18109270930290222,0.16437700390815735,0.010896889492869377,0.22869408130645752,1.1059420108795166,2.322455644607544,1.076056718826294,2.7871439456939697,4.81330680847168,11.638782501220703,8.251506805419922,5.063604831695557,4.518402099609375,3.686373710632324,2.798494338989258,3.9147145748138428,14.757704734802246,11.10352897644043,8.194123268127441,8.969761848449707,7.07412576675415,6.078596115112305,9.934672355651855,10.75651741027832,7.045078754425049,6.9771342277526855,6.28408670425415,4.173829555511475,3.4573051929473877,4.070476531982422,57.14390182495117,86.14564514160156,63.77671432495117,61.890350341796875,56.2564697265625,62.58456039428711,63.76559066772461,1.2734293937683105,1.7919279336929321,1.0472241640090942,0.9199446439743042,0.9943702220916748,0.8504801988601685,0.9195069670677185,0.6271588802337646,0.45194345712661743,0.5632933378219604,0.39519891142845154,0.3338063657283783,0.22688595950603485,0.40617120265960693,185.512939453125,173.910888671875,157.68780517578125,155.9208221435547,153.2699737548828,145.635009765625,141.47853088378906,1.5869859457015991,3.170572280883789,2.3705029487609863,2.176604986190796,2.1998913288116455,1.399075984954834,2.0534682273864746,0.9771877527236938,0.38707393407821655,0.1646607220172882,0.07458057999610901,0.01480533555150032,0.02562638744711876,0.02910435199737549
2025-08-30,8.110346794128418,11.76222038269043,7.237044334411621,51.907859802246094,1.4743170738220215,0.5493048429489136,168.1259002685547,2.3408360481262207,1.7786403894424438,0.07384390383958817,24.03837013244629,2.5244266986846924,0.18552711606025696,0.9107811450958252,0.08190956711769104,0.010366104543209076,0.12268486618995667,0.7171404957771301,1.4001013040542603,0.9030379056930542,2.0180208683013916,3.084243059158325,11.586947441101074,11.638782501220703,8.251506805419922,5.063604831695557,4.518402099609375,3.686373710632324,2.798494338989258,14.900548934936523,14.757704734802246,11.10352897644043,8.194123268127441,8.969761848449707,7.07412576675415,6.078596115112305,10.614439010620117,10.75651741027832,7.045078754425049,6.9771342277526855,6.28408670425415,4.173829555511475,3.4573051929473877,39.90397262573242,57.14390182495117,86.14564514160156,63.77671432495117,61.890350341796875,56.2564697265625,62.58456039428711,1.3414459228515625,1.2734293937683105,1.7919279336929321,1.0472241640090942,0.9199446439743042,0.9943702220916748,0.8504801988601685,0.8652217388153076,0.6271588802337646,0.45194345712661743,0.5632933378219604,0.39519891142845154,0.3338063657283783,0.22688595950603485,181.59323120117188,185.512939453125,173.910888671875,157.68780517578125,155.9208221435547,153.2699737548828,145.635009765625,1.7753201723098755,1.5869859457015991,3.170572280883789,2.3705029487609863,2.176604986190796,2.1998913288116455,1.399075984954834,0.5969111323356628,0.9771877527236938,0.38707393407821655,0.1646607220172882,0.07458057999610901,0.01480533555150032,0.02562638744711876
2025-08-31,5.599649906158447,9.004057884216309,6.848834991455078,57.2015266418457,1.3645645380020142,0.5565468668937683,157.40277099609375,2.739562749862671,1.5747607946395874,0.048273880034685135,18.41950225830078,1.481119155883789,0.07068020850419998,1.0661957263946533,0.14193494617938995,0.008917546831071377,0.09760185331106186,0.35305625200271606,0.43195804953575134,0.7549254298210144,1.5111572742462158,1.493688941001892,8.110346794128418,11.586947441101074,11.638782501220703,8.251506805419922,5.063604831695557,4.518402099609375,3.686373710632324,11.76222038269043,14.900548934936523,14.757704734802246,11.10352897644043,8.194123268127441,8.969761848449707,7.07412576675415,7.237044334411621,10.614439010620117,10.75651741027832,7.045078754425049,6.9771342277526855,6.28408670425415,4.173829555511475,51.907859802246094,39.90397262573242,57.14390182495117,86.14564514160156,63.77671432495117,61.890350341796875,56.2564697265625,1.4743170738220215,1.3414459228515625,1.2734293937683105,1.7919279336929321,1.0472241640090942,0.9199446439743042,0.9943702220916748,0.5493048429489136,0.8652217388153076,0.6271588802337646,0.45194345712661743,0.5632933378219604,0.39519891142845154,0.3338063657283783,168.1259002685547,181.59323120117188,185.512939453125,173.910888671875,157.68780517578125,155.9208221435547,153.2699737548828,2.3408360481262207,1.7753201723098755,1.5869859457015991,3.170572280883789,2.3705029487609863,2.176604986190796,2.1998913288116455,0.18552711606025696,0.5969111323356628,0.9771877527236938,0.38707393407821655,0.1646607220172882,0.07458057999610901,0.01480533555150032
2025-09-01,6.717588901519775,10.250859260559082,7.275801181793213,71.00785827636719,2.4220993518829346,0.5097578167915344,154.55613708496094,2.9602465629577637,1.899596095085144,0.05252312868833542,23.111976623535156,1.9753293991088867,0.26232513785362244,0.3798488974571228,0.16264337301254272,0.03054245375096798,0.11767615377902985,0.522851288318634,0.5798848867416382,1.2998712062835693,2.3002490997314453,2.4704113006591797,5.599649906158447,8.110346794128418,11.586947441101074,11.638782501220703,8.251506805419922,5.063604831695557,4.518402099609375,9.004057884216309,11.76222038269043,14.900548934936523,14.757704734802246,11.10352897644043,8.194123268127441,8.969761848449707,6.848834991455078,7.237044334411621,10.614439010620117,10.75651741027832,7.045078754425049,6.9771342277526855,6.28408670425415,57.2015266418457,51.907859802246094,39.90397262573242,57.14390182495117,86.14564514160156,63.77671432495117,61.890350341796875,1.3645645380020142,1.4743170738220215,1.3414459228515625,1.2734293937683105,1.7919279336929321,1.0472241640090942,0.9199446439743042,0.5565468668937683,0.5493048429489136,0.8652217388153076,0.6271588802337646,0.45194345712661743,0.5632933378219604,0.39519891142845154,157.40277099609375,168.1259002685547,181.59323120117188,185.512939453125,173.910888671875,157.68780517578125,155.9208221435547,2.739562749862671,2.3408360481262207,1.7753201723098755,1.5869859457015991,3.170572280883789,2.3705029487609863,2.176604986190796,0.07068020850419998,0.18552711606025696,0.5969111323356628,0.9771877527236938,0.38707393407821655,0.1646607220172882,0.07458057999610901
2025-09-02,5.482794761657715,7.787586212158203,9.132336616516113,44.61123275756836,1.3112261295318604,0.8356411457061768,159.07138061523438,2.5091640949249268,1.4903676509857178,0.0656653642654419,35.39905548095703,2.1378891468048096,0.04097031056880951,0.1433296799659729,0.10459121316671371,0.0187803003937006,0.14492079615592957,0.37228700518608093,0.6842206716537476,0.5046399235725403,1.8321369886398315,1.5873372554779053,6.717588901519775,5.599649906158447,8.110346794128418,11.586947441101074,11.638782501220703,8.251506805419922,5.063604831695557,10.250859260559082,9.004057884216309,11.76222038269043,14.900548934936523,14.757704734802246,11.10352897644043,8.194123268127441,7.275801181793213,6.848834991455078,7.237044334411621,10.614439010620117,10.75651741027832,7.045078754425049,6.9771342277526855,71.00785827636719,57.2015266418457,51.907859802246094,39.90397262573242,57.14390182495117,86.14564514160156,63.77671432495117,2.4220993518829346,1.3645645380020142,1.4743170738220215,1.3414459228515625,1.2734293937683105,1.7919279336929321,1.0472241640090942,0.5097578167915344,0.5565468668937683,0.5493048429489136,0.8652217388153076,0.6271588802337646,0.45194345712661743,0.5632933378219604,154.55613708496094,157.40277099609375,168.1259002685547,181.59323120117188,185.512939453125,173.910888671875,157.68780517578125,2.9602465629577637,2.739562749862671,2.3408360481262207,1.7753201723098755,1.5869859457015991,3.170572280883789,2.3705029487609863,0.26232513785362244,0.07068020850419998,0.18552711606025696,0.5969111323356628,0.9771877527236938,0.38707393407821655,0.1646607220172882
2025-09-03,4.607848644256592,8.145649909973145,6.417827129364014,54.440975189208984,1.4230505228042603,0.685738205909729,141.39590454101562,3.8906900882720947,1.5626380443572998,0.05516744777560234,20.36405372619629,2.04469633102417,0.08017927408218384,1.0351307392120361,0.05830911919474602,0.015375666320323944,0.10009497404098511,0.2962073087692261,0.3983317017555237,0.5122151374816895,1.5092859268188477,1.3032697439193726,5.482794761657715,6.717588901519775,5.599649906158447,8.110346794128418,11.586947441101074,11.638782501220703,8.251506805419922,7.787586212158203,10.250859260559082,9.004057884216309,11.76222038269043,14.900548934936523,14.757704734802246,11.10352897644043,9.132336616516113,7.275801181793213,6.848834991455078,7.237044334411621,10.614439010620117,10.75651741027832,7.045078754425049,44.61123275756836,71.00785827636719,57.2015266418457,51.907859802246094,39.90397262573242,57.14390182495117,86.14564514160156,1.3112261295318604,2.4220993518829346,1.3645645380020142,1.4743170738220215,1.3414459228515625,1.2734293937683105,1.7919279336929321,0.8356411457061768,0.5097578167915344,0.5565468668937683,0.5493048429489136,0.8652217388153076,0.6271588802337646,0.45194345712661743,159.07138061523438,154.55613708496094,157.40277099609375,168.1259002685547,181.59323120117188,185.512939453125,173.910888671875,2.5091640949249268,2.9602465629577637,2.739562749862671,2.3408360481262207,1.7753201723098755,1.5869859457015991,3.170572280883789,0.04097031056880951,0.26232513785362244,0.07068020850419998,0.18552711606025696,0.5969111323356628,0.9771877527236938,0.38707393407821655
2025-09-04,4.864003658294678,8.952465057373047,8.281193733215332,60.25530242919922,1.529172420501709,0.6675151586532593,146.216552734375,4.748988628387451,1.9829943180084229,0.07402946054935455,23.648670196533203,1.9400516748428345,0.22210519015789032,1.2845956087112427,0.05632251873612404,0.02078806422650814,0.12028275430202484,0.31344449520111084,0.501570999622345,0.6336003541946411,1.5362614393234253,1.5111138820648193,4.607848644256592,5.482794761657715,6.717588901519775,5.599649906158447,8.110346794128418,11.586947441101074,11.638782501220703,8.145649909973145,7.787586212158203,10.250859260559082,9.004057884216309,11.76222038269043,14.900548934936523,14.757704734802246,6.417827129364014,9.132336616516113,7.275801181793213,6.848834991455078,7.237044334411621,10.614439010620117,10.75651741027832,54.440975189208984,44.61123275756836,71.00785827636719,57.2015266418457,51.907859802246094,39.90397262573242,57.14390182495117,1.4230505228042603,1.3112261295318604,2.4220993518829346,1.3645645380020142,1.4743170738220215,1.3414459228515625,1.2734293937683105,0.685738205909729,0.8356411457061768,0.5097578167915344,0.5565468668937683,0.5493048429489136,0.8652217388153076,0.6271588802337646,141.39590454101562,159.07138061523438,154.55613708496094,157.40277099609375,168.1259002685547,181.59323120117188,185.512939453125,3.8906900882720947,2.5091640949249268,2.9602465629577637,2.739562749862671,2.3408360481262207,1.7753201723098755,1.5869859457015991,0.08017927408218384,0.04097031056880951,0.26232513785362244,0.07068020850419998,0.18552711606025696,0.5969111323356628,0.9771877527236938
2025-09-05,4.774439811706543,7.708802223205566,7.588179111480713,56.78157043457031,1.1131654977798462,0.3923880159854889,151.80357360839844,2.408933639526367,1.3621110916137695,0.052892860025167465,22.660730361938477,1.9955583810806274,0.0573732852935791,1.1917349100112915,0.040462542325258255,0.015607941895723343,0.11967992782592773,0.35396936535835266,0.6150764226913452,0.49676012992858887,1.2111663818359375,1.520828127861023,4.864003658294678,4.607848644256592,5.482794761657715,6.717588901519775,5.599649906158447,8.110346794128418,11.586947441101074,8.952465057373047,8.145649909973145,7.787586212158203,10.250859260559082,9.004057884216309,11.76222038269043,14.900548934936523,8.281193733215332,6.417827129364014,9.132336616516113,7.275801181793213,6.848834991455078,7.237044334411621,10.614439010620117,60.25530242919922,54.440975189208984,44.61123275756836,71.00785827636719,57.2015266418457,51.907859802246094,39.90397262573242,1.529172420501709,1.4230505228042603,1.3112261295318604,2.4220993518829346,1.3645645380020142,1.4743170738220215,1.3414459228515625,0.6675151586532593,0.685738205909729,0.8356411457061768,0.5097578167915344,0.5565468668937683,0.5493048429489136,0.8652217388153076,146.216552734375,141.39590454101562,159.07138061523438,154.55613708496094,157.40277099609375,168.1259002685547,181.59323120117188,4.748988628387451,3.8906900882720947,2.5091640949249268,2.9602465629577637,2.739562749862671,2.3408360481262207,1.7753201723098755,0.22210519015789032,0.08017927408218384,0.04097031056880951,0.26232513785362244,0.07068020850419998,0.18552711606025696,0.5969111323356628
2025-09-06,4.144006252288818,7.343075752258301,5.5369038581848145,60.61039733886719,1.0434656143188477,0.32647112011909485,147.3567657470703,3.015531301498413,1.20005202293396,0.03923356905579567,15.879413604736328,1.458723545074463,0.05585816502571106,1.4429938793182373,0.0035555337090045214,0.018741151317954063,0.08157633244991302,0.3685583174228668,0.7764418721199036,0.43911194801330566,1.1125215291976929,1.6533406972885132,4.774439811706543,4.864003658294678,4.607848644256592,5.482794761657715,6.717588901519775,5.599649906158447,8.110346794128418,7.708802223205566,8.952465057373047,8.145649909973145,7.787586212158203,10.250859260559082,9.004057884216309,11.76222038269043,7.588179111480713,8.281193733215332,6.417827129364014,9.132336616516113,7.275801181793213,6.848834991455078,7.237044334411621,56.78157043457031,60.25530242919922,54.440975189208984,44.61123275756836,71.00785827636719,57.2015266418457,51.907859802246094,1.1131654977798462,1.529172420501709,1.4230505228042603,1.3112261295318604,2.4220993518829346,1.3645645380020142,1.4743170738220215,0.3923880159854889,0.6675151586532593,0.685738205909729,0.8356411457061768,0.5097578167915344,0.5565468668937683,0.5493048429489136,151.80357360839844,146.216552734375,141.39590454101562,159.07138061523438,154.55613708496094,157.40277099609375,168.1259002685547,2.408933639526367,4.748988628387451,3.8906900882720947,2.5091640949249268,2.9602465629577637,2.739562749862671,2.3408360481262207,0.0573732852935791,0.22210519015789032,0.08017927408218384,0.04097031056880951,0.26232513785362244,0.07068020850419998,0.18552711606025696
2025-09-07,5.023850440979004,7.8715901374816895,4.787868499755859,56.54430389404297,1.9031802415847778,0.4232642352581024,147.5549774169922,2.726508855819702,1.1544114351272583,0.03170653060078621,14.629469871520996,1.2810747623443604,0.06661305576562881,0.8800688982009888,0.0002207192883361131,0.05473961681127548,0.11854139715433121,0.46311429142951965,0.7097262144088745,0.615929126739502,1.5820672512054443,2.127138376235962,4.144006252288818,4.774439811706543,4.864003658294678,4.607848644256592,5.482794761657715,6.717588901519775,5.599649906158447,7.343075752258301,7.708802223205566,8.952465057373047,8.145649909973145,7.787586212158203,10.250859260559082,9.004057884216309,5.5369038581848145,7.588179111480713,8.281193733215332,6.417827129364014,9.132336616516113,7.275801181793213,6.848834991455078,60.61039733886719,56.78157043457031,60.25530242919922,54.440975189208984,44.61123275756836,71.00785827636719,57.2015266418457,1.0434656143188477,1.1131654977798462,1.529172420501709,1.4230505228042603,1.3112261295318604,2.4220993518829346,1.3645645380020142,0.32647112011909485,0.3923880159854889,0.6675151586532593,0.685738205909729,0.8356411457061768,0.5097578167915344,0.5565468668937683,147.3567657470703,151.80357360839844,146.216552734375,141.39590454101562,159.07138061523438,154.55613708496094,157.40277099609375,3.015531301498413,2.408933639526367,4.748988628387451,3.8906900882720947,2.5091640949249268,2.9602465629577637,2.739562749862671,0.05585816502571106,0.0573732852935791,0.22210519015789032,0.08017927408218384,0.04097031056880951,0.26232513785362244,0.07068020850419998
2025-09-08,6.148308277130127,9.428580284118652,5.964519023895264,60.43363571166992,2.0830607414245605,0.6035388112068176,149.52392578125,2.7530295848846436,1.2705541849136353,0.03969709202647209,19.42917251586914,1.4153027534484863,0.10215349495410919,0.3307720720767975,0.023852339014410973,0.09812352806329727,0.1848866045475006,0.4623784124851227,0.5270197987556458,0.9716001152992249,2.2009010314941406,2.017129898071289,5.023850440979004,4.144006252288818,4.774439811706543,4.864003658294678,4.607848644256592,5.482794761657715,6.717588901519775,7.8715901374816895,7.343075752258301,7.708802223205566,8.952465057373047,8.145649909973145,7.787586212158203,10.250859260559082,4.787868499755859,5.5369038581848145,7.588179111480713,8.281193733215332,6.417827129364014,9.132336616516113,7.275801181793213,56.54430389404297,60.61039733886719,56.78157043457031,60.25530242919922,54.440975189208984,44.61123275756836,71.00785827636719,1.9031802415847778,1.0434656143188477,1.1131654977798462,1.529172420501709,1.4230505228042603,1.3112261295318604,2.4220993518829346,0.4232642352581024,0.32647112011909485,0.3923880159854889,0.6675151586532593,0.685738205909729,0.8356411457061768,0.5097578167915344,147.5549774169922,147.3567657470703,151.80357360839844,146.216552734375,141.39590454101562,159.07138061523438,154.55613708496094,2.726508855819702,3.015531301498413,2.408933639526367,4.748988628387451,3.8906900882720947,2.5091640949249268,2.9602465629577637,0.06661305576562881,0.05585816502571106,0.0573732852935791,0.22210519015789032,0.08017927408218384,0.04097031056880951,0.26232513785362244
2025-09-09,13.61158275604248,19.936296463012695,7.353386878967285,64.95516204833984,2.6497013568878174,0.7031185626983643,179.20120239257812,2.6321663856506348,1.8417788743972778,0.06259481608867645,25.960376739501953,2.2706143856048584,1.2272306680679321,0.07425469160079956,0.03926794230937958,0.13509635627269745,0.30584099888801575,1.2063759565353394,1.4396872520446777,2.5046772956848145,3.9402897357940674,5.33344030380249,6.148308277130127,5.023850440979004,4.144006252288818,4.774439811706543,4.864003658294678,4.607848644256592,5.482794761657715,9.428580284118652,7.8715901374816895,7.343075752258301,7.708802223205566,8.952465057373047,8.145649909973145,7.787586212158203,5.964519023895264,4.787868499755859,5.5369038581848145,7.588179111480713,8.281193733215332,6.417827129364014,9.132336616516113,60.43363571166992,56.54430389404297,60.61039733886719,56.78157043457031,60.25530242919922,54.440975189208984,44.61123275756836,2.0830607414245605,1.9031802415847778,1.0434656143188477,1.1131654977798462,1.529172420501709,1.4230505228042603,1.3112261295318604,0.6035388112068176,0.4232642352581024,0.32647112011909485,0.3923880159854889,0.6675151586532593,0.685738205909729,0.8356411457061768,149.52392578125,147.5549774169922,147.3567657470703,151.80357360839844,146.216552734375,141.39590454101562,159.07138061523438,2.7530295848846436,2.726508855819702,3.015531301498413,2.408933639526367,4.748988628387451,3.8906900882720947,2.5091640949249268,0.10215349495410919,0.06661305576562881,0.05585816502571106,0.0573732852935791,0.22210519015789032,0.08017927408218384,0.04097031056880951
2025-09-10,14.63969612121582,20.011146545410156,8.805826187133789,66.52609252929688,2.6426870822906494,0.660168468952179,178.70057678222656,2.565643548965454,1.8957446813583374,0.07880008220672607,31.691423416137695,3.297642946243286,1.2302335500717163,0.05029261112213135,0.14116181433200836,0.09987274557352066,0.26459747552871704,1.4187169075012207,2.3673195838928223,2.368574857711792,4.298459053039551,6.165639400482178,13.61158275604248,6.148308277130127,5.023850440979004,4.144006252288818,4.774439811706543,4.864003658294678,4.607848644256592,19.936296463012695,9.428580284118652,7.8715901374816895,7.343075752258301,7.708802223205566,8.952465057373047,8.145649909973145,7.353386878967285,5.964519023895264,4.787868499755859,5.5369038581848145,7.588179111480713,8.281193733215332,6.417827129364014,64.95516204833984,60.43363571166992,56.54430389404297,60.61039733886719,56.78157043457031,60.25530242919922,54.440975189208984,2.6497013568878174,2.0830607414245605,1.9031802415847778,1.0434656143188477,1.1131654977798462,1.529172420501709,1.4230505228042603,0.7031185626983643,0.6035388112068176,0.4232642352581024,0.32647112011909485,0.3923880159854889,0.6675151586532593,0.685738205909729,179.20120239257812,149.52392578125,147.5549774169922,147.3567657470703,151.80357360839844,146.216552734375,141.39590454101562,2.6321663856506348,2.7530295848846436,2.726508855819702,3.015531301498413,2.408933639526367,4.748988628387451,3.8906900882720947,1.2272306680679321,0.10215349495410919,0.06661305576562881,0.05585816502571106,0.0573732852935791,0.22210519015789032,0.08017927408218384
2025-09-11,6.942035675048828,10.138744354248047,6.4438323974609375,56.578369140625,1.33009672164917,0.6814346313476562,156.5005340576172,2.5161731243133545,1.4507108926773071,0.05747697874903679,25.104835510253906,2.749846935272217,0.10804673284292221,0.4912542700767517,0.07100263983011246,0.02637871354818344,0.1288275569677353,0.6550060510635376,1.2674939632415771,0.9064211249351501,1.9028794765472412,2.880064010620117,14.63969612121582,13.61158275604248,6.148308277130127,5.023850440979004,4.144006252288818,4.774439811706543,4.864003658294678,20.011146545410156,19.936296463012695,9.428580284118652,7.8715901374816895,7.343075752258301,7.708802223205566,8.952465057373047,8.805826187133789,7.353386878967285,5.964519023895264,4.787868499755859,5.5369038581848145,7.588179111480713,8.281193733215332,66.52609252929688,64.95516204833984,60.43363571166992,56.54430389404297,60.61039733886719,56.78157043457031,60.25530242919922,2.6426870822906494,2.6497013568878174,2.0830607414245605,1.9031802415847778,1.0434656143188477,1.1131654977798462,1.529172420501709,0.660168468952179,0.7031185626983643,0.6035388112068176,0.4232642352581024,0.32647112011909485,0.3923880159854889,0.6675151586532593,178.70057678222656,179.20120239257812,149.52392578125,147.5549774169922,147.3567657470703,151.80357360839844,146.216552734375,2.565643548965454,2.6321663856506348,2.7530295848846436,2.726508855819702,3.015531301498413,2.408933639526367,4.748988628387451,1.2302335500717163,1.2272306680679321,0.10215349495410919,0.06661305576562881,0.05585816502571106,0.0573732852935791,0.22210519015789032
2025-09-12,3.9226131439208984,7.371102333068848,6.426767349243164,51.88077163696289,1.2432994842529297,0.5311114192008972,158.14344787597656,2.9447455406188965,1.148260235786438,0.042622148990631104,17.73673439025879,1.6003247499465942,0.0783105418086052,2.5111215114593506,0.004357116762548685,0.014746839180588722,0.09581345319747925,0.30755335092544556,0.42352840304374695,0.4125864803791046,0.7983061671257019,1.1927752494812012,6.942035675048828,14.63969612121582,13.61158275604248,6.148308277130127,5.023850440979004,4.144006252288818,4.774439811706543,10.138744354248047,20.011146545410156,19.936296463012695,9.428580284118652,7.8715901374816895,7.343075752258301,7.708802223205566,6.4438323974609375,8.805826187133789,7.353386878967285,5.964519023895264,4.787868499755859,5.5369038581848145,7.588179111480713,56.578369140625,66.52609252929688,64.95516204833984,60.43363571166992,56.54430389404297,60.61039733886719,56.78157043457031,1.33009672164917,2.6426870822906494,2.6497013568878174,2.0830607414245605,1.9031802415847778,1.0434656143188477,1.1131654977798462,0.6814346313476562,0.660168468952179,0.7031185626983643,0.6035388112068176,0.4232642352581024,0.32647112011909485,0.3923880159854889,156.5005340576172,178.70057678222656,179.20120239257812,149.52392578125,147.5549774169922,147.3567657470703,151.80357360839844,2.5161731243133545,2.565643548965454,2.6321663856506348,2.7530295848846436,2.726508855819702,3.015531301498413,2.408933639526367,0.10804673284292221,1.2302335500717163,1.2272306680679321,0.10215349495410919,0.06661305576562881,0.05585816502571106,0.0573732852935791
2025-09-13,4.750269412994385,8.582720756530762,6.5325608253479,52.13481903076172,1.3639699220657349,0.37337803840637207,160.9470977783203,4.053580284118652,1.268941044807434,0.04474136233329773,16.58917808532715,1.7809361219406128,0.1123017892241478,1.9775190353393555,0.005761309061199427,0.017895469442009926,0.08557417243719101,0.4301653802394867,0.6608495116233826,0.5724682807922363,1.514181137084961,1.7350894212722778,3.9226131439208984,6.942035675048828,14.63969612121582,13.61158275604248,6.148308277130127,5.023850440979004,4.144006252288818,7.371102333068848,10.138744354248047,20.011146545410156,19.936296463012695,9.428580284118652,7.8715901374816895,7.343075752258301,6.426767349243164,6.4438323974609375,8.805826187133789,7.353386878967285,5.964519023895264,4.787868499755859,5.5369038581848145,51.88077163696289,56.578369140625,66.52609252929688,64.95516204833984,60.43363571166992,56.54430389404297,60.61039733886719,1.2432994842529297,1.33009672164917,2.6426870822906494,2.6497013568878174,2.0830607414245605,1.9031802415847778,1.0434656143188477,0.5311114192008972,0.6814346313476562,0.660168468952179,0.7031185626983643,0.6035388112068176,0.4232642352581024,0.32647112011909485,158.14344787597656,156.5005340576172,178.70057678222656,179.20120239257812,149.52392578125,147.5549774169922,147.3567657470703,2.9447455406188965,2.5161731243133545,2.565643548965454,2.6321663856506348,2.7530295848846436,2.726508855819702,3.015531301498413,0.0783105418086052,0.10804673284292221,1.2302335500717163,1.2272306680679321,0.10215349495410919,0.06661305576562881,0.05585816502571106
2025-09-14,5.328880310058594,8.379338264465332,6.206766128540039,52.48017883300781,1.2265673875808716,0.29968246817588806,158.86807250976562,3.349822521209717,1.1475783586502075,0.03554857522249222,15.870830535888672,1.7529182434082031,0.06303128600120544,1.6000310182571411,0.03621391952037811,0.02128301002085209,0.08121640235185623,0.5069605708122253,0.8168054223060608,0.6385823488235474,1.1540956497192383,2.1063930988311768,4.750269412994385,3.9226131439208984,6.942035675048828,14.63969612121582,13.61158275604248,6.148308277130127,5.023850440979004,8.582720756530762,7.371102333068848,10.138744354248047,20.011146545410156,19.936296463012695,9.428580284118652,7.8715901374816895,6.5325608253479,6.426767349243164,6.4438323974609375,8.805826187133789,7.353386878967285,5.964519023895264,4.787868499755859,52.13481903076172,51.88077163696289,56.578369140625,66.52609252929688,64.95516204833984,60.43363571166992,56.54430389404297,1.3639699220657349,1.2432994842529297,1.33009672164917,2.6426870822906494,2.6497013568878174,2.0830607414245605,1.9031802415847778,0.37337803840637207,0.5311114192008972,0.6814346313476562,0.660168468952179,0.7031185626983643,0.6035388112068176,0.4232642352581024,160.9470977783203,158.14344787597656,156.5005340576172,178.70057678222656,179.20120239257812,149.52392578125,147.5549774169922,4.053580284118652,2.9447455406188965,2.5161731243133545,2.565643548965454,2.6321663856506348,2.7530295848846436,2.726508855819702,0.1123017892241478,0.0783105418086052,0.10804673284292221,1.2302335500717163,1.2272306680679321,0.10215349495410919,0.06661305576562881
2025-09-15,3.854325532913208,6.855868339538574,6.178394794464111,48.631141662597656,1.0378034114837646,0.3979834020137787,144.3232421875,2.433270215988159,1.0980417728424072,0.03384333476424217,14.810751914978027,1.1372361183166504,0.0761011466383934,1.6987468004226685,0.10257748514413834,0.01286705769598484,0.0841677188873291,0.2697899639606476,0.2958384156227112,0.4534071981906891,0.8304480314254761,1.1291491985321045,5.328880310058594,4.750269412994385,3.9226131439208984,6.942035675048828,14.63969612121582,13.61158275604248,6.148308277130127,8.379338264465332,8.582720756530762,7.371102333068848,10.138744354248047,20.011146545410156,19.936296463012695,9.428580284118652,6.206766128540039,6.5325608253479,6.426767349243164,6.4438323974609375,8.805826187133789,7.353386878967285,5.964519023895264,52.48017883300781,52.13481903076172,51.88077163696289,56.578369140625,66.52609252929688,64.95516204833984,60.43363571166992,1.2265673875808716,1.3639699220657349,1.2432994842529297,1.33009672164917,2.6426870822906494,2.6497013568878174,2.0830607414245605,0.29968246817588806,0.37337803840637207,0.5311114192008972,0.6814346313476562,0.660168468952179,0.7031185626983643,0.6035388112068176,158.86807250976562,160.9470977783203,158.14344787597656,156.5005340576172,178.70057678222656,179.20120239257812,149.52392578125,3.349822521209717,4.053580284118652,2.9447455406188965,2.5161731243133545,2.565643548965454,2.6321663856506348,2.7530295848846436,0.06303128600120544,0.1123017892241478,0.0783105418086052,0.10804673284292221,1.2302335500717163,1.2272306680679321,0.10215349495410919
2025-09-16,4.136887073516846,8.666998863220215,4.0796613693237305,63.14357376098633,1.1536630392074585,0.3024333417415619,143.87673950195312,2.0676417350769043,0.8243837952613831,0.02462698705494404,10.3796968460083,0.9230960607528687,0.1079123243689537,3.7808215618133545,0.09640056639909744,0.0076932706870138645,0.05822893604636192,0.2579895555973053,0.14749832451343536,0.5148012638092041,0.4138897955417633,1.0150041580200195,3.854325532913208,5.328880310058594,4.750269412994385,3.9226131439208984,6.942035675048828,14.63969612121582,13.61158275604248,6.855868339538574,8.379338264465332,8.582720756530762,7.371102333068848,10.138744354248047,20.011146545410156,19.936296463012695,6.178394794464111,6.206766128540039,6.5325608253479,6.426767349243164,6.4438323974609375,8.805826187133789,7.353386878967285,48.631141662597656,52.48017883300781,52.13481903076172,51.88077163696289,56.578369140625,66.52609252929688,64.95516204833984,1.0378034114837646,1.2265673875808716,1.3639699220657349,1.2432994842529297,1.33009672164917,2.6426870822906494,2.6497013568878174,0.3979834020137787,0.29968246817588806,0.37337803840637207,0.5311114192008972,0.6814346313476562,0.660168468952179,0.7031185626983643,144.3232421875,158.86807250976562,160.9470977783203,158.14344787597656,156.5005340576172,178.70057678222656,179.20120239257812,2.433270215988159,3.349822521209717,4.053580284118652,2.9447455406188965,2.5161731243133545,2.565643548965454,2.6321663856506348,0.0761011466383934,0.06303128600120544,0.1123017892241478,0.0783105418086052,0.10804673284292221,1.2302335500717163,1.2272306680679321
2025-09-17,5.121582984924316,9.036149978637695,6.012801170349121,57.18180847167969,1.263651967048645,0.4093853533267975,155.48289489746094,2.5535693168640137,0.9038026928901672,0.033158812671899796,14.490095138549805,1.0342470407485962,0.05852784588932991,3.4170143604278564,0.049229759722948074,0.010917563922703266,0.08462828397750854,0.512199878692627,0.8002957701683044,0.5213207006454468,0.6058128476142883,2.0916507244110107,4.136887073516846,3.854325532913208,5.328880310058594,4.750269412994385,3.9226131439208984,6.942035675048828,14.63969612121582,8.666998863220215,6.855868339538574,8.379338264465332,8.582720756530762,7.371102333068848,10.138744354248047,20.011146545410156,4.0796613693237305,6.178394794464111,6.206766128540039,6.5325608253479,6.426767349243164,6.4438323974609375,8.805826187133789,63.14357376098633,48.631141662597656,52.48017883300781,52.13481903076172,51.88077163696289,56.578369140625,66.52609252929688,1.1536630392074585,1.0378034114837646,1.2265673875808716,1.3639699220657349,1.2432994842529297,1.33009672164917,2.6426870822906494,0.3024333417415619,0.3979834020137787,0.29968246817588806,0.37337803840637207,0.5311114192008972,0.6814346313476562,0.660168468952179,143.87673950195312,144.3232421875,158.86807250976562,160.9470977783203,158.14344787597656,156.5005340576172,178.70057678222656,2.0676417350769043,2.433270215988159,3.349822521209717,4.053580284118652,2.9447455406188965,2.5161731243133545,2.565643548965454,0.1079123243689537,0.0761011466383934,0.06303128600120544,0.1123017892241478,0.0783105418086052,0.10804673284292221,1.2302335500717163
2025-09-18,4.724231243133545,7.719060897827148,6.685817718505859,47.82694625854492,1.2375150918960571,0.3925471603870392,148.7685546875,2.9638476371765137,1.059354305267334,0.042615246027708054,16.718868255615234,0.8987969160079956,0.14143602550029755,1.9832392930984497,0.03970926254987717,0.013948204927146435,0.10071197152137756,0.5413375496864319,0.7017531394958496,0.7339518666267395,0.7652438282966614,2.1327104568481445,5.121582984924316,4.136887073516846,3.854325532913208,5.328880310058594,4.750269412994385,3.9226131439208984,6.942035675048828,9.036149978637695,8.666998863220215,6.855868339538574,8.379338264465332,8.582720756530762,7.371102333068848,10.138744354248047,6.012801170349121,4.0796613693237305,6.178394794464111,6.206766128540039,6.5325608253479,6.426767349243164,6.4438323974609375,57.18180847167969,63.14357376098633,48.631141662597656,52.48017883300781,52.13481903076172,51.88077163696289,56.578369140625,1.263651967048645,1.1536630392074585,1.0378034114837646,1.2265673875808716,1.3639699220657349,1.2432994842529297,1.33009672164917,0.4093853533267975,0.3024333417415619,0.3979834020137787,0.29968246817588806,0.37337803840637207,0.5311114192008972,0.6814346313476562,155.48289489746094,143.87673950195312,144.3232421875,158.86807250976562,160.9470977783203,158.14344787597656,156.5005340576172,2.5535693168640137,2.0676417350769043,2.433270215988159,3.349822521209717,4.053580284118652,2.9447455406188965,2.5161731243133545,0.05852784588932991,0.1079123243689537,0.0761011466383934,0.06303128600120544,0.1123017892241478,0.0783105418086052,0.10804673284292221
2025-09-19,7.3643341064453125,10.983867645263672,7.583741664886475,54.479671478271484,1.4951505661010742,0.6176038384437561,156.6956329345703,3.695596218109131,1.6748619079589844,0.06743016839027405,21.199798583984375,1.3334765434265137,0.6948049068450928,1.1521888971328735,0.02800094708800316,0.021429937332868576,0.13636913895606995,0.8178397417068481,1.6600470542907715,0.9050381779670715,1.6367086172103882,3.5908305644989014,4.724231243133545,5.121582984924316,4.136887073516846,3.854325532913208,5.328880310058594,4.750269412994385,3.9226131439208984,7.719060897827148,9.036149978637695,8.666998863220215,6.855868339538574,8.379338264465332,8.582720756530762,7.371102333068848,6.685817718505859,6.012801170349121,4.0796613693237305,6.178394794464111,6.206766128540039,6.5325608253479,6.426767349243164,47.82694625854492,57.18180847167969,63.14357376098633,48.631141662597656,52.48017883300781,52.13481903076172,51.88077163696289,1.2375150918960571,1.263651967048645,1.1536630392074585,1.0378034114837646,1.2265673875808716,1.3639699220657349,1.2432994842529297,0.3925471603870392,0.4093853533267975,0.3024333417415619,0.3979834020137787,0.29968246817588806,0.37337803840637207,0.5311114192008972,148.7685546875,155.48289489746094,143.87673950195312,144.3232421875,158.86807250976562,160.9470977783203,158.14344787597656,2.9638476371765137,2.5535693168640137,2.0676417350769043,2.433270215988159,3.349822521209717,4.053580284118652,2.9447455406188965,0.14143602550029755,0.05852784588932991,0.1079123243689537,0.0761011466383934,0.06303128600120544,0.1123017892241478,0.0783105418086052
2025-09-20,8.69114875793457,14.142127990722656,8.578104972839355,75.36383819580078,1.8865556716918945,0.389077365398407,175.7357940673828,5.949323654174805,2.700835704803467,0.09427535533905029,25.20095443725586,2.3592748641967773,0.6848354935646057,0.7632867693901062,0.20441827178001404,0.027317265048623085,0.1515875607728958,0.6495355367660522,1.4158331155776978,0.9469482898712158,3.2433528900146484,2.9606118202209473,7.3643341064453125,4.724231243133545,5.121582984924316,4.136887073516846,3.854325532913208,5.328880310058594,4.750269412994385,10.983867645263672,7.719060897827148,9.036149978637695,8.666998863220215,6.855868339538574,8.379338264465332,8.582720756530762,7.583741664886475,6.685817718505859,6.012801170349121,4.0796613693237305,6.178394794464111,6.206766128540039,6.5325608253479,54.479671478271484,47.82694625854492,57.18180847167969,63.14357376098633,48.631141662597656,52.48017883300781,52.13481903076172,1.4951505661010742,1.2375150918960571,1.263651967048645,1.1536630392074585,1.0378034114837646,1.2265673875808716,1.3639699220657349,0.6176038384437561,0.3925471603870392,0.4093853533267975,0.3024333417415619,0.3979834020137787,0.29968246817588806,0.37337803840637207,156.6956329345703,148.7685546875,155.48289489746094,143.87673950195312,144.3232421875,158.86807250976562,160.9470977783203,3.695596218109131,2.9638476371765137,2.5535693168640137,2.0676417350769043,2.433270215988159,3.349822521209717,4.053580284118652,0.6948049068450928,0.14143602550029755,0.05852784588932991,0.1079123243689537,0.0761011466383934,0.06303128600120544,0.1123017892241478
2025-09-21,7.720074653625488,12.24542236328125,5.471196174621582,67.336181640625,1.1578187942504883,0.2621534466743469,153.64759826660156,3.7207605838775635,1.9891119003295898,0.05363011360168457,18.33745574951172,1.7488170862197876,0.5277867317199707,0.8969466090202332,0.13683928549289703,0.016712525859475136,0.08911017328500748,0.4224305748939514,0.6560314893722534,0.8133193254470825,2.460575819015503,1.7900935411453247,8.69114875793457,7.3643341064453125,4.724231243133545,5.121582984924316,4.136887073516846,3.854325532913208,5.328880310058594,14.142127990722656,10.983867645263672,7.719060897827148,9.036149978637695,8.666998863220215,6.855868339538574,8.379338264465332,8.578104972839355,7.583741664886475,6.685817718505859,6.012801170349121,4.0796613693237305,6.178394794464111,6.206766128540039,75.36383819580078,54.479671478271484,47.82694625854492,57.18180847167969,63.14357376098633,48.631141662597656,52.48017883300781,1.8865556716918945,1.4951505661010742,1.2375150918960571,1.263651967048645,1.1536630392074585,1.0378034114837646,1.2265673875808716,0.389077365398407,0.6176038384437561,0.3925471603870392,0.4093853533267975,0.3024333417415619,0.3979834020137787,0.29968246817588806,175.7357940673828,156.6956329345703,148.7685546875,155.48289489746094,143.87673950195312,144.3232421875,158.86807250976562,5.949323654174805,3.695596218109131,2.9638476371765137,2.5535693168640137,2.0676417350769043,2.433270215988159,3.349822521209717,0.6848354935646057,0.6948049068450928,0.14143602550029755,0.05852784588932991,0.1079123243689537,0.0761011466383934,0.06303128600120544
2025-09-22,3.6990840435028076,8.407683372497559,4.831788063049316,54.30910110473633,0.8043457865715027,0.2960852384567261,136.5597686767578,2.3852436542510986,0.5082077980041504,0.012729213573038578,13.545473098754883,0.4723324477672577,0.057634927332401276,4.951498985290527,3.3452120987931266e-05,0.010051818564534187,0.06683522462844849,0.1336556375026703,0.20481806993484497,0.19092585146427155,0.45227891206741333,0.5321604013442993,7.720074653625488,8.69114875793457,7.3643341064453125,4.724231243133545,5.121582984924316,4.136887073516846,3.854325532913208,12.24542236328125,14.142127990722656,10.983867645263672,7.719060897827148,9.036149978637695,8.666998863220215,6.855868339538574,5.471196174621582,8.578104972839355,7.583741664886475,6.685817718505859,6.012801170349121,4.0796613693237305,6.178394794464111,67.336181640625,75.36383819580078,54.479671478271484,47.82694625854492,57.18180847167969,63.14357376098633,48.631141662597656,1.1578187942504883,1.8865556716918945,1.4951505661010742,1.2375150918960571,1.263651967048645,1.1536630392074585,1.0378034114837646,0.2621534466743469,0.389077365398407,0.6176038384437561,0.3925471603870392,0.4093853533267975,0.3024333417415619,0.3979834020137787,153.64759826660156,175.7357940673828,156.6956329345703,148.7685546875,155.48289489746094,143.87673950195312,144.3232421875,3.7207605838775635,5.949323654174805,3.695596218109131,2.9638476371765137,2.5535693168640137,2.0676417350769043,2.433270215988159,0.5277867317199707,0.6848354935646057,0.6948049068450928,0.14143602550029755,0.05852784588932991,0.1079123243689537,0.0761011466383934
2025-09-23,3.693530797958374,7.682417869567871,6.349753379821777,51.26543426513672,1.297223448753357,0.9179819822311401,143.4449920654297,3.6488118171691895,0.7419224381446838,0.02798912115395069,18.0400447845459,0.6770898103713989,0.10609511286020279,2.9288625717163086,0.015589732676744461,0.01965375803411007,0.10037237405776978,0.27320730686187744,0.5706963539123535,0.20652639865875244,0.6422274708747864,1.1397041082382202,3.6990840435028076,7.720074653625488,8.69114875793457,7.3643341064453125,4.724231243133545,5.121582984924316,4.136887073516846,8.407683372497559,12.24542236328125,14.142127990722656,10.983867645263672,7.719060897827148,9.036149978637695,8.666998863220215,4.831788063049316,5.471196174621582,8.578104972839355,7.583741664886475,6.685817718505859,6.012801170349121,4.0796613693237305,54.30910110473633,67.336181640625,75.36383819580078,54.479671478271484,47.82694625854492,57.18180847167969,63.14357376098633,0.8043457865715027,1.1578187942504883,1.8865556716918945,1.4951505661010742,1.2375150918960571,1.263651967048645,1.1536630392074585,0.2960852384567261,0.2621534466743469,0.389077365398407,0.6176038384437561,0.3925471603870392,0.4093853533267975,0.3024333417415619,136.5597686767578,153.64759826660156,175.7357940673828,156.6956329345703,148.7685546875,155.48289489746094,143.87673950195312,2.3852436542510986,3.7207605838775635,5.949323654174805,3.695596218109131,2.9638476371765137,2.5535693168640137,2.0676417350769043,0.057634927332401276,0.5277867317199707,0.6848354935646057,0.6948049068450928,0.14143602550029755,0.05852784588932991,0.1079123243689537
2025-09-24,3.435007333755493,6.8262553215026855,4.21915340423584,57.85888671875,1.865239143371582,0.39308255910873413,139.58070373535156,1.6015779972076416,0.6890236735343933,0.016564786434173584,10.233482360839844,0.765760600566864,0.05909799411892891,1.2409955263137817,0.0023155640810728073,0.05375266075134277,0.11357508599758148,0.23159649968147278,0.35961729288101196,0.33433976769447327,1.0123778581619263,1.0008856058120728,3.693530797958374,3.6990840435028076,7.720074653625488,8.69114875793457,7.3643341064453125,4.724231243133545,5.121582984924316,7.682417869567871,8.407683372497559,12.24542236328125,14.142127990722656,10.983867645263672,7.719060897827148,9.036149978637695,6.349753379821777,4.831788063049316,5.471196174621582,8.578104972839355,7.583741664886475,6.685817718505859,6.012801170349121,51.26543426513672,54.30910110473633,67.336181640625,75.36383819580078,54.479671478271484,47.82694625854492,57.18180847167969,1.297223448753357,0.8043457865715027,1.1578187942504883,1.8865556716918945,1.4951505661010742,1.2375150918960571,1.263651967048645,0.9179819822311401,0.2960852384567261,0.2621534466743469,0.389077365398407,0.6176038384437561,0.3925471603870392,0.4093853533267975,143.4449920654297,136.5597686767578,153.64759826660156,175.7357940673828,156.6956329345703,148.7685546875,155.48289489746094,3.6488118171691895,2.3852436542510986,3.7207605838775635,5.949323654174805,3.695596218109131,2.9638476371765137,2.5535693168640137,0.10609511286020279,0.057634927332401276,0.5277867317199707,0.6848354935646057,0.6948049068450928,0.14143602550029755,0.05852784588932991
2025-09-25,3.482959508895874,8.221477508544922,4.082345962524414,60.93837356567383,1.9618257284164429,0.3161613643169403,143.9368438720703,1.8218251466751099,0.7415697574615479,0.022245781496167183,9.444106101989746,1.0255903005599976,0.1628199964761734,0.825106680393219,0.019231673330068588,0.0574788972735405,0.12958365678787231,0.2589914798736572,0.3638119697570801,0.37897467613220215,0.9936202764511108,1.0583608150482178,3.435007333755493,3.693530797958374,3.6990840435028076,7.720074653625488,8.69114875793457,7.3643341064453125,4.724231243133545,6.8262553215026855,7.682417869567871,8.407683372497559,12.24542236328125,14.142127990722656,10.983867645263672,7.719060897827148,4.21915340423584,6.349753379821777,4.831788063049316,5.471196174621582,8.578104972839355,7.583741664886475,6.685817718505859,57.85888671875,51.26543426513672,54.30910110473633,67.336181640625,75.36383819580078,54.479671478271484,47.82694625854492,1.865239143371582,1.297223448753357,0.8043457865715027,1.1578187942504883,1.8865556716918945,1.4951505661010742,1.2375150918960571,0.39308255910873413,0.9179819822311401,0.2960852384567261,0.2621534466743469,0.389077365398407,0.6176038384437561,0.3925471603870392,139.58070373535156,143.4449920654297,136.5597686767578,153.64759826660156,175.7357940673828,156.6956329345703,148.7685546875,1.6015779972076416,3.6488118171691895,2.3852436542510986,3.7207605838775635,5.949323654174805,3.695596218109131,2.9638476371765137,0.05909799411892891,0.10609511286020279,0.057634927332401276,0.5277867317199707,0.6848354935646057,0.6948049068450928,0.14143602550029755
2025-09-26,5.1879072189331055,11.933231353759766,5.815744876861572,57.05625534057617,2.623100757598877,0.3808514177799225,153.10264587402344,2.5973691940307617,0.9196298718452454,0.03056323155760765,12.800483703613281,1.3390320539474487,0.12619705498218536,0.486090749502182,0.039478451013565063,0.07919105887413025,0.19263553619384766,0.42656758427619934,0.7254984378814697,0.44616788625717163,1.535020351409912,1.8425372838974,3.482959508895874,3.435007333755493,3.693530797958374,3.6990840435028076,7.720074653625488,8.69114875793457,7.3643341064453125,8.221477508544922,6.8262553215026855,7.682417869567871,8.407683372497559,12.24542236328125,14.142127990722656,10.983867645263672,4.082345962524414,4.21915340423584,6.349753379821777,4.831788063049316,5.471196174621582,8.578104972839355,7.583741664886475,60.93837356567383,57.85888671875,51.26543426513672,54.30910110473633,67.336181640625,75.36383819580078,54.479671478271484,1.9618257284164429,1.865239143371582,1.297223448753357,0.8043457865715027,1.1578187942504883,1.8865556716918945,1.4951505661010742,0.3161613643169403,0.39308255910873413,0.9179819822311401,0.2960852384567261,0.2621534466743469,0.389077365398407,0.6176038384437561,143.9368438720703,139.58070373535156,143.4449920654297,136.5597686767578,153.64759826660156,175.7357940673828,156.6956329345703,1.8218251466751099,1.6015779972076416,3.6488118171691895,2.3852436542510986,3.7207605838775635,5.949323654174805,3.695596218109131,0.1628199964761734,0.05909799411892891,0.10609511286020279,0.057634927332401276,0.5277867317199707,0.6848354935646057,0.6948049068450928
2025-09-27,8.093683242797852,15.173323631286621,6.416134834289551,58.17876434326172,3.134221076965332,0.48917052149772644,170.1940460205078,2.808246612548828,1.2547483444213867,0.045115455985069275,13.785557746887207,1.912835955619812,0.16353224217891693,0.49705299735069275,0.028789157047867775,0.1182032898068428,0.2483440637588501,0.7382530570030212,1.4490480422973633,0.8254029154777527,2.2795536518096924,3.14770245552063,5.1879072189331055,3.482959508895874,3.435007333755493,3.693530797958374,3.6990840435028076,7.720074653625488,8.69114875793457,11.933231353759766,8.221477508544922,6.8262553215026855,7.682417869567871,8.407683372497559,12.24542236328125,14.142127990722656,5.815744876861572,4.082345962524414,4.21915340423584,6.349753379821777,4.831788063049316,5.471196174621582,8.578104972839355,57.05625534057617,60.93837356567383,57.85888671875,51.26543426513672,54.30910110473633,67.336181640625,75.36383819580078,2.623100757598877,1.9618257284164429,1.865239143371582,1.297223448753357,0.8043457865715027,1.1578187942504883,1.8865556716918945,0.3808514177799225,0.3161613643169403,0.39308255910873413,0.9179819822311401,0.2960852384567261,0.2621534466743469,0.389077365398407,153.10264587402344,143.9368438720703,139.58070373535156,143.4449920654297,136.5597686767578,153.64759826660156,175.7357940673828,2.5973691940307617,1.8218251466751099,1.6015779972076416,3.6488118171691895,2.3852436542510986,3.7207605838775635,5.949323654174805,0.12619705498218536,0.1628199964761734,0.05909799411892891,0.10609511286020279,0.057634927332401276,0.5277867317199707,0.6848354935646057
2025-09-28,8.827726364135742,15.066018104553223,5.957549571990967,59.0134391784668,2.817148208618164,0.5070382356643677,167.44265747070312,3.597125768661499,1.2820069789886475,0.04393353685736656,15.798065185546875,1.8952140808105469,0.08825484663248062,0.577086329460144,0.02888040617108345,0.1576204001903534,0.2871337831020355,0.7927060127258301,1.7314273118972778,0.7021770477294922,2.8698318004608154,3.3287479877471924,8.093683242797852,5.1879072189331055,3.482959508895874,3.435007333755493,3.693530797958374,3.6990840435028076,7.720074653625488,15.173323631286621,11.933231353759766,8.221477508544922,6.8262553215026855,7.682417869567871,8.407683372497559,12.24542236328125,6.416134834289551,5.815744876861572,4.082345962524414,4.21915340423584,6.349753379821777,4.831788063049316,5.471196174621582,58.17876434326172,57.05625534057617,60.93837356567383,57.85888671875,51.26543426513672,54.30910110473633,67.336181640625,3.134221076965332,2.623100757598877,1.9618257284164429,1.865239143371582,1.297223448753357,0.8043457865715027,1.1578187942504883,0.48917052149772644,0.3808514177799225,0.3161613643169403,0.39308255910873413,0.9179819822311401,0.2960852384567261,0.2621534466743469,170.1940460205078,153.10264587402344,143.9368438720703,139.58070373535156,143.4449920654297,136.5597686767578,153.64759826660156,2.808246612548828,2.5973691940307617,1.8218251466751099,1.6015779972076416,3.6488118171691895,2.3852436542510986,3.7207605838775635,0.16353224217891693,0.12619705498218536,0.1628199964761734,0.05909799411892891,0.10609511286020279,0.057634927332401276,0.5277867317199707
2025-09-29,7.531444072723389,11.44391918182373,7.6825408935546875,41.40657424926758,2.322737455368042,0.9651942253112793,172.19371032714844,2.8236515522003174,1.0624034404754639,0.035170964896678925,19.805540084838867,1.5315021276474,0.05536237359046936,0.4872066080570221,0.011608520522713661,0.11925751715898514,0.23504021763801575,0.6612420082092285,1.2019683122634888,0.6174582242965698,2.329663038253784,2.8163082599639893,8.827726364135742,8.093683242797852,5.1879072189331055,3.482959508895874,3.435007333755493,3.693530797958374,3.6990840435028076,15.066018104553223,15.173323631286621,11.933231353759766,8.221477508544922,6.8262553215026855,7.682417869567871,8.407683372497559,5.957549571990967,6.416134834289551,5.815744876861572,4.082345962524414,4.21915340423584,6.349753379821777,4.831788063049316,59.0134391784668,58.17876434326172,57.05625534057617,60.93837356567383,57.85888671875,51.26543426513672,54.30910110473633,2.817148208618164,3.134221076965332,2.623100757598877,1.9618257284164429,1.865239143371582,1.297223448753357,0.8043457865715027,0.5070382356643677,0.48917052149772644,0.3808514177799225,0.3161613643169403,0.39308255910873413,0.9179819822311401,0.2960852384567261,167.44265747070312,170.1940460205078,153.10264587402344,143.9368438720703,139.58070373535156,143.4449920654297,136.5597686767578,3.597125768661499,2.808246612548828,2.5973691940307617,1.8218251466751099,1.6015779972076416,3.6488118171691895,2.3852436542510986,0.08825484663248062,0.16353224217891693,0.12619705498218536,0.1628199964761734,0.05909799411892891,0.10609511286020279,0.057634927332401276
2025-09-30,8.367802619934082,11.691010475158691,6.967251777648926,33.517494201660156,2.697575330734253,0.8443639874458313,172.96609497070312,2.756338119506836,0.9830410480499268,0.04842114448547363,19.59224510192871,1.5414750576019287,0.04093210771679878,0.21211303770542145,0.006260905414819717,0.12101846933364868,0.28068041801452637,0.9020970463752747,2.0892138481140137,0.8512781262397766,1.8240803480148315,3.5917177200317383,7.531444072723389,8.827726364135742,8.093683242797852,5.1879072189331055,3.482959508895874,3.435007333755493,3.693530797958374,11.44391918182373,15.066018104553223,15.173323631286621,11.933231353759766,8.221477508544922,6.8262553215026855,7.682417869567871,7.6825408935546875,5.957549571990967,6.416134834289551,5.815744876861572,4.082345962524414,4.21915340423584,6.349753379821777,41.40657424926758,59.0134391784668,58.17876434326172,57.05625534057617,60.93837356567383,57.85888671875,51.26543426513672,2.322737455368042,2.817148208618164,3.134221076965332,2.623100757598877,1.9618257284164429,1.865239143371582,1.297223448753357,0.9651942253112793,0.5070382356643677,0.48917052149772644,0.3808514177799225,0.3161613643169403,0.39308255910873413,0.9179819822311401,172.19371032714844,167.44265747070312,170.1940460205078,153.10264587402344,143.9368438720703,139.58070373535156,143.4449920654297,2.8236515522003174,3.597125768661499,2.808246612548828,2.5973691940307617,1.8218251466751099,1.6015779972076416,3.6488118171691895,0.05536237359046936,0.08825484663248062,0.16353224217891693,0.12619705498218536,0.1628199964761734,0.05909799411892891,0.10609511286020279
2025-10-01,12.61884593963623,15.5508451461792,8.569480895996094,31.656200408935547,2.9205379486083984,0.8797701597213745,183.30015563964844,2.4043314456939697,0.9168152809143066,0.042208269238471985,21.98769187927246,1.6770296096801758,0.08731052279472351,0.22090798616409302,0.05636405944824219,0.15122736990451813,0.38718754053115845,1.304785132408142,2.3213658332824707,1.8009968996047974,1.8833489418029785,5.208391189575195,8.367802619934082,7.531444072723389,8.827726364135742,8.093683242797852,5.1879072189331055,3.482959508895874,3.435007333755493,11.691010475158691,11.44391918182373,15.066018104553223,15.173323631286621,11.933231353759766,8.221477508544922,6.8262553215026855,6.967251777648926,7.6825408935546875,5.957549571990967,6.416134834289551,5.815744876861572,4.082345962524414,4.21915340423584,33.517494201660156,41.40657424926758,59.0134391784668,58.17876434326172,57.05625534057617,60.93837356567383,57.85888671875,2.697575330734253,2.322737455368042,2.817148208618164,3.134221076965332,2.623100757598877,1.9618257284164429,1.865239143371582,0.8443639874458313,0.9651942253112793,0.5070382356643677,0.48917052149772644,0.3808514177799225,0.3161613643169403,0.39308255910873413,172.96609497070312,172.19371032714844,167.44265747070312,170.1940460205078,153.10264587402344,143.9368438720703,139.58070373535156,2.756338119506836,2.8236515522003174,3.597125768661499,2.808246612548828,2.5973691940307617,1.8218251466751099,1.6015779972076416,0.04093210771679878,0.05536237359046936,0.08825484663248062,0.16353224217891693,0.12619705498218536,0.1628199964761734,0.05909799411892891
2025-10-02,12.668131828308105,17.580657958984375,10.495199203491211,42.31781768798828,3.208899974822998,1.4845325946807861,208.08682250976562,2.227956533432007,0.9938448071479797,0.04760518670082092,28.051956176757812,1.953298807144165,0.10040822625160217,0.27134814858436584,0.05864978954195976,0.18248280882835388,0.3757079541683197,1.5467338562011719,2.673234701156616,2.317657232284546,2.796132802963257,6.552602291107178,12.61884593963623,8.367802619934082,7.531444072723389,8.827726364135742,8.093683242797852,5.1879072189331055,3.482959508895874,15.5508451461792,11.691010475158691,11.44391918182373,15.066018104553223,15.173323631286621,11.933231353759766,8.221477508544922,8.569480895996094,6.967251777648926,7.6825408935546875,5.957549571990967,6.416134834289551,5.815744876861572,4.082345962524414,31.656200408935547,33.517494201660156,41.40657424926758,59.0134391784668,58.17876434326172,57.05625534057617,60.93837356567383,2.9205379486083984,2.697575330734253,2.322737455368042,2.817148208618164,3.134221076965332,2.623100757598877,1.9618257284164429,0.8797701597213745,0.8443639874458313,0.9651942253112793,0.5070382356643677,0.48917052149772644,0.3808514177799225,0.3161613643169403,183.30015563964844,172.96609497070312,172.19371032714844,167.44265747070312,170.1940460205078,153.10264587402344,143.9368438720703,2.4043314456939697,2.756338119506836,2.8236515522003174,3.597125768661499,2.808246612548828,2.5973691940307617,1.8218251466751099,0.08731052279472351,0.04093210771679878,0.05536237359046936,0.08825484663248062,0.16353224217891693,0.12619705498218536,0.1628199964761734
2025-10-03,13.181890487670898,16.940839767456055,10.630192756652832,44.7404670715332,3.7319161891937256,2.171992063522339,223.79443359375,2.136019468307495,1.0130574703216553,0.04592245817184448,30.186721801757812,2.0878896713256836,0.062175825238227844,0.19428260624408722,0.021591084077954292,0.12474105507135391,0.30078086256980896,1.8414653539657593,3.6801416873931885,2.1557223796844482,2.734621047973633,7.937969207763672,12.668131828308105,12.61884593963623,8.367802619934082,7.531444072723389,8.827726364135742,8.093683242797852,5.1879072189331055,17.580657958984375,15.5508451461792,11.691010475158691,11.44391918182373,15.066018104553223,15.173323631286621,11.933231353759766,10.495199203491211,8.569480895996094,6.967251777648926,7.6825408935546875,5.957549571990967,6.416134834289551,5.815744876861572,42.31781768798828,31.656200408935547,33.517494201660156,41.40657424926758,59.0134391784668,58.17876434326172,57.05625534057617,3.208899974822998,2.9205379486083984,2.697575330734253,2.322737455368042,2.817148208618164,3.134221076965332,2.623100757598877,1.4845325946807861,0.8797701597213745,0.8443639874458313,0.9651942253112793,0.5070382356643677,0.48917052149772644,0.3808514177799225,208.08682250976562,183.30015563964844,172.96609497070312,172.19371032714844,167.44265747070312,170.1940460205078,153.10264587402344,2.227956533432007,2.4043314456939697,2.756338119506836,2.8236515522003174,3.597125768661499,2.808246612548828,2.5973691940307617,0.10040822625160217,0.08731052279472351,0.04093210771679878,0.05536237359046936,0.08825484663248062,0.16353224217891693,0.12619705498218536
2025-10-04,6.956078052520752,9.691372871398926,6.272673606872559,53.384952545166016,1.6591230630874634,0.17303892970085144,158.1948699951172,1.3108851909637451,0.677272617816925,0.01982768252491951,11.378028869628906,1.3398230075836182,0.09200763702392578,0.6881423592567444,0.05128441005945206,0.06262257695198059,0.13599979877471924,0.8479522466659546,1.9095275402069092,1.025016188621521,1.4763959646224976,3.6169774532318115,13.181890487670898,12.668131828308105,12.61884593963623,8.367802619934082,7.531444072723389,8.827726364135742,8.093683242797852,16.940839767456055,17.580657958984375,15.5508451461792,11.691010475158691,11.44391918182373,15.066018104553223,15.173323631286621,10.630192756652832,10.495199203491211,8.569480895996094,6.967251777648926,7.6825408935546875,5.957549571990967,6.416134834289551,44.7404670715332,42.31781768798828,31.656200408935547,33.517494201660156,41.40657424926758,59.0134391784668,58.17876434326172,3.7319161891937256,3.208899974822998,2.9205379486083984,2.697575330734253,2.322737455368042,2.817148208618164,3.134221076965332,2.171992063522339,1.4845325946807861,0.8797701597213745,0.8443639874458313,0.9651942253112793,0.5070382356643677,0.48917052149772644,223.79443359375,208.08682250976562,183.30015563964844,172.96609497070312,172.19371032714844,167.44265747070312,170.1940460205078,2.136019468307495,2.227956533432007,2.4043314456939697,2.756338119506836,2.8236515522003174,3.597125768661499,2.808246612548828,0.062175825238227844,0.10040822625160217,0.08731052279472351,0.04093210771679878,0.05536237359046936,0.08825484663248062,0.16353224217891693
2025-10-05,4.234073638916016,7.620296478271484,3.76769757270813,58.44377899169922,1.1617586612701416,0.22745734453201294,144.07705688476562,1.3307775259017944,0.44910863041877747,0.009062014520168304,6.706290245056152,0.46776536107063293,0.026732206344604492,3.6821095943450928,0.04330312833189964,0.01725037768483162,0.05141611397266388,0.2420104295015335,0.18195883929729462,0.567210853099823,0.3517562448978424,1.0109468698501587,6.956078052520752,13.181890487670898,12.668131828308105,12.61884593963623,8.367802619934082,7.531444072723389,8.827726364135742,9.691372871398926,16.940839767456055,17.580657958984375,15.5508451461792,11.691010475158691,11.44391918182373,15.066018104553223,6.272673606872559,10.630192756652832,10.495199203491211,8.569480895996094,6.967251777648926,7.6825408935546875,5.957549571990967,53.384952545166016,44.7404670715332,42.31781768798828,31.656200408935547,33.517494201660156,41.40657424926758,59.0134391784668,1.6591230630874634,3.7319161891937256,3.208899974822998,2.9205379486083984,2.697575330734253,2.322737455368042,2.817148208618164,0.17303892970085144,2.171992063522339,1.4845325946807861,0.8797701597213745,0.8443639874458313,0.9651942253112793,0.5070382356643677,158.1948699951172,223.79443359375,208.08682250976562,183.30015563964844,172.96609497070312,172.19371032714844,167.44265747070312,1.3108851909637451,2.136019468307495,2.227956533432007,2.4043314456939697,2.756338119506836,2.8236515522003174,3.597125768661499,0.09200763702392578,0.062175825238227844,0.10040822625160217,0.08731052279472351,0.04093210771679878,0.05536237359046936,0.08825484663248062
2025-10-06,4.533512115478516,9.214844703674316,4.300929546356201,62.0109748840332,0.804040253162384,0.20294257998466492,142.7440643310547,1.4389389753341675,0.39122137427330017,0.011706431396305561,9.107096672058105,0.5128301978111267,0.051186494529247284,5.656923294067383,0.00040953667485155165,0.015121633186936378,0.054094940423965454,0.18793676793575287,0.21742351353168488,0.3267446458339691,0.2971460223197937,0.770247757434845,4.234073638916016,6.956078052520752,13.181890487670898,12.668131828308105,12.61884593963623,8.367802619934082,7.531444072723389,7.620296478271484,9.691372871398926,16.940839767456055,17.580657958984375,15.5508451461792,11.691010475158691,11.44391918182373,3.76769757270813,6.272673606872559,10.630192756652832,10.495199203491211,8.569480895996094,6.967251777648926,7.6825408935546875,58.44377899169922,53.384952545166016,44.7404670715332,42.31781768798828,31.656200408935547,33.517494201660156,41.40657424926758,1.1617586612701416,1.6591230630874634,3.7319161891937256,3.208899974822998,2.9205379486083984,2.697575330734253,2.322737455368042,0.22745734453201294,0.17303892970085144,2.171992063522339,1.4845325946807861,0.8797701597213745,0.8443639874458313,0.9651942253112793,144.07705688476562,158.1948699951172,223.79443359375,208.08682250976562,183.30015563964844,172.96609497070312,172.19371032714844,1.3307775259017944,1.3108851909637451,2.136019468307495,2.227956533432007,2.4043314456939697,2.756338119506836,2.8236515522003174,0.026732206344604492,0.09200763702392578,0.062175825238227844,0.10040822625160217,0.08731052279472351,0.04093210771679878,0.05536237359046936
2025-10-07,7.4352335929870605,11.319941520690918,11.906208038330078,30.87615966796875,1.2419313192367554,1.0779985189437866,172.0865020751953,2.498720645904541,0.6509041786193848,0.026534434407949448,31.853271484375,0.47623902559280396,0.061152298003435135,2.659841537475586,3.196120815118775e-05,0.04968927428126335,0.18826496601104736,0.7727274298667908,1.5999079942703247,0.6755225658416748,1.3135327100753784,2.9965922832489014,4.533512115478516,4.234073638916016,6.956078052520752,13.181890487670898,12.668131828308105,12.61884593963623,8.367802619934082,9.214844703674316,7.620296478271484,9.691372871398926,16.940839767456055,17.580657958984375,15.5508451461792,11.691010475158691,4.300929546356201,3.76769757270813,6.272673606872559,10.630192756652832,10.495199203491211,8.569480895996094,6.967251777648926,62.0109748840332,58.44377899169922,53.384952545166016,44.7404670715332,42.31781768798828,31.656200408935547,33.517494201660156,0.804040253162384,1.1617586612701416,1.6591230630874634,3.7319161891937256,3.208899974822998,2.9205379486083984,2.697575330734253,0.20294257998466492,0.22745734453201294,0.17303892970085144,2.171992063522339,1.4845325946807861,0.8797701597213745,0.8443639874458313,142.7440643310547,144.07705688476562,158.1948699951172,223.79443359375,208.08682250976562,183.30015563964844,172.96609497070312,1.4389389753341675,1.3307775259017944,1.3108851909637451,2.136019468307495,2.227956533432007,2.4043314456939697,2.756338119506836,0.051186494529247284,0.026732206344604492,0.09200763702392578,0.062175825238227844,0.10040822625160217,0.08731052279472351,0.04093210771679878
2025-10-08,9.178647994995117,12.025680541992188,11.405396461486816,25.347274780273438,1.4524625539779663,0.956447958946228,193.5737762451172,2.571462869644165,0.9802934527397156,0.03907760977745056,37.05141067504883,0.8005566596984863,0.18646356463432312,1.1102964878082275,0.007916053757071495,0.054701633751392365,0.22792162001132965,1.695513367652893,4.800590515136719,1.0350154638290405,1.7293325662612915,7.349419116973877,7.4352335929870605,4.533512115478516,4.234073638916016,6.956078052520752,13.181890487670898,12.668131828308105,12.61884593963623,11.319941520690918,9.214844703674316,7.620296478271484,9.691372871398926,16.940839767456055,17.580657958984375,15.5508451461792,11.906208038330078,4.300929546356201,3.76769757270813,6.272673606872559,10.630192756652832,10.495199203491211,8.569480895996094,30.87615966796875,62.0109748840332,58.44377899169922,53.384952545166016,44.7404670715332,42.31781768798828,31.656200408935547,1.2419313192367554,0.804040253162384,1.1617586612701416,1.6591230630874634,3.7319161891937256,3.208899974822998,2.9205379486083984,1.0779985189437866,0.20294257998466492,0.22745734453201294,0.17303892970085144,2.171992063522339,1.4845325946807861,0.8797701597213745,172.0865020751953,142.7440643310547,144.07705688476562,158.1948699951172,223.79443359375,208.08682250976562,183.30015563964844,2.498720645904541,1.4389389753341675,1.3307775259017944,1.3108851909637451,2.136019468307495,2.227956533432007,2.4043314456939697,0.061152298003435135,0.051186494529247284,0.026732206344604492,0.09200763702392578,0.062175825238227844,0.10040822625160217,0.08731052279472351
2025-10-09,5.357611179351807,9.35767936706543,6.571230888366699,51.87455368041992,1.0391368865966797,0.4143960177898407,149.97592163085938,2.334110736846924,0.6365181803703308,0.01913834549486637,17.09640121459961,0.7509680986404419,0.1264454424381256,3.150761842727661,0.0007618289673700929,0.024871638044714928,0.111234150826931,0.6060475707054138,1.2666873931884766,0.6528710126876831,0.7300394177436829,2.739816665649414,9.178647994995117,7.4352335929870605,4.533512115478516,4.234073638916016,6.956078052520752,13.181890487670898,12.668131828308105,12.025680541992188,11.319941520690918,9.214844703674316,7.620296478271484,9.691372871398926,16.940839767456055,17.580657958984375,11.405396461486816,11.906208038330078,4.300929546356201,3.76769757270813,6.272673606872559,10.630192756652832,10.495199203491211,25.347274780273438,30.87615966796875,62.0109748840332,58.44377899169922,53.384952545166016,44.7404670715332,42.31781768798828,1.4524625539779663,1.2419313192367554,0.804040253162384,1.1617586612701416,1.6591230630874634,3.7319161891937256,3.208899974822998,0.956447958946228,1.0779985189437866,0.20294257998466492,0.22745734453201294,0.17303892970085144,2.171992063522339,1.4845325946807861,193.5737762451172,172.0865020751953,142.7440643310547,144.07705688476562,158.1948699951172,223.79443359375,208.08682250976562,2.571462869644165,2.498720645904541,1.4389389753341675,1.3307775259017944,1.3108851909637451,2.136019468307495,2.227956533432007,0.18646356463432312,0.061152298003435135,0.051186494529247284,0.026732206344604492,0.09200763702392578,0.062175825238227844,0.10040822625160217
2025-10-10,6.290787696838379,12.08303165435791,5.288549900054932,56.45166015625,0.9585251808166504,0.2756275534629822,148.5139923095703,2.0235447883605957,0.5406306982040405,0.017416974529623985,11.912562370300293,0.6522076725959778,0.1008378118276596,5.914543151855469,0.12052537500858307,0.01633968949317932,0.08630596101284027,0.4065670669078827,0.6653633117675781,0.8441392183303833,0.596415638923645,1.8312432765960693,5.357611179351807,9.178647994995117,7.4352335929870605,4.533512115478516,4.234073638916016,6.956078052520752,13.181890487670898,9.35767936706543,12.025680541992188,11.319941520690918,9.214844703674316,7.620296478271484,9.691372871398926,16.940839767456055,6.571230888366699,11.405396461486816,11.906208038330078,4.300929546356201,3.76769757270813,6.272673606872559,10.630192756652832,51.87455368041992,25.347274780273438,30.87615966796875,62.0109748840332,58.44377899169922,53.384952545166016,44.7404670715332,1.0391368865966797,1.4524625539779663,1.2419313192367554,0.804040253162384,1.1617586612701416,1.6591230630874634,3.7319161891937256,0.4143960177898407,0.956447958946228,1.0779985189437866,0.20294257998466492,0.22745734453201294,0.17303892970085144,2.171992063522339,149.97592163085938,193.5737762451172,172.0865020751953,142.7440643310547,144.07705688476562,158.1948699951172,223.79443359375,2.334110736846924,2.571462869644165,2.498720645904541,1.4389389753341675,1.3307775259017944,1.3108851909637451,2.136019468307495,0.1264454424381256,0.18646356463432312,0.061152298003435135,0.051186494529247284,0.026732206344604492,0.09200763702392578,0.062175825238227844
2025-10-11,5.378227233886719,10.093503952026367,3.8992762565612793,69.7172622680664,0.7838547229766846,0.1652752310037613,141.12794494628906,1.814366340637207,0.5155846476554871,0.010516902431845665,8.537222862243652,0.4696938991546631,0.19737452268600464,4.1130499839782715,0.031673725694417953,0.017704397439956665,0.06723079085350037,0.4574776291847229,0.43937432765960693,0.9977102875709534,0.5187544822692871,2.0956273078918457,6.290787696838379,5.357611179351807,9.178647994995117,7.4352335929870605,4.533512115478516,4.234073638916016,6.956078052520752,12.08303165435791,9.35767936706543,12.025680541992188,11.319941520690918,9.214844703674316,7.620296478271484,9.691372871398926,5.288549900054932,6.571230888366699,11.405396461486816,11.906208038330078,4.300929546356201,3.76769757270813,6.272673606872559,56.45166015625,51.87455368041992,25.347274780273438,30.87615966796875,62.0109748840332,58.44377899169922,53.384952545166016,0.9585251808166504,1.0391368865966797,1.4524625539779663,1.2419313192367554,0.804040253162384,1.1617586612701416,1.6591230630874634,0.2756275534629822,0.4143960177898407,0.956447958946228,1.0779985189437866,0.20294257998466492,0.22745734453201294,0.17303892970085144,148.5139923095703,149.97592163085938,193.5737762451172,172.0865020751953,142.7440643310547,144.07705688476562,158.1948699951172,2.0235447883605957,2.334110736846924,2.571462869644165,2.498720645904541,1.4389389753341675,1.3307775259017944,1.3108851909637451,0.1008378118276596,0.1264454424381256,0.18646356463432312,0.061152298003435135,0.051186494529247284,0.026732206344604492,0.09200763702392578
2025-10-12,4.603130340576172,7.889957427978516,4.705323219299316,56.64734649658203,0.9365735650062561,0.17656047642230988,134.83544921875,1.9761525392532349,0.4279255270957947,0.0049669817090034485,10.305243492126465,0.3720070719718933,0.16298626363277435,3.099635124206543,0.015578268095850945,0.022312013432383537,0.07380297780036926,0.28908973932266235,0.5728654861450195,0.5841261148452759,0.4590706527233124,1.366906762123108,5.378227233886719,6.290787696838379,5.357611179351807,9.178647994995117,7.4352335929870605,4.533512115478516,4.234073638916016,10.093503952026367,12.08303165435791,9.35767936706543,12.025680541992188,11.319941520690918,9.214844703674316,7.620296478271484,3.8992762565612793,5.288549900054932,6.571230888366699,11.405396461486816,11.906208038330078,4.300929546356201,3.76769757270813,69.7172622680664,56.45166015625,51.87455368041992,25.347274780273438,30.87615966796875,62.0109748840332,58.44377899169922,0.7838547229766846,0.9585251808166504,1.0391368865966797,1.4524625539779663,1.2419313192367554,0.804040253162384,1.1617586612701416,0.1652752310037613,0.2756275534629822,0.4143960177898407,0.956447958946228,1.0779985189437866,0.20294257998466492,0.22745734453201294,141.12794494628906,148.5139923095703,149.97592163085938,193.5737762451172,172.0865020751953,142.7440643310547,144.07705688476562,1.814366340637207,2.0235447883605957,2.334110736846924,2.571462869644165,2.498720645904541,1.4389389753341675,1.3307775259017944,0.19737452268600464,0.1008378118276596,0.1264454424381256,0.18646356463432312,0.061152298003435135,0.051186494529247284,0.026732206344604492
2025-10-13,4.834070205688477,7.9195876121521,7.94945764541626,39.5244255065918,1.155922770500183,0.6192254424095154,150.16107177734375,2.592592239379883,0.6444177031517029,0.024397889152169228,21.936214447021484,0.6134200692176819,0.08230694383382797,1.3210257291793823,0.001225218758918345,0.0412994921207428,0.13821077346801758,0.38334164023399353,0.9987366795539856,0.35823196172714233,1.0467586517333984,1.6257975101470947,4.603130340576172,5.378227233886719,6.290787696838379,5.357611179351807,9.178647994995117,7.4352335929870605,4.533512115478516,7.889957427978516,10.093503952026367,12.08303165435791,9.35767936706543,12.025680541992188,11.319941520690918,9.214844703674316,4.705323219299316,3.8992762565612793,5.288549900054932,6.571230888366699,11.405396461486816,11.906208038330078,4.300929546356201,56.64734649658203,69.7172622680664,56.45166015625,51.87455368041992,25.347274780273438,30.87615966796875,62.0109748840332,0.9365735650062561,0.7838547229766846,0.9585251808166504,1.0391368865966797,1.4524625539779663,1.2419313192367554,0.804040253162384,0.17656047642230988,0.1652752310037613,0.2756275534629822,0.4143960177898407,0.956447958946228,1.0779985189437866,0.20294257998466492,134.83544921875,141.12794494628906,148.5139923095703,149.97592163085938,193.5737762451172,172.0865020751953,142.7440643310547,1.9761525392532349,1.814366340637207,2.0235447883605957,2.334110736846924,2.571462869644165,2.498720645904541,1.4389389753341675,0.16298626363277435,0.19737452268600464,0.1008378118276596,0.1264454424381256,0.18646356463432312,0.061152298003435135,0.051186494529247284
2025-10-14,6.036271095275879,8.828560829162598,10.601089477539062,28.120079040527344,1.3160933256149292,0.6334070563316345,156.8433380126953,3.1118099689483643,0.6120240092277527,0.016383513808250427,26.86745262145996,0.5797001719474792,0.06699126958847046,0.9531076550483704,0.00014112255303189158,0.04893869534134865,0.1721663475036621,0.6206028461456299,1.520190954208374,0.4025816321372986,1.4167219400405884,2.4737963676452637,4.834070205688477,4.603130340576172,5.378227233886719,6.290787696838379,5.357611179351807,9.178647994995117,7.4352335929870605,7.9195876121521,7.889957427978516,10.093503952026367,12.08303165435791,9.35767936706543,12.025680541992188,11.319941520690918,7.94945764541626,4.705323219299316,3.8992762565612793,5.288549900054932,6.571230888366699,11.405396461486816,11.906208038330078,39.5244255065918,56.64734649658203,69.7172622680664,56.45166015625,51.87455368041992,25.347274780273438,30.87615966796875,1.155922770500183,0.9365735650062561,0.7838547229766846,0.9585251808166504,1.0391368865966797,1.4524625539779663,1.2419313192367554,0.6192254424095154,0.17656047642230988,0.1652752310037613,0.2756275534629822,0.4143960177898407,0.956447958946228,1.0779985189437866,150.16107177734375,134.83544921875,141.12794494628906,148.5139923095703,149.97592163085938,193.5737762451172,172.0865020751953,2.592592239379883,1.9761525392532349,1.814366340637207,2.0235447883605957,2.334110736846924,2.571462869644165,2.498720645904541,0.08230694383382797,0.16298626363277435,0.19737452268600464,0.1008378118276596,0.1264454424381256,0.18646356463432312,0.061152298003435135
2025-10-15,6.383795738220215,9.352058410644531,9.749473571777344,33.840309143066406,1.369236707687378,0.7880111932754517,157.7930908203125,2.9577157497406006,0.7011848092079163,0.024358045309782028,28.52291488647461,0.6354352235794067,0.05718924477696419,0.6159085035324097,0.0002098677068715915,0.052212923765182495,0.18013064563274384,0.6308608651161194,1.577051043510437,0.5093790888786316,1.2843685150146484,2.7941653728485107,6.036271095275879,4.834070205688477,4.603130340576172,5.378227233886719,6.290787696838379,5.357611179351807,9.178647994995117,8.828560829162598,7.9195876121521,7.889957427978516,10.093503952026367,12.08303165435791,9.35767936706543,12.025680541992188,10.601089477539062,7.94945764541626,4.705323219299316,3.8992762565612793,5.288549900054932,6.571230888366699,11.405396461486816,28.120079040527344,39.5244255065918,56.64734649658203,69.7172622680664,56.45166015625,51.87455368041992,25.347274780273438,1.3160933256149292,1.155922770500183,0.9365735650062561,0.7838547229766846,0.9585251808166504,1.0391368865966797,1.4524625539779663,0.6334070563316345,0.6192254424095154,0.17656047642230988,0.1652752310037613,0.2756275534629822,0.4143960177898407,0.956447958946228,156.8433380126953,150.16107177734375,134.83544921875,141.12794494628906,148.5139923095703,149.97592163085938,193.5737762451172,3.1118099689483643,2.592592239379883,1.9761525392532349,1.814366340637207,2.0235447883605957,2.334110736846924,2.571462869644165,0.06699126958847046,0.08230694383382797,0.16298626363277435,0.19737452268600464,0.1008378118276596,0.1264454424381256,0.18646356463432312
2025-10-16,6.076598167419434,9.474721908569336,7.878174781799316,48.567474365234375,1.1940665245056152,0.3344760537147522,145.8507080078125,2.5518062114715576,0.6066964268684387,0.020244263112545013,19.604726791381836,0.7752026915550232,0.10592471808195114,2.2680084705352783,0.007436114363372326,0.031501151621341705,0.1311151683330536,0.6356699466705322,1.2429052591323853,0.6549939513206482,0.8925867676734924,2.5344395637512207,6.383795738220215,6.036271095275879,4.834070205688477,4.603130340576172,5.378227233886719,6.290787696838379,5.357611179351807,9.352058410644531,8.828560829162598,7.9195876121521,7.889957427978516,10.093503952026367,12.08303165435791,9.35767936706543,9.749473571777344,10.601089477539062,7.94945764541626,4.705323219299316,3.8992762565612793,5.288549900054932,6.571230888366699,33.840309143066406,28.120079040527344,39.5244255065918,56.64734649658203,69.7172622680664,56.45166015625,51.87455368041992,1.369236707687378,1.3160933256149292,1.155922770500183,0.9365735650062561,0.7838547229766846,0.9585251808166504,1.0391368865966797,0.7880111932754517,0.6334070563316345,0.6192254424095154,0.17656047642230988,0.1652752310037613,0.2756275534629822,0.4143960177898407,157.7930908203125,156.8433380126953,150.16107177734375,134.83544921875,141.12794494628906,148.5139923095703,149.97592163085938,2.9577157497406006,3.1118099689483643,2.592592239379883,1.9761525392532349,1.814366340637207,2.0235447883605957,2.334110736846924,0.05718924477696419,0.06699126958847046,0.08230694383382797,0.16298626363277435,0.19737452268600464,0.1008378118276596,0.1264454424381256
2025-10-17,4.716816425323486,9.407224655151367,5.2473249435424805,60.247989654541016,0.99274080991745,0.24372750520706177,146.19741821289062,1.826905369758606,0.3859432339668274,0.00766066275537014,12.215242385864258,0.46248409152030945,0.10614898055791855,4.054941654205322,0.0031241525430232286,0.020306648686528206,0.07369153201580048,0.37485262751579285,0.6408112645149231,0.47834891080856323,0.6973443031311035,1.436083436012268,6.076598167419434,6.383795738220215,6.036271095275879,4.834070205688477,4.603130340576172,5.378227233886719,6.290787696838379,9.474721908569336,9.352058410644531,8.828560829162598,7.9195876121521,7.889957427978516,10.093503952026367,12.08303165435791,7.878174781799316,9.749473571777344,10.601089477539062,7.94945764541626,4.705323219299316,3.8992762565612793,5.288549900054932,48.567474365234375,33.840309143066406,28.120079040527344,39.5244255065918,56.64734649658203,69.7172622680664,56.45166015625,1.1940665245056152,1.369236707687378,1.3160933256149292,1.155922770500183,0.9365735650062561,0.7838547229766846,0.9585251808166504,0.3344760537147522,0.7880111932754517,0.6334070563316345,0.6192254424095154,0.17656047642230988,0.1652752310037613,0.2756275534629822,145.8507080078125,157.7930908203125,156.8433380126953,150.16107177734375,134.83544921875,141.12794494628906,148.5139923095703,2.5518062114715576,2.9577157497406006,3.1118099689483643,2.592592239379883,1.9761525392532349,1.814366340637207,2.0235447883605957,0.10592471808195114,0.05718924477696419,0.06699126958847046,0.08230694383382797,0.16298626363277435,0.19737452268600464,0.1008378118276596
2025-10-18,3.820117473602295,6.189979076385498,5.638704776763916,56.08700180053711,0.9436953663825989,0.2765028476715088,159.46446228027344,2.021784543991089,0.4083167016506195,0.009760643355548382,10.562446594238281,0.5442932844161987,0.026784028857946396,1.292299509048462,1.3520922948373482e-05,0.036911964416503906,0.08794400840997696,0.19023431837558746,0.3182438611984253,0.20390363037586212,0.6633631587028503,0.7846010327339172,4.716816425323486,6.076598167419434,6.383795738220215,6.036271095275879,4.834070205688477,4.603130340576172,5.378227233886719,9.407224655151367,9.474721908569336,9.352058410644531,8.828560829162598,7.9195876121521,7.889957427978516,10.093503952026367,5.2473249435424805,7.878174781799316,9.749473571777344,10.601089477539062,7.94945764541626,4.705323219299316,3.8992762565612793,60.247989654541016,48.567474365234375,33.840309143066406,28.120079040527344,39.5244255065918,56.64734649658203,69.7172622680664,0.99274080991745,1.1940665245056152,1.369236707687378,1.3160933256149292,1.155922770500183,0.9365735650062561,0.7838547229766846,0.24372750520706177,0.3344760537147522,0.7880111932754517,0.6334070563316345,0.6192254424095154,0.17656047642230988,0.1652752310037613,146.19741821289062,145.8507080078125,157.7930908203125,156.8433380126953,150.16107177734375,134.83544921875,141.12794494628906,1.826905369758606,2.5518062114715576,2.9577157497406006,3.1118099689483643,2.592592239379883,1.9761525392532349,1.814366340637207,0.10614898055791855,0.10592471808195114,0.05718924477696419,0.06699126958847046,0.08230694383382797,0.16298626363277435,0.19737452268600464
2025-10-19,7.243829727172852,9.90282917022705,8.517680168151855,47.07973098754883,2.9459593296051025,0.6090933084487915,188.01914978027344,2.4033966064453125,0.5881925225257874,0.014415634796023369,13.141939163208008,0.7018250226974487,0.030982468277215958,0.8839455842971802,0.002780765760689974,0.10318911820650101,0.19908596575260162,0.6296236515045166,1.4068011045455933,0.44751983880996704,1.5081409215927124,2.528440475463867,3.820117473602295,4.716816425323486,6.076598167419434,6.383795738220215,6.036271095275879,4.834070205688477,4.603130340576172,6.189979076385498,9.407224655151367,9.474721908569336,9.352058410644531,8.828560829162598,7.9195876121521,7.889957427978516,5.638704776763916,5.2473249435424805,7.878174781799316,9.749473571777344,10.601089477539062,7.94945764541626,4.705323219299316,56.08700180053711,60.247989654541016,48.567474365234375,33.840309143066406,28.120079040527344,39.5244255065918,56.64734649658203,0.9436953663825989,0.99274080991745,1.1940665245056152,1.369236707687378,1.3160933256149292,1.155922770500183,0.9365735650062561,0.2765028476715088,0.24372750520706177,0.3344760537147522,0.7880111932754517,0.6334070563316345,0.6192254424095154,0.17656047642230988,159.46446228027344,146.19741821289062,145.8507080078125,157.7930908203125,156.8433380126953,150.16107177734375,134.83544921875,2.021784543991089,1.826905369758606,2.5518062114715576,2.9577157497406006,3.1118099689483643,2.592592239379883,1.9761525392532349,0.026784028857946396,0.10614898055791855,0.10592471808195114,0.05718924477696419,0.06699126958847046,0.08230694383382797,0.16298626363277435
2025-10-20,7.517500400543213,9.313089370727539,8.20346450805664,55.99917984008789,2.5007708072662354,0.6332209706306458,176.59664916992188,2.5989842414855957,0.97935950756073,0.03481575846672058,17.388248443603516,1.4769093990325928,0.07871256023645401,0.2995516359806061,0.020852843299508095,0.1431097537279129,0.24801258742809296,0.7851654291152954,1.708984613418579,0.7240219712257385,2.296642780303955,3.1813747882843018,7.243829727172852,3.820117473602295,4.716816425323486,6.076598167419434,6.383795738220215,6.036271095275879,4.834070205688477,9.90282917022705,6.189979076385498,9.407224655151367,9.474721908569336,9.352058410644531,8.828560829162598,7.9195876121521,8.517680168151855,5.638704776763916,5.2473249435424805,7.878174781799316,9.749473571777344,10.601089477539062,7.94945764541626,47.07973098754883,56.08700180053711,60.247989654541016,48.567474365234375,33.840309143066406,28.120079040527344,39.5244255065918,2.9459593296051025,0.9436953663825989,0.99274080991745,1.1940665245056152,1.369236707687378,1.3160933256149292,1.155922770500183,0.6090933084487915,0.2765028476715088,0.24372750520706177,0.3344760537147522,0.7880111932754517,0.6334070563316345,0.6192254424095154,188.01914978027344,159.46446228027344,146.19741821289062,145.8507080078125,157.7930908203125,156.8433380126953,150.16107177734375,2.4033966064453125,2.021784543991089,1.826905369758606,2.5518062114715576,2.9577157497406006,3.1118099689483643,2.592592239379883,0.030982468277215958,0.026784028857946396,0.10614898055791855,0.10592471808195114,0.05718924477696419,0.06699126958847046,0.08230694383382797
2025-10-21,5.953637599945068,7.9070048332214355,7.695167064666748,56.345882415771484,1.377245306968689,0.39989668130874634,158.7869873046875,2.140570878982544,0.9240399599075317,0.03362901508808136,17.69135856628418,1.506958246231079,0.05040412396192551,0.5419310331344604,0.07436312735080719,0.06482299417257309,0.18155664205551147,0.6531952619552612,1.3338228464126587,0.765108585357666,1.6676301956176758,2.8268535137176514,7.517500400543213,7.243829727172852,3.820117473602295,4.716816425323486,6.076598167419434,6.383795738220215,6.036271095275879,9.313089370727539,9.90282917022705,6.189979076385498,9.407224655151367,9.474721908569336,9.352058410644531,8.828560829162598,8.20346450805664,8.517680168151855,5.638704776763916,5.2473249435424805,7.878174781799316,9.749473571777344,10.601089477539062,55.99917984008789,47.07973098754883,56.08700180053711,60.247989654541016,48.567474365234375,33.840309143066406,28.120079040527344,2.5007708072662354,2.9459593296051025,0.9436953663825989,0.99274080991745,1.1940665245056152,1.369236707687378,1.3160933256149292,0.6332209706306458,0.6090933084487915,0.2765028476715088,0.24372750520706177,0.3344760537147522,0.7880111932754517,0.6334070563316345,176.59664916992188,188.01914978027344,159.46446228027344,146.19741821289062,145.8507080078125,157.7930908203125,156.8433380126953,2.5989842414855957,2.4033966064453125,2.021784543991089,1.826905369758606,2.5518062114715576,2.9577157497406006,3.1118099689483643,0.07871256023645401,0.030982468277215958,0.026784028857946396,0.10614898055791855,0.10592471808195114,0.05718924477696419,0.06699126958847046
2025-10-22,6.406909942626953,9.311522483825684,12.029736518859863,29.682178497314453,1.5993624925613403,0.9393589496612549,160.5015869140625,2.8953311443328857,0.8190881013870239,0.03574364259839058,27.127979278564453,0.9874279499053955,0.030830973759293556,0.8853937983512878,0.001382302725687623,0.058828745037317276,0.1853845864534378,0.4981972277164459,1.0321362018585205,0.3881675601005554,1.3405694961547852,2.11954927444458,5.953637599945068,7.517500400543213,7.243829727172852,3.820117473602295,4.716816425323486,6.076598167419434,6.383795738220215,7.9070048332214355,9.313089370727539,9.90282917022705,6.189979076385498,9.407224655151367,9.474721908569336,9.352058410644531,7.695167064666748,8.20346450805664,8.517680168151855,5.638704776763916,5.2473249435424805,7.878174781799316,9.749473571777344,56.345882415771484,55.99917984008789,47.07973098754883,56.08700180053711,60.247989654541016,48.567474365234375,33.840309143066406,1.377245306968689,2.5007708072662354,2.9459593296051025,0.9436953663825989,0.99274080991745,1.1940665245056152,1.369236707687378,0.39989668130874634,0.6332209706306458,0.6090933084487915,0.2765028476715088,0.24372750520706177,0.3344760537147522,0.7880111932754517,158.7869873046875,176.59664916992188,188.01914978027344,159.46446228027344,146.19741821289062,145.8507080078125,157.7930908203125,2.140570878982544,2.5989842414855957,2.4033966064453125,2.021784543991089,1.826905369758606,2.5518062114715576,2.9577157497406006,0.05040412396192551,0.07871256023645401,0.030982468277215958,0.026784028857946396,0.10614898055791855,0.10592471808195114,0.05718924477696419
2025-10-23,7.183912754058838,9.569887161254883,8.811203956604004,36.295040130615234,1.6436048746109009,0.413601815700531,149.7538299560547,1.750128984451294,0.6676631569862366,0.026637915521860123,22.330692291259766,0.972710132598877,0.03664487972855568,0.341425359249115,0.006693802308291197,0.05098939687013626,0.1631305068731308,0.5911384224891663,1.3635419607162476,0.5767815709114075,1.4064830541610718,2.7377569675445557,6.406909942626953,5.953637599945068,7.517500400543213,7.243829727172852,3.820117473602295,4.716816425323486,6.076598167419434,9.311522483825684,7.9070048332214355,9.313089370727539,9.90282917022705,6.189979076385498,9.407224655151367,9.474721908569336,12.029736518859863,7.695167064666748,8.20346450805664,8.517680168151855,5.638704776763916,5.2473249435424805,7.878174781799316,29.682178497314453,56.345882415771484,55.99917984008789,47.07973098754883,56.08700180053711,60.247989654541016,48.567474365234375,1.5993624925613403,1.377245306968689,2.5007708072662354,2.9459593296051025,0.9436953663825989,0.99274080991745,1.1940665245056152,0.9393589496612549,0.39989668130874634,0.6332209706306458,0.6090933084487915,0.2765028476715088,0.24372750520706177,0.3344760537147522,160.5015869140625,158.7869873046875,176.59664916992188,188.01914978027344,159.46446228027344,146.19741821289062,145.8507080078125,2.8953311443328857,2.140570878982544,2.5989842414855957,2.4033966064453125,2.021784543991089,1.826905369758606,2.5518062114715576,0.030830973759293556,0.05040412396192551,0.07871256023645401,0.030982468277215958,0.026784028857946396,0.10614898055791855,0.10592471808195114
2025-10-24,3.252871513366699,6.354925155639648,5.730440616607666,57.05199432373047,1.3584431409835815,0.2831088602542877,141.35891723632812,1.5650808811187744,0.3607436716556549,0.011133725754916668,11.833905220031738,0.5519423484802246,0.045551907271146774,2.136613130569458,0.006425127387046814,0.01754119247198105,0.07569114863872528,0.24296048283576965,0.30160537362098694,0.3669275641441345,0.37363314628601074,1.0599664449691772,7.183912754058838,6.406909942626953,5.953637599945068,7.517500400543213,7.243829727172852,3.820117473602295,4.716816425323486,9.569887161254883,9.311522483825684,7.9070048332214355,9.313089370727539,9.90282917022705,6.189979076385498,9.407224655151367,8.811203956604004,12.029736518859863,7.695167064666748,8.20346450805664,8.517680168151855,5.638704776763916,5.2473249435424805,36.295040130615234,29.682178497314453,56.345882415771484,55.99917984008789,47.07973098754883,56.08700180053711,60.247989654541016,1.6436048746109009,1.5993624925613403,1.377245306968689,2.5007708072662354,2.9459593296051025,0.9436953663825989,0.99274080991745,0.413601815700531,0.9393589496612549,0.39989668130874634,0.6332209706306458,0.6090933084487915,0.2765028476715088,0.24372750520706177,149.7538299560547,160.5015869140625,158.7869873046875,176.59664916992188,188.01914978027344,159.46446228027344,146.19741821289062,1.750128984451294,2.8953311443328857,2.140570878982544,2.5989842414855957,2.4033966064453125,2.021784543991089,1.826905369758606,0.03664487972855568,0.030830973759293556,0.05040412396192551,0.07871256023645401,0.030982468277215958,0.026784028857946396,0.10614898055791855
2025-10-25,3.292151689529419,5.71866512298584,5.000938892364502,54.938289642333984,1.2153180837631226,0.22485299408435822,141.02615356445312,1.6026102304458618,0.42731866240501404,0.010196959599852562,8.511772155761719,0.5298042893409729,0.06478679925203323,1.9656213521957397,0.0014303086791187525,0.024941563606262207,0.07070283591747284,0.24703150987625122,0.3876148462295532,0.31649062037467957,0.45729318261146545,1.0293058156967163,3.252871513366699,7.183912754058838,6.406909942626953,5.953637599945068,7.517500400543213,7.243829727172852,3.820117473602295,6.354925155639648,9.569887161254883,9.311522483825684,7.9070048332214355,9.313089370727539,9.90282917022705,6.189979076385498,5.730440616607666,8.811203956604004,12.029736518859863,7.695167064666748,8.20346450805664,8.517680168151855,5.638704776763916,57.05199432373047,36.295040130615234,29.682178497314453,56.345882415771484,55.99917984008789,47.07973098754883,56.08700180053711,1.3584431409835815,1.6436048746109009,1.5993624925613403,1.377245306968689,2.5007708072662354,2.9459593296051025,0.9436953663825989,0.2831088602542877,0.413601815700531,0.9393589496612549,0.39989668130874634,0.6332209706306458,0.6090933084487915,0.2765028476715088,141.35891723632812,149.7538299560547,160.5015869140625,158.7869873046875,176.59664916992188,188.01914978027344,159.46446228027344,1.5650808811187744,1.750128984451294,2.8953311443328857,2.140570878982544,2.5989842414855957,2.4033966064453125,2.021784543991089,0.045551907271146774,0.03664487972855568,0.030830973759293556,0.05040412396192551,0.07871256023645401,0.030982468277215958,0.026784028857946396
2025-10-26,3.3483705520629883,6.230792999267578,3.410552978515625,62.32868194580078,1.0587282180786133,0.15752474963665009,142.96864318847656,1.1197459697723389,0.2416924685239792,0.003805578453466296,6.731273651123047,0.501048743724823,0.01838381588459015,3.1675713062286377,0.005540935322642326,0.015017728321254253,0.04435727000236511,0.22978560626506805,0.320605605840683,0.3050285577774048,0.31011947989463806,0.8797943592071533,3.292151689529419,3.252871513366699,7.183912754058838,6.406909942626953,5.953637599945068,7.517500400543213,7.243829727172852,5.71866512298584,6.354925155639648,9.569887161254883,9.311522483825684,7.9070048332214355,9.313089370727539,9.90282917022705,5.000938892364502,5.730440616607666,8.811203956604004,12.029736518859863,7.695167064666748,8.20346450805664,8.517680168151855,54.938289642333984,57.05199432373047,36.295040130615234,29.682178497314453,56.345882415771484,55.99917984008789,47.07973098754883,1.2153180837631226,1.3584431409835815,1.6436048746109009,1.5993624925613403,1.377245306968689,2.5007708072662354,2.9459593296051025,0.22485299408435822,0.2831088602542877,0.413601815700531,0.9393589496612549,0.39989668130874634,0.6332209706306458,0.6090933084487915,141.02615356445312,141.35891723632812,149.7538299560547,160.5015869140625,158.7869873046875,176.59664916992188,188.01914978027344,1.6026102304458618,1.5650808811187744,1.750128984451294,2.8953311443328857,2.140570878982544,2.5989842414855957,2.4033966064453125,0.06478679925203323,0.045551907271146774,0.03664487972855568,0.030830973759293556,0.05040412396192551,0.07871256023645401,0.030982468277215958
2025-10-27,2.8731794357299805,4.763521671295166,5.655917644500732,57.443702697753906,1.1404237747192383,0.22121979296207428,142.8118896484375,1.2379804849624634,0.25739604234695435,0.0048988210037350655,10.827868461608887,0.46961313486099243,0.019262781366705894,1.4499006271362305,0.012587850913405418,0.017485860735177994,0.066663958132267,0.2161872684955597,0.3132772147655487,0.28743016719818115,0.39328357577323914,0.8928780555725098,3.3483705520629883,3.292151689529419,3.252871513366699,7.183912754058838,6.406909942626953,5.953637599945068,7.517500400543213,6.230792999267578,5.71866512298584,6.354925155639648,9.569887161254883,9.311522483825684,7.9070048332214355,9.313089370727539,3.410552978515625,5.000938892364502,5.730440616607666,8.811203956604004,12.029736518859863,7.695167064666748,8.20346450805664,62.32868194580078,54.938289642333984,57.05199432373047,36.295040130615234,29.682178497314453,56.345882415771484,55.99917984008789,1.0587282180786133,1.2153180837631226,1.3584431409835815,1.6436048746109009,1.5993624925613403,1.377245306968689,2.5007708072662354,0.15752474963665009,0.22485299408435822,0.2831088602542877,0.413601815700531,0.9393589496612549,0.39989668130874634,0.6332209706306458,142.96864318847656,141.02615356445312,141.35891723632812,149.7538299560547,160.5015869140625,158.7869873046875,176.59664916992188,1.1197459697723389,1.6026102304458618,1.5650808811187744,1.750128984451294,2.8953311443328857,2.140570878982544,2.5989842414855957,0.01838381588459015,0.06478679925203323,0.045551907271146774,0.03664487972855568,0.030830973759293556,0.05040412396192551,0.07871256023645401
2025-10-28,4.043766021728516,7.25290060043335,6.2757134437561035,56.43892288208008,1.0757285356521606,0.2649611532688141,146.3218994140625,1.466707468032837,0.31052038073539734,0.00579603249207139,10.772897720336914,0.44480791687965393,0.02182243950664997,3.2526118755340576,0.0048147845081985,0.01622266322374344,0.07941009104251862,0.27235928177833557,0.524378776550293,0.3298129439353943,0.41209882497787476,1.093980073928833,2.8731794357299805,3.3483705520629883,3.292151689529419,3.252871513366699,7.183912754058838,6.406909942626953,5.953637599945068,4.763521671295166,6.230792999267578,5.71866512298584,6.354925155639648,9.569887161254883,9.311522483825684,7.9070048332214355,5.655917644500732,3.410552978515625,5.000938892364502,5.730440616607666,8.811203956604004,12.029736518859863,7.695167064666748,57.443702697753906,62.32868194580078,54.938289642333984,57.05199432373047,36.295040130615234,29.682178497314453,56.345882415771484,1.1404237747192383,1.0587282180786133,1.2153180837631226,1.3584431409835815,1.6436048746109009,1.5993624925613403,1.377245306968689,0.22121979296207428,0.15752474963665009,0.22485299408435822,0.2831088602542877,0.413601815700531,0.9393589496612549,0.39989668130874634,142.8118896484375,142.96864318847656,141.02615356445312,141.35891723632812,149.7538299560547,160.5015869140625,158.7869873046875,1.2379804849624634,1.1197459697723389,1.6026102304458618,1.5650808811187744,1.750128984451294,2.8953311443328857,2.140570878982544,0.019262781366705894,0.01838381588459015,0.06478679925203323,0.045551907271146774,0.03664487972855568,0.030830973759293556,0.05040412396192551
2025-10-29,5.406424522399902,9.110880851745605,8.919288635253906,51.35536575317383,1.395826816558838,0.48110222816467285,142.02044677734375,2.404500961303711,0.5988641381263733,0.02064572647213936,17.31830406188965,0.5897102952003479,0.09684556722640991,2.3691964149475098,0.0020091254264116287,0.036318033933639526,0.1283506453037262,0.6710885167121887,1.413387417793274,0.4824891686439514,0.828951358795166,2.467529773712158,4.043766021728516,2.8731794357299805,3.3483705520629883,3.292151689529419,3.252871513366699,7.183912754058838,6.406909942626953,7.25290060043335,4.763521671295166,6.230792999267578,5.71866512298584,6.354925155639648,9.569887161254883,9.311522483825684,6.2757134437561035,5.655917644500732,3.410552978515625,5.000938892364502,5.730440616607666,8.811203956604004,12.029736518859863,56.43892288208008,57.443702697753906,62.32868194580078,54.938289642333984,57.05199432373047,36.295040130615234,29.682178497314453,1.0757285356521606,1.1404237747192383,1.0587282180786133,1.2153180837631226,1.3584431409835815,1.6436048746109009,1.5993624925613403,0.2649611532688141,0.22121979296207428,0.15752474963665009,0.22485299408435822,0.2831088602542877,0.413601815700531,0.9393589496612549,146.3218994140625,142.8118896484375,142.96864318847656,141.02615356445312,141.35891723632812,149.7538299560547,160.5015869140625,1.466707468032837,1.2379804849624634,1.1197459697723389,1.6026102304458618,1.5650808811187744,1.750128984451294,2.8953311443328857,0.02182243950664997,0.019262781366705894,0.01838381588459015,0.06478679925203323,0.045551907271146774,0.03664487972855568,0.030830973759293556
2025-10-30,4.0823822021484375,6.821718692779541,7.077770233154297,53.69698715209961,1.063606858253479,0.23199975490570068,140.3701934814453,1.8544995784759521,0.5050362348556519,0.01572423242032528,14.051908493041992,0.7244963645935059,0.0675223097205162,1.6114741563796997,0.00337040307931602,0.029048405587673187,0.09870993345975876,0.4316207766532898,0.9447970390319824,0.3272160589694977,0.71906578540802,1.7251777648925781,5.406424522399902,4.043766021728516,2.8731794357299805,3.3483705520629883,3.292151689529419,3.252871513366699,7.183912754058838,9.110880851745605,7.25290060043335,4.763521671295166,6.230792999267578,5.71866512298584,6.354925155639648,9.569887161254883,8.919288635253906,6.2757134437561035,5.655917644500732,3.410552978515625,5.000938892364502,5.730440616607666,8.811203956604004,51.35536575317383,56.43892288208008,57.443702697753906,62.32868194580078,54.938289642333984,57.05199432373047,36.295040130615234,1.395826816558838,1.0757285356521606,1.1404237747192383,1.0587282180786133,1.2153180837631226,1.3584431409835815,1.6436048746109009,0.48110222816467285,0.2649611532688141,0.22121979296207428,0.15752474963665009,0.22485299408435822,0.2831088602542877,0.413601815700531,142.02044677734375,146.3218994140625,142.8118896484375,142.96864318847656,141.02615356445312,141.35891723632812,149.7538299560547,2.404500961303711,1.466707468032837,1.2379804849624634,1.1197459697723389,1.6026102304458618,1.5650808811187744,1.750128984451294,0.09684556722640991,0.02182243950664997,0.019262781366705894,0.01838381588459015,0.06478679925203323,0.045551907271146774,0.03664487972855568
2025-10-31,8.403286933898926,12.647170066833496,13.284842491149902,38.24668502807617,2.375694990158081,1.3803033828735352,190.8053741455078,3.352163791656494,0.7156936526298523,0.0304282046854496,29.869346618652344,0.832071840763092,0.02258637547492981,1.6506208181381226,0.016049519181251526,0.05600419640541077,0.2004702389240265,1.1626358032226562,3.0999255180358887,0.3617302179336548,1.3182307481765747,4.592048645019531,4.0823822021484375,5.406424522399902,4.043766021728516,2.8731794357299805,3.3483705520629883,3.292151689529419,3.252871513366699,6.821718692779541,9.110880851745605,7.25290060043335,4.763521671295166,6.230792999267578,5.71866512298584,6.354925155639648,7.077770233154297,8.919288635253906,6.2757134437561035,5.655917644500732,3.410552978515625,5.000938892364502,5.730440616607666,53.69698715209961,51.35536575317383,56.43892288208008,57.443702697753906,62.32868194580078,54.938289642333984,57.05199432373047,1.063606858253479,1.395826816558838,1.0757285356521606,1.1404237747192383,1.0587282180786133,1.2153180837631226,1.3584431409835815,0.23199975490570068,0.48110222816467285,0.2649611532688141,0.22121979296207428,0.15752474963665009,0.22485299408435822,0.2831088602542877,140.3701934814453,142.02044677734375,146.3218994140625,142.8118896484375,142.96864318847656,141.02615356445312,141.35891723632812,1.8544995784759521,2.404500961303711,1.466707468032837,1.2379804849624634,1.1197459697723389,1.6026102304458618,1.5650808811187744,0.0675223097205162,0.09684556722640991,0.02182243950664997,0.019262781366705894,0.01838381588459015,0.06478679925203323,0.045551907271146774
2025-11-01,9.491701126098633,13.085517883300781,11.890764236450195,34.03540802001953,2.0403590202331543,0.8709130883216858,186.34930419921875,2.3363680839538574,1.0595228672027588,0.04384784400463104,25.926292419433594,1.3041552305221558,0.10844139754772186,0.3149043023586273,0.008157500997185707,0.09809921681880951,0.2549985349178314,0.9352354407310486,2.4053866863250732,0.4644632935523987,2.8104350566864014,4.085124492645264,8.403286933898926,4.0823822021484375,5.406424522399902,4.043766021728516,2.8731794357299805,3.3483705520629883,3.292151689529419,12.647170066833496,6.821718692779541,9.110880851745605,7.25290060043335,4.763521671295166,6.230792999267578,5.71866512298584,13.284842491149902,7.077770233154297,8.919288635253906,6.2757134437561035,5.655917644500732,3.410552978515625,5.000938892364502,38.24668502807617,53.69698715209961,51.35536575317383,56.43892288208008,57.443702697753906,62.32868194580078,54.938289642333984,2.375694990158081,1.063606858253479,1.395826816558838,1.0757285356521606,1.1404237747192383,1.0587282180786133,1.2153180837631226,1.3803033828735352,0.23199975490570068,0.48110222816467285,0.2649611532688141,0.22121979296207428,0.15752474963665009,0.22485299408435822,190.8053741455078,140.3701934814453,142.02044677734375,146.3218994140625,142.8118896484375,142.96864318847656,141.02615356445312,3.352163791656494,1.8544995784759521,2.404500961303711,1.466707468032837,1.2379804849624634,1.1197459697723389,1.6026102304458618,0.02258637547492981,0.0675223097205162,0.09684556722640991,0.02182243950664997,0.019262781366705894,0.01838381588459015,0.06478679925203323
2025-11-02,7.965211391448975,11.497754096984863,11.118583679199219,31.34708023071289,1.4438308477401733,0.5986390709877014,181.52687072753906,1.4727163314819336,0.6648690700531006,0.02179972268640995,23.94731330871582,0.9577250480651855,0.05202208831906319,0.7098738551139832,0.01028705295175314,0.1069457158446312,0.2084934115409851,0.5979999303817749,1.2451238632202148,0.5664103627204895,2.3476250171661377,2.495699644088745,9.491701126098633,8.403286933898926,4.0823822021484375,5.406424522399902,4.043766021728516,2.8731794357299805,3.3483705520629883,13.085517883300781,12.647170066833496,6.821718692779541,9.110880851745605,7.25290060043335,4.763521671295166,6.230792999267578,11.890764236450195,13.284842491149902,7.077770233154297,8.919288635253906,6.2757134437561035,5.655917644500732,3.410552978515625,34.03540802001953,38.24668502807617,53.69698715209961,51.35536575317383,56.43892288208008,57.443702697753906,62.32868194580078,2.0403590202331543,2.375694990158081,1.063606858253479,1.395826816558838,1.0757285356521606,1.1404237747192383,1.0587282180786133,0.8709130883216858,1.3803033828735352,0.23199975490570068,0.48110222816467285,0.2649611532688141,0.22121979296207428,0.15752474963665009,186.34930419921875,190.8053741455078,140.3701934814453,142.02044677734375,146.3218994140625,142.8118896484375,142.96864318847656,2.3363680839538574,3.352163791656494,1.8544995784759521,2.404500961303711,1.466707468032837,1.2379804849624634,1.1197459697723389,0.10844139754772186,0.02258637547492981,0.0675223097205162,0.09684556722640991,0.02182243950664997,0.019262781366705894,0.01838381588459015
2025-11-03,6.276453495025635,10.44340705871582,9.36156177520752,46.75130081176758,1.4550338983535767,0.3613539934158325,161.82449340820312,1.3072535991668701,0.49425873160362244,0.013392088003456593,19.230371475219727,0.6186431050300598,0.015603214502334595,2.304811477661133,0.014851968735456467,0.07426450401544571,0.16160644590854645,0.5277865529060364,1.021077036857605,0.3874601125717163,1.322442650794983,2.1064651012420654,7.965211391448975,9.491701126098633,8.403286933898926,4.0823822021484375,5.406424522399902,4.043766021728516,2.8731794357299805,11.497754096984863,13.085517883300781,12.647170066833496,6.821718692779541,9.110880851745605,7.25290060043335,4.763521671295166,11.118583679199219,11.890764236450195,13.284842491149902,7.077770233154297,8.919288635253906,6.2757134437561035,5.655917644500732,31.34708023071289,34.03540802001953,38.24668502807617,53.69698715209961,51.35536575317383,56.43892288208008,57.443702697753906,1.4438308477401733,2.0403590202331543,2.375694990158081,1.063606858253479,1.395826816558838,1.0757285356521606,1.1404237747192383,0.5986390709877014,0.8709130883216858,1.3803033828735352,0.23199975490570068,0.48110222816467285,0.2649611532688141,0.22121979296207428,181.52687072753906,186.34930419921875,190.8053741455078,140.3701934814453,142.02044677734375,146.3218994140625,142.8118896484375,1.4727163314819336,2.3363680839538574,3.352163791656494,1.8544995784759521,2.404500961303711,1.466707468032837,1.2379804849624634,0.05202208831906319,0.10844139754772186,0.02258637547492981,0.0675223097205162,0.09684556722640991,0.02182243950664997,0.019262781366705894
2025-11-04,6.283594131469727,10.629280090332031,12.586936950683594,41.319026947021484,1.7744413614273071,0.6960792541503906,175.0489501953125,1.7152457237243652,0.6388576030731201,0.024957183748483658,24.191198348999023,0.6430636644363403,0.0494585782289505,2.263850212097168,0.002400487195700407,0.08818230777978897,0.2205982506275177,0.5477678775787354,1.1361870765686035,0.45402899384498596,1.6731297969818115,2.1872808933258057,6.276453495025635,7.965211391448975,9.491701126098633,8.403286933898926,4.0823822021484375,5.406424522399902,4.043766021728516,10.44340705871582,11.497754096984863,13.085517883300781,12.647170066833496,6.821718692779541,9.110880851745605,7.25290060043335,9.36156177520752,11.118583679199219,11.890764236450195,13.284842491149902,7.077770233154297,8.919288635253906,6.2757134437561035,46.75130081176758,31.34708023071289,34.03540802001953,38.24668502807617,53.69698715209961,51.35536575317383,56.43892288208008,1.4550338983535767,1.4438308477401733,2.0403590202331543,2.375694990158081,1.063606858253479,1.395826816558838,1.0757285356521606,0.3613539934158325,0.5986390709877014,0.8709130883216858,1.3803033828735352,0.23199975490570068,0.48110222816467285,0.2649611532688141,161.82449340820312,181.52687072753906,186.34930419921875,190.8053741455078,140.3701934814453,142.02044677734375,146.3218994140625,1.3072535991668701,1.4727163314819336,2.3363680839538574,3.352163791656494,1.8544995784759521,2.404500961303711,1.466707468032837,0.015603214502334595,0.05202208831906319,0.10844139754772186,0.02258637547492981,0.0675223097205162,0.09684556722640991,0.02182243950664997
2025-11-05,8.087736129760742,11.724562644958496,15.594396591186523,35.41877365112305,2.0204572677612305,1.1488149166107178,200.99502563476562,2.085145950317383,0.8799335956573486,0.03076004423201084,31.62411880493164,0.7952796220779419,0.10648822784423828,0.6356698274612427,0.0005303992656990886,0.14993704855442047,0.35262641310691833,0.9415616393089294,2.037597179412842,0.42220959067344666,2.2287001609802246,3.991250514984131,6.283594131469727,6.276453495025635,7.965211391448975,9.491701126098633,8.403286933898926,4.0823822021484375,5.406424522399902,10.629280090332031,10.44340705871582,11.497754096984863,13.085517883300781,12.647170066833496,6.821718692779541,9.110880851745605,12.586936950683594,9.36156177520752,11.118583679199219,11.890764236450195,13.284842491149902,7.077770233154297,8.919288635253906,41.319026947021484,46.75130081176758,31.34708023071289,34.03540802001953,38.24668502807617,53.69698715209961,51.35536575317383,1.7744413614273071,1.4550338983535767,1.4438308477401733,2.0403590202331543,2.375694990158081,1.063606858253479,1.395826816558838,0.6960792541503906,0.3613539934158325,0.5986390709877014,0.8709130883216858,1.3803033828735352,0.23199975490570068,0.48110222816467285,175.0489501953125,161.82449340820312,181.52687072753906,186.34930419921875,190.8053741455078,140.3701934814453,142.02044677734375,1.7152457237243652,1.3072535991668701,1.4727163314819336,2.3363680839538574,3.352163791656494,1.8544995784759521,2.404500961303711,0.0494585782289505,0.015603214502334595,0.05202208831906319,0.10844139754772186,0.02258637547492981,0.0675223097205162,0.09684556722640991
2025-11-06,10.207283020019531,14.092121124267578,13.728979110717773,41.19153594970703,2.9320013523101807,0.83531254529953,208.35768127441406,1.2596373558044434,1.0919444561004639,0.04418056458234787,26.867033004760742,1.5738298892974854,0.041392408311367035,0.6330088376998901,0.0012185274390503764,0.20579731464385986,0.37969741225242615,0.9383355379104614,2.324941873550415,0.7294289469718933,4.213377475738525,3.884995937347412,8.087736129760742,6.283594131469727,6.276453495025635,7.965211391448975,9.491701126098633,8.403286933898926,4.0823822021484375,11.724562644958496,10.629280090332031,10.44340705871582,11.497754096984863,13.085517883300781,12.647170066833496,6.821718692779541,15.594396591186523,12.586936950683594,9.36156177520752,11.118583679199219,11.890764236450195,13.284842491149902,7.077770233154297,35.41877365112305,41.319026947021484,46.75130081176758,31.34708023071289,34.03540802001953,38.24668502807617,53.69698715209961,2.0204572677612305,1.7744413614273071,1.4550338983535767,1.4438308477401733,2.0403590202331543,2.375694990158081,1.063606858253479,1.1488149166107178,0.6960792541503906,0.3613539934158325,0.5986390709877014,0.8709130883216858,1.3803033828735352,0.23199975490570068,200.99502563476562,175.0489501953125,161.82449340820312,181.52687072753906,186.34930419921875,190.8053741455078,140.3701934814453,2.085145950317383,1.7152457237243652,1.3072535991668701,1.4727163314819336,2.3363680839538574,3.352163791656494,1.8544995784759521,0.10648822784423828,0.0494585782289505,0.015603214502334595,0.05202208831906319,0.10844139754772186,0.02258637547492981,0.0675223097205162
2025-11-07,15.708074569702148,20.376750946044922,13.879939079284668,40.78404998779297,2.563899278640747,0.8893332481384277,216.42568969726562,1.1507081985473633,1.0079420804977417,0.04287954047322273,28.452260971069336,1.7400578260421753,0.08747164160013199,0.3066169321537018,0.007492860313504934,0.19566218554973602,0.41869720816612244,1.3414735794067383,3.286668300628662,1.2781552076339722,4.408621788024902,5.969738483428955,10.207283020019531,8.087736129760742,6.283594131469727,6.276453495025635,7.965211391448975,9.491701126098633,8.403286933898926,14.092121124267578,11.724562644958496,10.629280090332031,10.44340705871582,11.497754096984863,13.085517883300781,12.647170066833496,13.728979110717773,15.594396591186523,12.586936950683594,9.36156177520752,11.118583679199219,11.890764236450195,13.284842491149902,41.19153594970703,35.41877365112305,41.319026947021484,46.75130081176758,31.34708023071289,34.03540802001953,38.24668502807617,2.9320013523101807,2.0204572677612305,1.7744413614273071,1.4550338983535767,1.4438308477401733,2.0403590202331543,2.375694990158081,0.83531254529953,1.1488149166107178,0.6960792541503906,0.3613539934158325,0.5986390709877014,0.8709130883216858,1.3803033828735352,208.35768127441406,200.99502563476562,175.0489501953125,161.82449340820312,181.52687072753906,186.34930419921875,190.8053741455078,1.2596373558044434,2.085145950317383,1.7152457237243652,1.3072535991668701,1.4727163314819336,2.3363680839538574,3.352163791656494,0.041392408311367035,0.10648822784423828,0.0494585782289505,0.015603214502334595,0.05202208831906319,0.10844139754772186,0.02258637547492981
2025-11-08,20.334300994873047,24.936206817626953,15.262901306152344,21.908466339111328,2.1513373851776123,1.5522607564926147,274.7598876953125,1.0892239809036255,1.0277925729751587,0.04912861809134483,31.26724624633789,1.9703316688537598,0.11930336058139801,0.17526324093341827,0.011735019274055958,0.25464749336242676,0.49348169565200806,2.265476942062378,5.828235149383545,1.626800775527954,5.020308971405029,10.152379989624023,15.708074569702148,10.207283020019531,8.087736129760742,6.283594131469727,6.276453495025635,7.965211391448975,9.491701126098633,20.376750946044922,14.092121124267578,11.724562644958496,10.629280090332031,10.44340705871582,11.497754096984863,13.085517883300781,13.879939079284668,13.728979110717773,15.594396591186523,12.586936950683594,9.36156177520752,11.118583679199219,11.890764236450195,40.78404998779297,41.19153594970703,35.41877365112305,41.319026947021484,46.75130081176758,31.34708023071289,34.03540802001953,2.563899278640747,2.9320013523101807,2.0204572677612305,1.7744413614273071,1.4550338983535767,1.4438308477401733,2.0403590202331543,0.8893332481384277,0.83531254529953,1.1488149166107178,0.6960792541503906,0.3613539934158325,0.5986390709877014,0.8709130883216858,216.42568969726562,208.35768127441406,200.99502563476562,175.0489501953125,161.82449340820312,181.52687072753906,186.34930419921875,1.1507081985473633,1.2596373558044434,2.085145950317383,1.7152457237243652,1.3072535991668701,1.4727163314819336,2.3363680839538574,0.08747164160013199,0.041392408311367035,0.10648822784423828,0.0494585782289505,0.015603214502334595,0.05202208831906319,0.10844139754772186
2025-11-09,24.079212188720703,28.767900466918945,17.13714599609375,18.11802101135254,2.7439777851104736,2.248469114303589,306.4216613769531,1.3560512065887451,1.1121951341629028,0.06339351087808609,44.554351806640625,1.8296252489089966,0.250969260931015,0.20142272114753723,0.01724742352962494,0.24670322239398956,0.4743553400039673,3.436729907989502,8.77436637878418,1.6026360988616943,4.576852798461914,14.980061531066895,20.334300994873047,15.708074569702148,10.207283020019531,8.087736129760742,6.283594131469727,6.276453495025635,7.965211391448975,24.936206817626953,20.376750946044922,14.092121124267578,11.724562644958496,10.629280090332031,10.44340705871582,11.497754096984863,15.262901306152344,13.879939079284668,13.728979110717773,15.594396591186523,12.586936950683594,9.36156177520752,11.118583679199219,21.908466339111328,40.78404998779297,41.19153594970703,35.41877365112305,41.319026947021484,46.75130081176758,31.34708023071289,2.1513373851776123,2.563899278640747,2.9320013523101807,2.0204572677612305,1.7744413614273071,1.4550338983535767,1.4438308477401733,1.5522607564926147,0.8893332481384277,0.83531254529953,1.1488149166107178,0.6960792541503906,0.3613539934158325,0.5986390709877014,274.7598876953125,216.42568969726562,208.35768127441406,200.99502563476562,175.0489501953125,161.82449340820312,181.52687072753906,1.0892239809036255,1.1507081985473633,1.2596373558044434,2.085145950317383,1.7152457237243652,1.3072535991668701,1.4727163314819336,0.11930336058139801,0.08747164160013199,0.041392408311367035,0.10648822784423828,0.0494585782289505,0.015603214502334595,0.05202208831906319
2025-11-10,15.222942352294922,19.3973331451416,16.481416702270508,19.83376693725586,2.1455013751983643,2.274165630340576,251.69894409179688,1.947256326675415,0.8120213747024536,0.029966803267598152,49.44538879394531,0.9275166392326355,0.13334043323993683,0.9381545186042786,0.014537878334522247,0.17206595838069916,0.3928423523902893,1.756635069847107,5.041783809661865,0.9258177876472473,3.1527209281921387,7.756633758544922,24.079212188720703,20.334300994873047,15.708074569702148,10.207283020019531,8.087736129760742,6.283594131469727,6.276453495025635,28.767900466918945,24.936206817626953,20.376750946044922,14.092121124267578,11.724562644958496,10.629280090332031,10.44340705871582,17.13714599609375,15.262901306152344,13.879939079284668,13.728979110717773,15.594396591186523,12.586936950683594,9.36156177520752,18.11802101135254,21.908466339111328,40.78404998779297,41.19153594970703,35.41877365112305,41.319026947021484,46.75130081176758,2.7439777851104736,2.1513373851776123,2.563899278640747,2.9320013523101807,2.0204572677612305,1.7744413614273071,1.4550338983535767,2.248469114303589,1.5522607564926147,0.8893332481384277,0.83531254529953,1.1488149166107178,0.6960792541503906,0.3613539934158325,306.4216613769531,274.7598876953125,216.42568969726562,208.35768127441406,200.99502563476562,175.0489501953125,161.82449340820312,1.3560512065887451,1.0892239809036255,1.1507081985473633,1.2596373558044434,2.085145950317383,1.7152457237243652,1.3072535991668701,0.250969260931015,0.11930336058139801,0.08747164160013199,0.041392408311367035,0.10648822784423828,0.0494585782289505,0.015603214502334595
2025-11-11,10.836955070495605,14.070562362670898,16.38504981994629,19.726123809814453,1.9182777404785156,1.105060338973999,215.6561737060547,1.5195817947387695,0.6415553092956543,0.019291142001748085,36.30763244628906,0.8536985516548157,0.016012271866202354,1.0996676683425903,0.005378318019211292,0.12300888448953629,0.3083069324493408,1.0979983806610107,3.05499529838562,0.7530718445777893,2.2956347465515137,4.985133171081543,15.222942352294922,24.079212188720703,20.334300994873047,15.708074569702148,10.207283020019531,8.087736129760742,6.283594131469727,19.3973331451416,28.767900466918945,24.936206817626953,20.376750946044922,14.092121124267578,11.724562644958496,10.629280090332031,16.481416702270508,17.13714599609375,15.262901306152344,13.879939079284668,13.728979110717773,15.594396591186523,12.586936950683594,19.83376693725586,18.11802101135254,21.908466339111328,40.78404998779297,41.19153594970703,35.41877365112305,41.319026947021484,2.1455013751983643,2.7439777851104736,2.1513373851776123,2.563899278640747,2.9320013523101807,2.0204572677612305,1.7744413614273071,2.274165630340576,2.248469114303589,1.5522607564926147,0.8893332481384277,0.83531254529953,1.1488149166107178,0.6960792541503906,251.69894409179688,306.4216613769531,274.7598876953125,216.42568969726562,208.35768127441406,200.99502563476562,175.0489501953125,1.947256326675415,1.3560512065887451,1.0892239809036255,1.1507081985473633,1.2596373558044434,2.085145950317383,1.7152457237243652,0.13334043323993683,0.250969260931015,0.11930336058139801,0.08747164160013199,0.041392408311367035,0.10648822784423828,0.0494585782289505
2025-11-12,9.341099739074707,12.988198280334473,14.748298645019531,24.64715003967285,2.084771156311035,1.0065524578094482,212.64369201660156,1.8729248046875,0.8522846698760986,0.026627492159605026,30.93214988708496,0.9803525805473328,0.014905907213687897,1.295057773590088,0.0008085038280114532,0.1327453851699829,0.34204867482185364,0.9433035850524902,2.398167371749878,0.6773436665534973,2.4361231327056885,3.988924741744995,10.836955070495605,15.222942352294922,24.079212188720703,20.334300994873047,15.708074569702148,10.207283020019531,8.087736129760742,14.070562362670898,19.3973331451416,28.767900466918945,24.936206817626953,20.376750946044922,14.092121124267578,11.724562644958496,16.38504981994629,16.481416702270508,17.13714599609375,15.262901306152344,13.879939079284668,13.728979110717773,15.594396591186523,19.726123809814453,19.83376693725586,18.11802101135254,21.908466339111328,40.78404998779297,41.19153594970703,35.41877365112305,1.9182777404785156,2.1455013751983643,2.7439777851104736,2.1513373851776123,2.563899278640747,2.9320013523101807,2.0204572677612305,1.105060338973999,2.274165630340576,2.248469114303589,1.5522607564926147,0.8893332481384277,0.83531254529953,1.1488149166107178,215.6561737060547,251.69894409179688,306.4216613769531,274.7598876953125,216.42568969726562,208.35768127441406,200.99502563476562,1.5195817947387695,1.947256326675415,1.3560512065887451,1.0892239809036255,1.1507081985473633,1.2596373558044434,2.085145950317383,0.016012271866202354,0.13334043323993683,0.250969260931015,0.11930336058139801,0.08747164160013199,0.041392408311367035,0.10648822784423828
2025-11-13,7.159342288970947,11.822880744934082,13.323986053466797,34.72752380371094,1.7953943014144897,0.6520095467567444,171.28787231445312,2.041872024536133,1.0449399948120117,0.03413587808609009,23.42639923095703,0.9080212712287903,1.9488112926483154,0.49089422821998596,0.007039808202534914,0.11527889221906662,0.3269222676753998,0.6989429593086243,1.5434279441833496,0.7957826256752014,2.52498722076416,2.975827217102051,9.341099739074707,10.836955070495605,15.222942352294922,24.079212188720703,20.334300994873047,15.708074569702148,10.207283020019531,12.988198280334473,14.070562362670898,19.3973331451416,28.767900466918945,24.936206817626953,20.376750946044922,14.092121124267578,14.748298645019531,16.38504981994629,16.481416702270508,17.13714599609375,15.262901306152344,13.879939079284668,13.728979110717773,24.64715003967285,19.726123809814453,19.83376693725586,18.11802101135254,21.908466339111328,40.78404998779297,41.19153594970703,2.084771156311035,1.9182777404785156,2.1455013751983643,2.7439777851104736,2.1513373851776123,2.563899278640747,2.9320013523101807,1.0065524578094482,1.105060338973999,2.274165630340576,2.248469114303589,1.5522607564926147,0.8893332481384277,0.83531254529953,212.64369201660156,215.6561737060547,251.69894409179688,306.4216613769531,274.7598876953125,216.42568969726562,208.35768127441406,1.8729248046875,1.5195817947387695,1.947256326675415,1.3560512065887451,1.0892239809036255,1.1507081985473633,1.2596373558044434,0.014905907213687897,0.016012271866202354,0.13334043323993683,0.250969260931015,0.11930336058139801,0.08747164160013199,0.041392408311367035
2025-11-14,9.089378356933594,13.601665496826172,15.152113914489746,25.24713706970215,2.3855173587799072,2.2520580291748047,203.09539794921875,2.1768131256103516,0.9011339545249939,0.031113049015402794,39.531105041503906,0.7629212737083435,1.171414852142334,0.37208467721939087,0.005983973387628794,0.13402503728866577,0.4070712625980377,0.7841914892196655,1.6219602823257446,0.8222671747207642,3.243100166320801,3.379094362258911,7.159342288970947,9.341099739074707,10.836955070495605,15.222942352294922,24.079212188720703,20.334300994873047,15.708074569702148,11.822880744934082,12.988198280334473,14.070562362670898,19.3973331451416,28.767900466918945,24.936206817626953,20.376750946044922,13.323986053466797,14.748298645019531,16.38504981994629,16.481416702270508,17.13714599609375,15.262901306152344,13.879939079284668,34.72752380371094,24.64715003967285,19.726123809814453,19.83376693725586,18.11802101135254,21.908466339111328,40.78404998779297,1.7953943014144897,2.084771156311035,1.9182777404785156,2.1455013751983643,2.7439777851104736,2.1513373851776123,2.563899278640747,0.6520095467567444,1.0065524578094482,1.105060338973999,2.274165630340576,2.248469114303589,1.5522607564926147,0.8893332481384277,171.28787231445312,212.64369201660156,215.6561737060547,251.69894409179688,306.4216613769531,274.7598876953125,216.42568969726562,2.041872024536133,1.8729248046875,1.5195817947387695,1.947256326675415,1.3560512065887451,1.0892239809036255,1.1507081985473633,1.9488112926483154,0.014905907213687897,0.016012271866202354,0.13334043323993683,0.250969260931015,0.11930336058139801,0.08747164160013199
2025-11-15,3.5360829830169678,5.018009185791016,4.204984188079834,62.775245666503906,1.839996576309204,0.09195996820926666,143.52273559570312,0.32173678278923035,0.2202860713005066,0.0036155926063656807,8.177318572998047,0.5456246137619019,0.06838840246200562,0.13315854966640472,9.038404823513702e-05,0.11125145852565765,0.16504022479057312,0.24548330903053284,0.3339786231517792,0.3730110824108124,1.0760717391967773,1.03682541847229,9.089378356933594,7.159342288970947,9.341099739074707,10.836955070495605,15.222942352294922,24.079212188720703,20.334300994873047,13.601665496826172,11.822880744934082,12.988198280334473,14.070562362670898,19.3973331451416,28.767900466918945,24.936206817626953,15.152113914489746,13.323986053466797,14.748298645019531,16.38504981994629,16.481416702270508,17.13714599609375,15.262901306152344,25.24713706970215,34.72752380371094,24.64715003967285,19.726123809814453,19.83376693725586,18.11802101135254,21.908466339111328,2.3855173587799072,1.7953943014144897,2.084771156311035,1.9182777404785156,2.1455013751983643,2.7439777851104736,2.1513373851776123,2.2520580291748047,0.6520095467567444,1.0065524578094482,1.105060338973999,2.274165630340576,2.248469114303589,1.5522607564926147,203.09539794921875,171.28787231445312,212.64369201660156,215.6561737060547,251.69894409179688,306.4216613769531,274.7598876953125,2.1768131256103516,2.041872024536133,1.8729248046875,1.5195817947387695,1.947256326675415,1.3560512065887451,1.0892239809036255,1.171414852142334,1.9488112926483154,0.014905907213687897,0.016012271866202354,0.13334043323993683,0.250969260931015,0.11930336058139801
2025-11-16,10.389676094055176,13.598166465759277,8.490694046020508,26.98684310913086,1.6467419862747192,1.0647059679031372,214.5933380126953,0.7619212865829468,0.6030858755111694,0.0221770741045475,24.928606033325195,0.8146766424179077,1.1111420392990112,0.15397295355796814,0.006505508441478014,0.17389161884784698,0.2742401361465454,0.9946379661560059,2.0044217109680176,0.9128460884094238,2.954435348510742,4.215830326080322,3.5360829830169678,9.089378356933594,7.159342288970947,9.341099739074707,10.836955070495605,15.222942352294922,24.079212188720703,5.018009185791016,13.601665496826172,11.822880744934082,12.988198280334473,14.070562362670898,19.3973331451416,28.767900466918945,4.204984188079834,15.152113914489746,13.323986053466797,14.748298645019531,16.38504981994629,16.481416702270508,17.13714599609375,62.775245666503906,25.24713706970215,34.72752380371094,24.64715003967285,19.726123809814453,19.83376693725586,18.11802101135254,1.839996576309204,2.3855173587799072,1.7953943014144897,2.084771156311035,1.9182777404785156,2.1455013751983643,2.7439777851104736,0.09195996820926666,2.2520580291748047,0.6520095467567444,1.0065524578094482,1.105060338973999,2.274165630340576,2.248469114303589,143.52273559570312,203.09539794921875,171.28787231445312,212.64369201660156,215.6561737060547,251.69894409179688,306.4216613769531,0.32173678278923035,2.1768131256103516,2.041872024536133,1.8729248046875,1.5195817947387695,1.947256326675415,1.3560512065887451,0.06838840246200562,1.171414852142334,1.9488112926483154,0.014905907213687897,0.016012271866202354,0.13334043323993683,0.250969260931015
2025-11-17,6.371464252471924,9.380228996276855,9.305913925170898,45.37397766113281,1.140519142150879,0.37103843688964844,158.78684997558594,1.1573195457458496,0.2679232060909271,0.00452880933880806,17.81061553955078,0.5224525332450867,0.022662725299596786,1.93658447265625,9.521477295493241e-06,0.06687164306640625,0.17125160992145538,0.614546000957489,1.5055310726165771,0.2337273806333542,1.057490348815918,2.6233365535736084,10.389676094055176,3.5360829830169678,9.089378356933594,7.159342288970947,9.341099739074707,10.836955070495605,15.222942352294922,13.598166465759277,5.018009185791016,13.601665496826172,11.822880744934082,12.988198280334473,14.070562362670898,19.3973331451416,8.490694046020508,4.204984188079834,15.152113914489746,13.323986053466797,14.748298645019531,16.38504981994629,16.481416702270508,26.98684310913086,62.775245666503906,25.24713706970215,34.72752380371094,24.64715003967285,19.726123809814453,19.83376693725586,1.6467419862747192,1.839996576309204,2.3855173587799072,1.7953943014144897,2.084771156311035,1.9182777404785156,2.1455013751983643,1.0647059679031372,0.09195996820926666,2.2520580291748047,0.6520095467567444,1.0065524578094482,1.105060338973999,2.274165630340576,214.5933380126953,143.52273559570312,203.09539794921875,171.28787231445312,212.64369201660156,215.6561737060547,251.69894409179688,0.7619212865829468,0.32173678278923035,2.1768131256103516,2.041872024536133,1.8729248046875,1.5195817947387695,1.947256326675415,1.1111420392990112,0.06838840246200562,1.171414852142334,1.9488112926483154,0.014905907213687897,0.016012271866202354,0.13334043323993683
2025-11-18,5.981058597564697,9.237658500671387,9.589032173156738,47.752723693847656,1.282127857208252,0.2873452603816986,174.5826416015625,1.2698606252670288,0.2688187062740326,0.006443569902330637,17.23459243774414,0.5478937029838562,0.003814089111983776,3.1903469562530518,0.002826815703883767,0.06197630241513252,0.18239852786064148,0.515405535697937,1.5099960565567017,0.17009718716144562,0.8964750170707703,2.254237651824951,6.371464252471924,10.389676094055176,3.5360829830169678,9.089378356933594,7.159342288970947,9.341099739074707,10.836955070495605,9.380228996276855,13.598166465759277,5.018009185791016,13.601665496826172,11.822880744934082,12.988198280334473,14.070562362670898,9.305913925170898,8.490694046020508,4.204984188079834,15.152113914489746,13.323986053466797,14.748298645019531,16.38504981994629,45.37397766113281,26.98684310913086,62.775245666503906,25.24713706970215,34.72752380371094,24.64715003967285,19.726123809814453,1.140519142150879,1.6467419862747192,1.839996576309204,2.3855173587799072,1.7953943014144897,2.084771156311035,1.9182777404785156,0.37103843688964844,1.0647059679031372,0.09195996820926666,2.2520580291748047,0.6520095467567444,1.0065524578094482,1.105060338973999,158.78684997558594,214.5933380126953,143.52273559570312,203.09539794921875,171.28787231445312,212.64369201660156,215.6561737060547,1.1573195457458496,0.7619212865829468,0.32173678278923035,2.1768131256103516,2.041872024536133,1.8729248046875,1.5195817947387695,0.022662725299596786,1.1111420392990112,0.06838840246200562,1.171414852142334,1.9488112926483154,0.014905907213687897,0.016012271866202354
2025-11-19,8.354005813598633,10.742321014404297,9.994511604309082,44.73170852661133,1.6609022617340088,0.5647867918014526,179.27178955078125,0.8828647136688232,0.41869327425956726,0.01453172042965889,20.071992874145508,0.7561022639274597,0.009573165327310562,1.2591341733932495,0.001788421766832471,0.07816723734140396,0.20066256821155548,1.0490012168884277,3.0687763690948486,0.2510160207748413,1.2081010341644287,4.636686325073242,5.981058597564697,6.371464252471924,10.389676094055176,3.5360829830169678,9.089378356933594,7.159342288970947,9.341099739074707,9.237658500671387,9.380228996276855,13.598166465759277,5.018009185791016,13.601665496826172,11.822880744934082,12.988198280334473,9.589032173156738,9.305913925170898,8.490694046020508,4.204984188079834,15.152113914489746,13.323986053466797,14.748298645019531,47.752723693847656,45.37397766113281,26.98684310913086,62.775245666503906,25.24713706970215,34.72752380371094,24.64715003967285,1.282127857208252,1.140519142150879,1.6467419862747192,1.839996576309204,2.3855173587799072,1.7953943014144897,2.084771156311035,0.2873452603816986,0.37103843688964844,1.0647059679031372,0.09195996820926666,2.2520580291748047,0.6520095467567444,1.0065524578094482,174.5826416015625,158.78684997558594,214.5933380126953,143.52273559570312,203.09539794921875,171.28787231445312,212.64369201660156,1.2698606252670288,1.1573195457458496,0.7619212865829468,0.32173678278923035,2.1768131256103516,2.041872024536133,1.8729248046875,0.003814089111983776,0.022662725299596786,1.1111420392990112,0.06838840246200562,1.171414852142334,1.9488112926483154,0.014905907213687897
2025-11-20,6.921722412109375,8.764178276062012,10.007818222045898,41.09895706176758,1.3402175903320312,0.46379488706588745,172.62863159179688,0.9459221959114075,0.34337595105171204,0.00818746630102396,19.63852882385254,0.7423122525215149,0.006716457195580006,0.5626195073127747,0.00036792928585782647,0.06576131284236908,0.18317440152168274,0.857544481754303,2.376941204071045,0.2611537575721741,1.093824028968811,3.7042903900146484,8.354005813598633,5.981058597564697,6.371464252471924,10.389676094055176,3.5360829830169678,9.089378356933594,7.159342288970947,10.742321014404297,9.237658500671387,9.380228996276855,13.598166465759277,5.018009185791016,13.601665496826172,11.822880744934082,9.994511604309082,9.589032173156738,9.305913925170898,8.490694046020508,4.204984188079834,15.152113914489746,13.323986053466797,44.73170852661133,47.752723693847656,45.37397766113281,26.98684310913086,62.775245666503906,25.24713706970215,34.72752380371094,1.6609022617340088,1.282127857208252,1.140519142150879,1.6467419862747192,1.839996576309204,2.3855173587799072,1.7953943014144897,0.5647867918014526,0.2873452603816986,0.37103843688964844,1.0647059679031372,0.09195996820926666,2.2520580291748047,0.6520095467567444,179.27178955078125,174.5826416015625,158.78684997558594,214.5933380126953,143.52273559570312,203.09539794921875,171.28787231445312,0.8828647136688232,1.2698606252670288,1.1573195457458496,0.7619212865829468,0.32173678278923035,2.1768131256103516,2.041872024536133,0.009573165327310562,0.003814089111983776,0.022662725299596786,1.1111420392990112,0.06838840246200562,1.171414852142334,1.9488112926483154
2025-11-21,9.247653007507324,12.062639236450195,16.855365753173828,32.08153533935547,1.5896998643875122,1.4175373315811157,204.7593536376953,3.229661464691162,0.37108075618743896,0.007777038030326366,30.58029556274414,0.6415228247642517,0.010615755803883076,1.045591950416565,7.719591465897308e-16,0.11842896044254303,0.3596568703651428,1.029006838798523,3.0192348957061768,0.13678237795829773,1.8394086360931396,4.7019219398498535,6.921722412109375,8.354005813598633,5.981058597564697,6.371464252471924,10.389676094055176,3.5360829830169678,9.089378356933594,8.764178276062012,10.742321014404297,9.237658500671387,9.380228996276855,13.598166465759277,5.018009185791016,13.601665496826172,10.007818222045898,9.994511604309082,9.589032173156738,9.305913925170898,8.490694046020508,4.204984188079834,15.152113914489746,41.09895706176758,44.73170852661133,47.752723693847656,45.37397766113281,26.98684310913086,62.775245666503906,25.24713706970215,1.3402175903320312,1.6609022617340088,1.282127857208252,1.140519142150879,1.6467419862747192,1.839996576309204,2.3855173587799072,0.46379488706588745,0.5647867918014526,0.2873452603816986,0.37103843688964844,1.0647059679031372,0.09195996820926666,2.2520580291748047,172.62863159179688,179.27178955078125,174.5826416015625,158.78684997558594,214.5933380126953,143.52273559570312,203.09539794921875,0.9459221959114075,0.8828647136688232,1.2698606252670288,1.1573195457458496,0.7619212865829468,0.32173678278923035,2.1768131256103516,0.006716457195580006,0.009573165327310562,0.003814089111983776,0.022662725299596786,1.1111420392990112,0.06838840246200562,1.171414852142334
2025-11-22,14.239585876464844,17.11399269104004,18.70476722717285,30.407352447509766,2.083780527114868,1.361412525177002,261.9175109863281,2.875359058380127,0.44131946563720703,0.011150704696774483,27.31817054748535,0.7097911834716797,0.013977025635540485,1.3082154989242554,0.026204358786344528,0.13125573098659515,0.38668641448020935,1.7144132852554321,4.635459899902344,0.30475154519081116,2.2783141136169434,6.976517677307129,9.247653007507324,6.921722412109375,8.354005813598633,5.981058597564697,6.371464252471924,10.389676094055176,3.5360829830169678,12.062639236450195,8.764178276062012,10.742321014404297,9.237658500671387,9.380228996276855,13.598166465759277,5.018009185791016,16.855365753173828,10.007818222045898,9.994511604309082,9.589032173156738,9.305913925170898,8.490694046020508,4.204984188079834,32.08153533935547,41.09895706176758,44.73170852661133,47.752723693847656,45.37397766113281,26.98684310913086,62.775245666503906,1.5896998643875122,1.3402175903320312,1.6609022617340088,1.282127857208252,1.140519142150879,1.6467419862747192,1.839996576309204,1.4175373315811157,0.46379488706588745,0.5647867918014526,0.2873452603816986,0.37103843688964844,1.0647059679031372,0.09195996820926666,204.7593536376953,172.62863159179688,179.27178955078125,174.5826416015625,158.78684997558594,214.5933380126953,143.52273559570312,3.229661464691162,0.9459221959114075,0.8828647136688232,1.2698606252670288,1.1573195457458496,0.7619212865829468,0.32173678278923035,0.010615755803883076,0.006716457195580006,0.009573165327310562,0.003814089111983776,0.022662725299596786,1.1111420392990112,0.06838840246200562
2025-11-23,12.45268726348877,15.094143867492676,13.249503135681152,42.99296188354492,2.5666255950927734,0.5608262419700623,219.26376342773438,1.9276914596557617,0.5343348383903503,0.01305912621319294,20.205636978149414,0.8726813197135925,0.015112621709704399,0.9688830375671387,0.004166326951235533,0.15088826417922974,0.2887464463710785,1.4758306741714478,4.021588325500488,0.38536012172698975,2.5284221172332764,6.369889736175537,14.239585876464844,9.247653007507324,6.921722412109375,8.354005813598633,5.981058597564697,6.371464252471924,10.389676094055176,17.11399269104004,12.062639236450195,8.764178276062012,10.742321014404297,9.237658500671387,9.380228996276855,13.598166465759277,18.70476722717285,16.855365753173828,10.007818222045898,9.994511604309082,9.589032173156738,9.305913925170898,8.490694046020508,30.407352447509766,32.08153533935547,41.09895706176758,44.73170852661133,47.752723693847656,45.37397766113281,26.98684310913086,2.083780527114868,1.5896998643875122,1.3402175903320312,1.6609022617340088,1.282127857208252,1.140519142150879,1.6467419862747192,1.361412525177002,1.4175373315811157,0.46379488706588745,0.5647867918014526,0.2873452603816986,0.37103843688964844,1.0647059679031372,261.9175109863281,204.7593536376953,172.62863159179688,179.27178955078125,174.5826416015625,158.78684997558594,214.5933380126953,2.875359058380127,3.229661464691162,0.9459221959114075,0.8828647136688232,1.2698606252670288,1.1573195457458496,0.7619212865829468,0.013977025635540485,0.010615755803883076,0.006716457195580006,0.009573165327310562,0.003814089111983776,0.022662725299596786,1.1111420392990112
2025-11-24,12.541966438293457,15.130556106567383,16.107704162597656,33.82469940185547,2.297092914581299,1.1646708250045776,222.2071533203125,1.8662220239639282,0.573122501373291,0.009294450283050537,31.777555465698242,0.7208123207092285,0.015162262134253979,0.544141948223114,0.00012771251203957945,0.17602726817131042,0.4109475612640381,1.2760742902755737,3.4765937328338623,0.5491862297058105,2.6126461029052734,5.841806888580322,12.45268726348877,14.239585876464844,9.247653007507324,6.921722412109375,8.354005813598633,5.981058597564697,6.371464252471924,15.094143867492676,17.11399269104004,12.062639236450195,8.764178276062012,10.742321014404297,9.237658500671387,9.380228996276855,13.249503135681152,18.70476722717285,16.855365753173828,10.007818222045898,9.994511604309082,9.589032173156738,9.305913925170898,42.99296188354492,30.407352447509766,32.08153533935547,41.09895706176758,44.73170852661133,47.752723693847656,45.37397766113281,2.5666255950927734,2.083780527114868,1.5896998643875122,1.3402175903320312,1.6609022617340088,1.282127857208252,1.140519142150879,0.5608262419700623,1.361412525177002,1.4175373315811157,0.46379488706588745,0.5647867918014526,0.2873452603816986,0.37103843688964844,219.26376342773438,261.9175109863281,204.7593536376953,172.62863159179688,179.27178955078125,174.5826416015625,158.78684997558594,1.9276914596557617,2.875359058380127,3.229661464691162,0.9459221959114075,0.8828647136688232,1.2698606252670288,1.1573195457458496,0.015112621709704399,0.013977025635540485,0.010615755803883076,0.006716457195580006,0.009573165327310562,0.003814089111983776,0.022662725299596786
2025-11-25,21.337289810180664,24.105525970458984,17.815475463867188,18.36638832092285,3.530224323272705,1.881338357925415,278.817626953125,1.685563087463379,0.757759690284729,0.014481629244983196,46.025848388671875,0.7728670835494995,0.01594250276684761,0.2994067966938019,0.001678932225331664,0.5192980170249939,0.926262617111206,2.11957049369812,5.886473655700684,1.0274893045425415,6.130852699279785,9.456513404846191,12.541966438293457,12.45268726348877,14.239585876464844,9.247653007507324,6.921722412109375,8.354005813598633,5.981058597564697,15.130556106567383,15.094143867492676,17.11399269104004,12.062639236450195,8.764178276062012,10.742321014404297,9.237658500671387,16.107704162597656,13.249503135681152,18.70476722717285,16.855365753173828,10.007818222045898,9.994511604309082,9.589032173156738,33.82469940185547,42.99296188354492,30.407352447509766,32.08153533935547,41.09895706176758,44.73170852661133,47.752723693847656,2.297092914581299,2.5666255950927734,2.083780527114868,1.5896998643875122,1.3402175903320312,1.6609022617340088,1.282127857208252,1.1646708250045776,0.5608262419700623,1.361412525177002,1.4175373315811157,0.46379488706588745,0.5647867918014526,0.2873452603816986,222.2071533203125,219.26376342773438,261.9175109863281,204.7593536376953,172.62863159179688,179.27178955078125,174.5826416015625,1.8662220239639282,1.9276914596557617,2.875359058380127,3.229661464691162,0.9459221959114075,0.8828647136688232,1.2698606252670288,0.015162262134253979,0.015112621709704399,0.013977025635540485,0.010615755803883076,0.006716457195580006,0.009573165327310562,0.003814089111983776
2025-11-26,15.572845458984375,17.81627655029297,10.942928314208984,35.96702575683594,2.3983347415924072,0.45256274938583374,223.07884216308594,0.7088645696640015,0.4700426757335663,0.010851885192096233,22.618270874023438,0.8588907122612,0.011767416261136532,0.5014939308166504,0.001233339891768992,0.3433079421520233,0.571904182434082,1.6534395217895508,4.131375789642334,0.8835018873214722,3.5504720211029053,7.406492710113525,21.337289810180664,12.541966438293457,12.45268726348877,14.239585876464844,9.247653007507324,6.921722412109375,8.354005813598633,24.105525970458984,15.130556106567383,15.094143867492676,17.11399269104004,12.062639236450195,8.764178276062012,10.742321014404297,17.815475463867188,16.107704162597656,13.249503135681152,18.70476722717285,16.855365753173828,10.007818222045898,9.994511604309082,18.36638832092285,33.82469940185547,42.99296188354492,30.407352447509766,32.08153533935547,41.09895706176758,44.73170852661133,3.530224323272705,2.297092914581299,2.5666255950927734,2.083780527114868,1.5896998643875122,1.3402175903320312,1.6609022617340088,1.881338357925415,1.1646708250045776,0.5608262419700623,1.361412525177002,1.4175373315811157,0.46379488706588745,0.5647867918014526,278.817626953125,222.2071533203125,219.26376342773438,261.9175109863281,204.7593536376953,172.62863159179688,179.27178955078125,1.685563087463379,1.8662220239639282,1.9276914596557617,2.875359058380127,3.229661464691162,0.9459221959114075,0.8828647136688232,0.01594250276684761,0.015162262134253979,0.015112621709704399,0.013977025635540485,0.010615755803883076,0.006716457195580006,0.009573165327310562
2025-11-27,13.061634063720703,15.870307922363281,13.443129539489746,37.00067138671875,1.5171321630477905,0.730316698551178,212.99746704101562,0.9533471465110779,0.5571234822273254,0.01780618168413639,29.9974308013916,0.876073956489563,0.012249626219272614,0.5324363112449646,0.0027526335325092077,0.1317054033279419,0.3214615285396576,1.8553895950317383,5.278980255126953,0.7790316343307495,2.313769817352295,7.826127529144287,15.572845458984375,21.337289810180664,12.541966438293457,12.45268726348877,14.239585876464844,9.247653007507324,6.921722412109375,17.81627655029297,24.105525970458984,15.130556106567383,15.094143867492676,17.11399269104004,12.062639236450195,8.764178276062012,10.942928314208984,17.815475463867188,16.107704162597656,13.249503135681152,18.70476722717285,16.855365753173828,10.007818222045898,35.96702575683594,18.36638832092285,33.82469940185547,42.99296188354492,30.407352447509766,32.08153533935547,41.09895706176758,2.3983347415924072,3.530224323272705,2.297092914581299,2.5666255950927734,2.083780527114868,1.5896998643875122,1.3402175903320312,0.45256274938583374,1.881338357925415,1.1646708250045776,0.5608262419700623,1.361412525177002,1.4175373315811157,0.46379488706588745,223.07884216308594,278.817626953125,222.2071533203125,219.26376342773438,261.9175109863281,204.7593536376953,172.62863159179688,0.7088645696640015,1.685563087463379,1.8662220239639282,1.9276914596557617,2.875359058380127,3.229661464691162,0.9459221959114075,0.011767416261136532,0.01594250276684761,0.015162262134253979,0.015112621709704399,0.013977025635540485,0.010615755803883076,0.006716457195580006
2025-11-28,8.714120864868164,10.900046348571777,13.806781768798828,33.489410400390625,1.8413256406784058,0.4874197244644165,205.96218872070312,1.3289800882339478,0.5809993147850037,0.019153619185090065,29.12101173400879,0.7417171597480774,0.006178959272801876,0.5159344673156738,0.002071805763989687,0.11780200898647308,0.284298837184906,1.2791273593902588,3.7112650871276855,0.5394675731658936,2.00246524810791,5.669869422912598,13.061634063720703,15.572845458984375,21.337289810180664,12.541966438293457,12.45268726348877,14.239585876464844,9.247653007507324,15.870307922363281,17.81627655029297,24.105525970458984,15.130556106567383,15.094143867492676,17.11399269104004,12.062639236450195,13.443129539489746,10.942928314208984,17.815475463867188,16.107704162597656,13.249503135681152,18.70476722717285,16.855365753173828,37.00067138671875,35.96702575683594,18.36638832092285,33.82469940185547,42.99296188354492,30.407352447509766,32.08153533935547,1.5171321630477905,2.3983347415924072,3.530224323272705,2.297092914581299,2.5666255950927734,2.083780527114868,1.5896998643875122,0.730316698551178,0.45256274938583374,1.881338357925415,1.1646708250045776,0.5608262419700623,1.361412525177002,1.4175373315811157,212.99746704101562,223.07884216308594,278.817626953125,222.2071533203125,219.26376342773438,261.9175109863281,204.7593536376953,0.9533471465110779,0.7088645696640015,1.685563087463379,1.8662220239639282,1.9276914596557617,2.875359058380127,3.229661464691162,0.012249626219272614,0.011767416261136532,0.01594250276684761,0.015162262134253979,0.015112621709704399,0.013977025635540485,0.010615755803883076
2025-11-29,10.514068603515625,12.848353385925293,14.010162353515625,20.558090209960938,1.482606053352356,0.6618890166282654,215.2486572265625,0.8755701780319214,0.47059136629104614,0.013886122032999992,26.040510177612305,0.5857792496681213,0.010087339207530022,0.761610746383667,0.0008319958578795195,0.11663760244846344,0.26649871468544006,1.1423619985580444,3.166781187057495,0.631769061088562,1.8089762926101685,4.713568687438965,8.714120864868164,13.061634063720703,15.572845458984375,21.337289810180664,12.541966438293457,12.45268726348877,14.239585876464844,10.900046348571777,15.870307922363281,17.81627655029297,24.105525970458984,15.130556106567383,15.094143867492676,17.11399269104004,13.806781768798828,13.443129539489746,10.942928314208984,17.815475463867188,16.107704162597656,13.249503135681152,18.70476722717285,33.489410400390625,37.00067138671875,35.96702575683594,18.36638832092285,33.82469940185547,42.99296188354492,30.407352447509766,1.8413256406784058,1.5171321630477905,2.3983347415924072,3.530224323272705,2.297092914581299,2.5666255950927734,2.083780527114868,0.4874197244644165,0.730316698551178,0.45256274938583374,1.881338357925415,1.1646708250045776,0.5608262419700623,1.361412525177002,205.96218872070312,212.99746704101562,223.07884216308594,278.817626953125,222.2071533203125,219.26376342773438,261.9175109863281,1.3289800882339478,0.9533471465110779,0.7088645696640015,1.685563087463379,1.8662220239639282,1.9276914596557617,2.875359058380127,0.006178959272801876,0.012249626219272614,0.011767416261136532,0.01594250276684761,0.015162262134253979,0.015112621709704399,0.013977025635540485
2025-11-30,10.115198135375977,12.308201789855957,13.59343433380127,24.805959701538086,1.6399463415145874,0.44397804141044617,219.89622497558594,1.0796537399291992,0.6139866709709167,0.018191209062933922,28.343761444091797,0.6084129214286804,0.010457659140229225,0.16139768064022064,0.010192289017140865,0.19174285233020782,0.3801988959312439,1.153241515159607,3.0262136459350586,0.6582219004631042,2.4610886573791504,4.87863826751709,10.514068603515625,8.714120864868164,13.061634063720703,15.572845458984375,21.337289810180664,12.541966438293457,12.45268726348877,12.848353385925293,10.900046348571777,15.870307922363281,17.81627655029297,24.105525970458984,15.130556106567383,15.094143867492676,14.010162353515625,13.806781768798828,13.443129539489746,10.942928314208984,17.815475463867188,16.107704162597656,13.249503135681152,20.558090209960938,33.489410400390625,37.00067138671875,35.96702575683594,18.36638832092285,33.82469940185547,42.99296188354492,1.482606053352356,1.8413256406784058,1.5171321630477905,2.3983347415924072,3.530224323272705,2.297092914581299,2.5666255950927734,0.6618890166282654,0.4874197244644165,0.730316698551178,0.45256274938583374,1.881338357925415,1.1646708250045776,0.5608262419700623,215.2486572265625,205.96218872070312,212.99746704101562,223.07884216308594,278.817626953125,222.2071533203125,219.26376342773438,0.8755701780319214,1.3289800882339478,0.9533471465110779,0.7088645696640015,1.685563087463379,1.8662220239639282,1.9276914596557617,0.010087339207530022,0.006178959272801876,0.012249626219272614,0.011767416261136532,0.01594250276684761,0.015162262134253979,0.015112621709704399
2025-12-01,8.608197212219238,11.89157485961914,15.472345352172852,39.05113983154297,1.8054476976394653,0.9878354668617249,216.5904541015625,1.1774688959121704,0.38598328828811646,0.010589683428406715,25.656770706176758,0.47451987862586975,0.005583744961768389,1.6734087467193604,0.029850196093320847,0.1062450185418129,0.2672249376773834,1.0302636623382568,2.767714500427246,0.2949160635471344,1.836988925933838,4.305202960968018,10.115198135375977,10.514068603515625,8.714120864868164,13.061634063720703,15.572845458984375,21.337289810180664,12.541966438293457,12.308201789855957,12.848353385925293,10.900046348571777,15.870307922363281,17.81627655029297,24.105525970458984,15.130556106567383,13.59343433380127,14.010162353515625,13.806781768798828,13.443129539489746,10.942928314208984,17.815475463867188,16.107704162597656,24.805959701538086,20.558090209960938,33.489410400390625,37.00067138671875,35.96702575683594,18.36638832092285,33.82469940185547,1.6399463415145874,1.482606053352356,1.8413256406784058,1.5171321630477905,2.3983347415924072,3.530224323272705,2.297092914581299,0.44397804141044617,0.6618890166282654,0.4874197244644165,0.730316698551178,0.45256274938583374,1.881338357925415,1.1646708250045776,219.89622497558594,215.2486572265625,205.96218872070312,212.99746704101562,223.07884216308594,278.817626953125,222.2071533203125,1.0796537399291992,0.8755701780319214,1.3289800882339478,0.9533471465110779,0.7088645696640015,1.685563087463379,1.8662220239639282,0.010457659140229225,0.010087339207530022,0.006178959272801876,0.012249626219272614,0.011767416261136532,0.01594250276684761,0.015162262134253979
2025-12-02,12.192845344543457,14.929194450378418,17.129878997802734,22.13741111755371,1.78896963596344,1.3198039531707764,251.47193908691406,0.693617045879364,0.7357321381568909,0.02155821956694126,36.84101104736328,0.8204468488693237,0.0134309446439147,0.3267023265361786,0.0038557506632059813,0.2559625506401062,0.43242567777633667,1.3047208786010742,3.0473275184631348,0.5858309864997864,4.292128086090088,5.303825855255127,8.608197212219238,10.115198135375977,10.514068603515625,8.714120864868164,13.061634063720703,15.572845458984375,21.337289810180664,11.89157485961914,12.308201789855957,12.848353385925293,10.900046348571777,15.870307922363281,17.81627655029297,24.105525970458984,15.472345352172852,13.59343433380127,14.010162353515625,13.806781768798828,13.443129539489746,10.942928314208984,17.815475463867188,39.05113983154297,24.805959701538086,20.558090209960938,33.489410400390625,37.00067138671875,35.96702575683594,18.36638832092285,1.8054476976394653,1.6399463415145874,1.482606053352356,1.8413256406784058,1.5171321630477905,2.3983347415924072,3.530224323272705,0.9878354668617249,0.44397804141044617,0.6618890166282654,0.4874197244644165,0.730316698551178,0.45256274938583374,1.881338357925415,216.5904541015625,219.89622497558594,215.2486572265625,205.96218872070312,212.99746704101562,223.07884216308594,278.817626953125,1.1774688959121704,1.0796537399291992,0.8755701780319214,1.3289800882339478,0.9533471465110779,0.7088645696640015,1.685563087463379,0.005583744961768389,0.010457659140229225,0.010087339207530022,0.006178959272801876,0.012249626219272614,0.011767416261136532,0.01594250276684761
2025-12-03,15.91871452331543,19.147859573364258,17.941452026367188,15.04541015625,2.1848998069763184,1.5251526832580566,277.89984130859375,0.7828845977783203,0.9544399976730347,0.02796538732945919,43.41243362426758,1.1815334558486938,0.012127128429710865,0.11445077508687973,0.001988945994526148,0.3546087443828583,0.6239374279975891,1.6238884925842285,3.6150124073028564,1.1402006149291992,5.1500725746154785,7.006823539733887,12.192845344543457,8.608197212219238,10.115198135375977,10.514068603515625,8.714120864868164,13.061634063720703,15.572845458984375,14.929194450378418,11.89157485961914,12.308201789855957,12.848353385925293,10.900046348571777,15.870307922363281,17.81627655029297,17.129878997802734,15.472345352172852,13.59343433380127,14.010162353515625,13.806781768798828,13.443129539489746,10.942928314208984,22.13741111755371,39.05113983154297,24.805959701538086,20.558090209960938,33.489410400390625,37.00067138671875,35.96702575683594,1.78896963596344,1.8054476976394653,1.6399463415145874,1.482606053352356,1.8413256406784058,1.5171321630477905,2.3983347415924072,1.3198039531707764,0.9878354668617249,0.44397804141044617,0.6618890166282654,0.4874197244644165,0.730316698551178,0.45256274938583374,251.47193908691406,216.5904541015625,219.89622497558594,215.2486572265625,205.96218872070312,212.99746704101562,223.07884216308594,0.693617045879364,1.1774688959121704,1.0796537399291992,0.8755701780319214,1.3289800882339478,0.9533471465110779,0.7088645696640015,0.0134309446439147,0.005583744961768389,0.010457659140229225,0.010087339207530022,0.006178959272801876,0.012249626219272614,0.011767416261136532
2025-12-04,17.419065475463867,20.561262130737305,16.395524978637695,18.59625244140625,3.5168116092681885,1.3130532503128052,326.05181884765625,0.4604988098144531,1.034035563468933,0.027490535750985146,39.18899154663086,1.5441066026687622,0.08195691555738449,0.08205781877040863,0.010632322169840336,0.4158848822116852,0.5922815799713135,1.8817880153656006,3.626105546951294,2.4799554347991943,5.275832653045654,8.558040618896484,15.91871452331543,12.192845344543457,8.608197212219238,10.115198135375977,10.514068603515625,8.714120864868164,13.061634063720703,19.147859573364258,14.929194450378418,11.89157485961914,12.308201789855957,12.848353385925293,10.900046348571777,15.870307922363281,17.941452026367188,17.129878997802734,15.472345352172852,13.59343433380127,14.010162353515625,13.806781768798828,13.443129539489746,15.04541015625,22.13741111755371,39.05113983154297,24.805959701538086,20.558090209960938,33.489410400390625,37.00067138671875,2.1848998069763184,1.78896963596344,1.8054476976394653,1.6399463415145874,1.482606053352356,1.8413256406784058,1.5171321630477905,1.5251526832580566,1.3198039531707764,0.9878354668617249,0.44397804141044617,0.6618890166282654,0.4874197244644165,0.730316698551178,277.89984130859375,251.47193908691406,216.5904541015625,219.89622497558594,215.2486572265625,205.96218872070312,212.99746704101562,0.7828845977783203,0.693617045879364,1.1774688959121704,1.0796537399291992,0.8755701780319214,1.3289800882339478,0.9533471465110779,0.012127128429710865,0.0134309446439147,0.005583744961768389,0.010457659140229225,0.010087339207530022,0.006178959272801876,0.012249626219272614
2025-12-05,25.841564178466797,29.85996437072754,21.68972396850586,7.40349817276001,3.5212903022766113,5.475128173828125,444.99224853515625,1.0978889465332031,1.0143218040466309,0.024109261110424995,62.26006317138672,1.164245843887329,0.3451877236366272,0.06949809193611145,0.028233593329787254,0.663790225982666,1.2634321451187134,1.997057557106018,3.2574939727783203,3.0079519748687744,8.56798267364502,8.620380401611328,17.419065475463867,15.91871452331543,12.192845344543457,8.608197212219238,10.115198135375977,10.514068603515625,8.714120864868164,20.561262130737305,19.147859573364258,14.929194450378418,11.89157485961914,12.308201789855957,12.848353385925293,10.900046348571777,16.395524978637695,17.941452026367188,17.129878997802734,15.472345352172852,13.59343433380127,14.010162353515625,13.806781768798828,18.59625244140625,15.04541015625,22.13741111755371,39.05113983154297,24.805959701538086,20.558090209960938,33.489410400390625,3.5168116092681885,2.1848998069763184,1.78896963596344,1.8054476976394653,1.6399463415145874,1.482606053352356,1.8413256406784058,1.3130532503128052,1.5251526832580566,1.3198039531707764,0.9878354668617249,0.44397804141044617,0.6618890166282654,0.4874197244644165,326.05181884765625,277.89984130859375,251.47193908691406,216.5904541015625,219.89622497558594,215.2486572265625,205.96218872070312,0.4604988098144531,0.7828845977783203,0.693617045879364,1.1774688959121704,1.0796537399291992,0.8755701780319214,1.3289800882339478,0.08195691555738449,0.012127128429710865,0.0134309446439147,0.005583744961768389,0.010457659140229225,0.010087339207530022,0.006178959272801876
2025-12-06,12.78485107421875,15.274508476257324,12.950922966003418,28.25946617126465,1.7839444875717163,0.5534468293190002,235.9671173095703,0.4760737717151642,0.6636374592781067,0.022627465426921844,30.69565200805664,1.1781659126281738,0.05284016579389572,0.26437634229660034,0.001571949920617044,0.23167328536510468,0.38493067026138306,1.481626272201538,3.9449093341827393,1.084901213645935,3.38840913772583,6.586812496185303,25.841564178466797,17.419065475463867,15.91871452331543,12.192845344543457,8.608197212219238,10.115198135375977,10.514068603515625,29.85996437072754,20.561262130737305,19.147859573364258,14.929194450378418,11.89157485961914,12.308201789855957,12.848353385925293,21.68972396850586,16.395524978637695,17.941452026367188,17.129878997802734,15.472345352172852,13.59343433380127,14.010162353515625,7.40349817276001,18.59625244140625,15.04541015625,22.13741111755371,39.05113983154297,24.805959701538086,20.558090209960938,3.5212903022766113,3.5168116092681885,2.1848998069763184,1.78896963596344,1.8054476976394653,1.6399463415145874,1.482606053352356,5.475128173828125,1.3130532503128052,1.5251526832580566,1.3198039531707764,0.9878354668617249,0.44397804141044617,0.6618890166282654,444.99224853515625,326.05181884765625,277.89984130859375,251.47193908691406,216.5904541015625,219.89622497558594,215.2486572265625,1.0978889465332031,0.4604988098144531,0.7828845977783203,0.693617045879364,1.1774688959121704,1.0796537399291992,0.8755701780319214,0.3451877236366272,0.08195691555738449,0.012127128429710865,0.0134309446439147,0.005583744961768389,0.010457659140229225,0.010087339207530022
2025-12-07,6.656946182250977,9.247084617614746,11.483691215515137,33.4296875,1.541643738746643,0.29298916459083557,183.03536987304688,0.6073388457298279,0.3999887704849243,0.00483343843370676,16.72812843322754,0.4251164495944977,0.009746978990733624,1.7795358896255493,0.00013054820010438561,0.13459700345993042,0.22471264004707336,0.49669161438941956,1.2854444980621338,0.31647616624832153,1.5108487606048584,2.1091175079345703,12.78485107421875,25.841564178466797,17.419065475463867,15.91871452331543,12.192845344543457,8.608197212219238,10.115198135375977,15.274508476257324,29.85996437072754,20.561262130737305,19.147859573364258,14.929194450378418,11.89157485961914,12.308201789855957,12.950922966003418,21.68972396850586,16.395524978637695,17.941452026367188,17.129878997802734,15.472345352172852,13.59343433380127,28.25946617126465,7.40349817276001,18.59625244140625,15.04541015625,22.13741111755371,39.05113983154297,24.805959701538086,1.7839444875717163,3.5212903022766113,3.5168116092681885,2.1848998069763184,1.78896963596344,1.8054476976394653,1.6399463415145874,0.5534468293190002,5.475128173828125,1.3130532503128052,1.5251526832580566,1.3198039531707764,0.9878354668617249,0.44397804141044617,235.9671173095703,444.99224853515625,326.05181884765625,277.89984130859375,251.47193908691406,216.5904541015625,219.89622497558594,0.4760737717151642,1.0978889465332031,0.4604988098144531,0.7828845977783203,0.693617045879364,1.1774688959121704,1.0796537399291992,0.05284016579389572,0.3451877236366272,0.08195691555738449,0.012127128429710865,0.0134309446439147,0.005583744961768389,0.010457659140229225
2025-12-08,5.220195770263672,7.536579132080078,10.146763801574707,44.56690979003906,1.3425524234771729,0.2314177006483078,156.0887908935547,0.6369244456291199,0.3568834662437439,0.00466102734208107,15.548905372619629,0.2970951497554779,0.012618615292012691,1.4385530948638916,0.005639470182359219,0.08137958496809006,0.17619268596172333,0.36381450295448303,0.5899419188499451,0.5789796113967896,1.3578122854232788,1.604657530784607,6.656946182250977,12.78485107421875,25.841564178466797,17.419065475463867,15.91871452331543,12.192845344543457,8.608197212219238,9.247084617614746,15.274508476257324,29.85996437072754,20.561262130737305,19.147859573364258,14.929194450378418,11.89157485961914,11.483691215515137,12.950922966003418,21.68972396850586,16.395524978637695,17.941452026367188,17.129878997802734,15.472345352172852,33.4296875,28.25946617126465,7.40349817276001,18.59625244140625,15.04541015625,22.13741111755371,39.05113983154297,1.541643738746643,1.7839444875717163,3.5212903022766113,3.5168116092681885,2.1848998069763184,1.78896963596344,1.8054476976394653,0.29298916459083557,0.5534468293190002,5.475128173828125,1.3130532503128052,1.5251526832580566,1.3198039531707764,0.9878354668617249,183.03536987304688,235.9671173095703,444.99224853515625,326.05181884765625,277.89984130859375,251.47193908691406,216.5904541015625,0.6073388457298279,0.4760737717151642,1.0978889465332031,0.4604988098144531,0.7828845977783203,0.693617045879364,1.1774688959121704,0.009746978990733624,0.05284016579389572,0.3451877236366272,0.08195691555738449,0.012127128429710865,0.0134309446439147,0.005583744961768389
2025-12-09,5.510117530822754,8.329325675964355,14.148096084594727,41.571502685546875,1.365193486213684,0.30921921133995056,165.38876342773438,0.9073691368103027,0.6160982251167297,0.005837094504386187,24.85818099975586,0.41637784242630005,0.027034124359488487,0.3603064715862274,1.615374640095979e-05,0.0926908403635025,0.24158664047718048,0.4737132787704468,0.6770650148391724,0.6809735894203186,1.5338283777236938,2.1554157733917236,5.220195770263672,6.656946182250977,12.78485107421875,25.841564178466797,17.419065475463867,15.91871452331543,12.192845344543457,7.536579132080078,9.247084617614746,15.274508476257324,29.85996437072754,20.561262130737305,19.147859573364258,14.929194450378418,10.146763801574707,11.483691215515137,12.950922966003418,21.68972396850586,16.395524978637695,17.941452026367188,17.129878997802734,44.56690979003906,33.4296875,28.25946617126465,7.40349817276001,18.59625244140625,15.04541015625,22.13741111755371,1.3425524234771729,1.541643738746643,1.7839444875717163,3.5212903022766113,3.5168116092681885,2.1848998069763184,1.78896963596344,0.2314177006483078,0.29298916459083557,0.5534468293190002,5.475128173828125,1.3130532503128052,1.5251526832580566,1.3198039531707764,156.0887908935547,183.03536987304688,235.9671173095703,444.99224853515625,326.05181884765625,277.89984130859375,251.47193908691406,0.6369244456291199,0.6073388457298279,0.4760737717151642,1.0978889465332031,0.4604988098144531,0.7828845977783203,0.693617045879364,0.012618615292012691,0.009746978990733624,0.05284016579389572,0.3451877236366272,0.08195691555738449,0.012127128429710865,0.0134309446439147
2025-12-10,7.3613362312316895,10.717008590698242,13.183987617492676,26.145069122314453,1.5684740543365479,0.40266844630241394,166.9766845703125,0.9681873321533203,0.7215743064880371,0.012118163518607616,24.9332218170166,0.6668988466262817,0.4068007171154022,0.47439634799957275,0.0008101205457933247,0.1323084533214569,0.30645322799682617,0.663237452507019,1.2218871116638184,0.5536743998527527,2.419137954711914,2.8552086353302,5.510117530822754,5.220195770263672,6.656946182250977,12.78485107421875,25.841564178466797,17.419065475463867,15.91871452331543,8.329325675964355,7.536579132080078,9.247084617614746,15.274508476257324,29.85996437072754,20.561262130737305,19.147859573364258,14.148096084594727,10.146763801574707,11.483691215515137,12.950922966003418,21.68972396850586,16.395524978637695,17.941452026367188,41.571502685546875,44.56690979003906,33.4296875,28.25946617126465,7.40349817276001,18.59625244140625,15.04541015625,1.365193486213684,1.3425524234771729,1.541643738746643,1.7839444875717163,3.5212903022766113,3.5168116092681885,2.1848998069763184,0.30921921133995056,0.2314177006483078,0.29298916459083557,0.5534468293190002,5.475128173828125,1.3130532503128052,1.5251526832580566,165.38876342773438,156.0887908935547,183.03536987304688,235.9671173095703,444.99224853515625,326.05181884765625,277.89984130859375,0.9073691368103027,0.6369244456291199,0.6073388457298279,0.4760737717151642,1.0978889465332031,0.4604988098144531,0.7828845977783203,0.027034124359488487,0.012618615292012691,0.009746978990733624,0.05284016579389572,0.3451877236366272,0.08195691555738449,0.012127128429710865
2025-12-11,9.269697189331055,14.02784252166748,10.941115379333496,45.771392822265625,1.6327826976776123,0.2436165064573288,178.60687255859375,0.6485459804534912,0.42341095209121704,0.00778977433219552,19.224571228027344,0.43185460567474365,0.10808497667312622,3.787635087966919,0.00033974379766732454,0.09330830723047256,0.21243727207183838,0.7383571267127991,2.0185019969940186,0.6792311668395996,1.3950023651123047,3.0612175464630127,7.3613362312316895,5.510117530822754,5.220195770263672,6.656946182250977,12.78485107421875,25.841564178466797,17.419065475463867,10.717008590698242,8.329325675964355,7.536579132080078,9.247084617614746,15.274508476257324,29.85996437072754,20.561262130737305,13.183987617492676,14.148096084594727,10.146763801574707,11.483691215515137,12.950922966003418,21.68972396850586,16.395524978637695,26.145069122314453,41.571502685546875,44.56690979003906,33.4296875,28.25946617126465,7.40349817276001,18.59625244140625,1.5684740543365479,1.365193486213684,1.3425524234771729,1.541643738746643,1.7839444875717163,3.5212903022766113,3.5168116092681885,0.40266844630241394,0.30921921133995056,0.2314177006483078,0.29298916459083557,0.5534468293190002,5.475128173828125,1.3130532503128052,166.9766845703125,165.38876342773438,156.0887908935547,183.03536987304688,235.9671173095703,444.99224853515625,326.05181884765625,0.9681873321533203,0.9073691368103027,0.6369244456291199,0.6073388457298279,0.4760737717151642,1.0978889465332031,0.4604988098144531,0.4068007171154022,0.027034124359488487,0.012618615292012691,0.009746978990733624,0.05284016579389572,0.3451877236366272,0.08195691555738449
2025-12-12,12.436867713928223,16.725706100463867,20.316354751586914,20.50064468383789,2.25338077545166,3.243978977203369,249.720703125,1.1979397535324097,0.5534294843673706,0.015205307863652706,41.28697967529297,0.549675464630127,0.06114692986011505,1.672885537147522,9.692182356957346e-05,0.1664777547121048,0.4374963641166687,1.258595585823059,3.6478962898254395,0.5756123065948486,2.7844676971435547,5.308821678161621,9.269697189331055,7.3613362312316895,5.510117530822754,5.220195770263672,6.656946182250977,12.78485107421875,25.841564178466797,14.02784252166748,10.717008590698242,8.329325675964355,7.536579132080078,9.247084617614746,15.274508476257324,29.85996437072754,10.941115379333496,13.183987617492676,14.148096084594727,10.146763801574707,11.483691215515137,12.950922966003418,21.68972396850586,45.771392822265625,26.145069122314453,41.571502685546875,44.56690979003906,33.4296875,28.25946617126465,7.40349817276001,1.6327826976776123,1.5684740543365479,1.365193486213684,1.3425524234771729,1.541643738746643,1.7839444875717163,3.5212903022766113,0.2436165064573288,0.40266844630241394,0.30921921133995056,0.2314177006483078,0.29298916459083557,0.5534468293190002,5.475128173828125,178.60687255859375,166.9766845703125,165.38876342773438,156.0887908935547,183.03536987304688,235.9671173095703,444.99224853515625,0.6485459804534912,0.9681873321533203,0.9073691368103027,0.6369244456291199,0.6073388457298279,0.4760737717151642,1.0978889465332031,0.10808497667312622,0.4068007171154022,0.027034124359488487,0.012618615292012691,0.009746978990733624,0.05284016579389572,0.3451877236366272
2025-12-13,14.78276538848877,18.02524757385254,12.904199600219727,28.31011390686035,1.582396149635315,0.4611120820045471,206.2530517578125,0.3757328987121582,0.5889450311660767,0.015524799935519695,29.293067932128906,0.751663863658905,0.5223650932312012,0.48576149344444275,0.0005194480181671679,0.16560375690460205,0.35323429107666016,1.5561630725860596,4.340338706970215,1.083631992340088,2.7547402381896973,7.194986343383789,12.436867713928223,9.269697189331055,7.3613362312316895,5.510117530822754,5.220195770263672,6.656946182250977,12.78485107421875,16.725706100463867,14.02784252166748,10.717008590698242,8.329325675964355,7.536579132080078,9.247084617614746,15.274508476257324,20.316354751586914,10.941115379333496,13.183987617492676,14.148096084594727,10.146763801574707,11.483691215515137,12.950922966003418,20.50064468383789,45.771392822265625,26.145069122314453,41.571502685546875,44.56690979003906,33.4296875,28.25946617126465,2.25338077545166,1.6327826976776123,1.5684740543365479,1.365193486213684,1.3425524234771729,1.541643738746643,1.7839444875717163,3.243978977203369,0.2436165064573288,0.40266844630241394,0.30921921133995056,0.2314177006483078,0.29298916459083557,0.5534468293190002,249.720703125,178.60687255859375,166.9766845703125,165.38876342773438,156.0887908935547,183.03536987304688,235.9671173095703,1.1979397535324097,0.6485459804534912,0.9681873321533203,0.9073691368103027,0.6369244456291199,0.6073388457298279,0.4760737717151642,0.06114692986011505,0.10808497667312622,0.4068007171154022,0.027034124359488487,0.012618615292012691,0.009746978990733624,0.05284016579389572
2025-12-14,12.341943740844727,15.35460090637207,9.54076862335205,38.94661331176758,1.7079068422317505,0.3301069438457489,200.6871337890625,0.33962538838386536,0.5926812291145325,0.016286173835396767,24.036148071289062,0.9254173040390015,0.5691815614700317,0.8164215087890625,0.0007755887927487493,0.15057165920734406,0.28660356998443604,1.4857193231582642,3.7595913410186768,1.121002197265625,2.2992122173309326,6.346699237823486,14.78276538848877,12.436867713928223,9.269697189331055,7.3613362312316895,5.510117530822754,5.220195770263672,6.656946182250977,18.02524757385254,16.725706100463867,14.02784252166748,10.717008590698242,8.329325675964355,7.536579132080078,9.247084617614746,12.904199600219727,20.316354751586914,10.941115379333496,13.183987617492676,14.148096084594727,10.146763801574707,11.483691215515137,28.31011390686035,20.50064468383789,45.771392822265625,26.145069122314453,41.571502685546875,44.56690979003906,33.4296875,1.582396149635315,2.25338077545166,1.6327826976776123,1.5684740543365479,1.365193486213684,1.3425524234771729,1.541643738746643,0.4611120820045471,3.243978977203369,0.2436165064573288,0.40266844630241394,0.30921921133995056,0.2314177006483078,0.29298916459083557,206.2530517578125,249.720703125,178.60687255859375,166.9766845703125,165.38876342773438,156.0887908935547,183.03536987304688,0.3757328987121582,1.1979397535324097,0.6485459804534912,0.9681873321533203,0.9073691368103027,0.6369244456291199,0.6073388457298279,0.5223650932312012,0.06114692986011505,0.10808497667312622,0.4068007171154022,0.027034124359488487,0.012618615292012691,0.009746978990733624
2025-12-15,9.469027519226074,12.615541458129883,13.739252090454102,32.28704071044922,1.7827773094177246,0.8497273325920105,202.20631408691406,0.8596905469894409,0.7204546928405762,0.021693987771868706,30.599185943603516,1.1379886865615845,1.2131576538085938,0.06921873986721039,0.0012758474331349134,0.1520407646894455,0.31725937128067017,1.3860528469085693,2.2860822677612305,1.290602684020996,2.6313211917877197,5.650562763214111,12.341943740844727,14.78276538848877,12.436867713928223,9.269697189331055,7.3613362312316895,5.510117530822754,5.220195770263672,15.35460090637207,18.02524757385254,16.725706100463867,14.02784252166748,10.717008590698242,8.329325675964355,7.536579132080078,9.54076862335205,12.904199600219727,20.316354751586914,10.941115379333496,13.183987617492676,14.148096084594727,10.146763801574707,38.94661331176758,28.31011390686035,20.50064468383789,45.771392822265625,26.145069122314453,41.571502685546875,44.56690979003906,1.7079068422317505,1.582396149635315,2.25338077545166,1.6327826976776123,1.5684740543365479,1.365193486213684,1.3425524234771729,0.3301069438457489,0.4611120820045471,3.243978977203369,0.2436165064573288,0.40266844630241394,0.30921921133995056,0.2314177006483078,200.6871337890625,206.2530517578125,249.720703125,178.60687255859375,166.9766845703125,165.38876342773438,156.0887908935547,0.33962538838386536,0.3757328987121582,1.1979397535324097,0.6485459804534912,0.9681873321533203,0.9073691368103027,0.6369244456291199,0.5691815614700317,0.5223650932312012,0.06114692986011505,0.10808497667312622,0.4068007171154022,0.027034124359488487,0.012618615292012691
2025-12-16,14.165549278259277,17.7758731842041,18.9561710357666,15.554576873779297,2.7888028621673584,2.1732771396636963,296.3769836425781,0.9833123087882996,1.0673428773880005,0.025375207886099815,39.78242874145508,1.2714301347732544,0.8114155530929565,0.06975947320461273,0.000609676237218082,0.3958466947078705,0.5898677110671997,1.4143449068069458,2.84002947807312,1.733176589012146,4.960760116577148,6.522946834564209,9.469027519226074,12.341943740844727,14.78276538848877,12.436867713928223,9.269697189331055,7.3613362312316895,5.510117530822754,12.615541458129883,15.35460090637207,18.02524757385254,16.725706100463867,14.02784252166748,10.717008590698242,8.329325675964355,13.739252090454102,9.54076862335205,12.904199600219727,20.316354751586914,10.941115379333496,13.183987617492676,14.148096084594727,32.28704071044922,38.94661331176758,28.31011390686035,20.50064468383789,45.771392822265625,26.145069122314453,41.571502685546875,1.7827773094177246,1.7079068422317505,1.582396149635315,2.25338077545166,1.6327826976776123,1.5684740543365479,1.365193486213684,0.8497273325920105,0.3301069438457489,0.4611120820045471,3.243978977203369,0.2436165064573288,0.40266844630241394,0.30921921133995056,202.20631408691406,200.6871337890625,206.2530517578125,249.720703125,178.60687255859375,166.9766845703125,165.38876342773438,0.8596905469894409,0.33962538838386536,0.3757328987121582,1.1979397535324097,0.6485459804534912,0.9681873321533203,0.9073691368103027,1.2131576538085938,0.5691815614700317,0.5223650932312012,0.06114692986011505,0.10808497667312622,0.4068007171154022,0.027034124359488487
2025-12-17,17.206195831298828,21.3262882232666,20.151626586914062,9.189495086669922,2.48689341545105,3.8435847759246826,345.4398193359375,1.2727433443069458,1.218536615371704,0.023742493242025375,47.98454284667969,1.2205175161361694,1.2641758918762207,0.11253087967634201,0.10762650519609451,0.3892406225204468,0.654071033000946,1.7188516855239868,4.100029945373535,1.8347746133804321,5.646473407745361,8.059996604919434,14.165549278259277,9.469027519226074,12.341943740844727,14.78276538848877,12.436867713928223,9.269697189331055,7.3613362312316895,17.7758731842041,12.615541458129883,15.35460090637207,18.02524757385254,16.725706100463867,14.02784252166748,10.717008590698242,18.9561710357666,13.739252090454102,9.54076862335205,12.904199600219727,20.316354751586914,10.941115379333496,13.183987617492676,15.554576873779297,32.28704071044922,38.94661331176758,28.31011390686035,20.50064468383789,45.771392822265625,26.145069122314453,2.7888028621673584,1.7827773094177246,1.7079068422317505,1.582396149635315,2.25338077545166,1.6327826976776123,1.5684740543365479,2.1732771396636963,0.8497273325920105,0.3301069438457489,0.4611120820045471,3.243978977203369,0.2436165064573288,0.40266844630241394,296.3769836425781,202.20631408691406,200.6871337890625,206.2530517578125,249.720703125,178.60687255859375,166.9766845703125,0.9833123087882996,0.8596905469894409,0.33962538838386536,0.3757328987121582,1.1979397535324097,0.6485459804534912,0.9681873321533203,0.8114155530929565,1.2131576538085938,0.5691815614700317,0.5223650932312012,0.06114692986011505,0.10808497667312622,0.4068007171154022
2025-12-18,12.547365188598633,17.406139373779297,18.480066299438477,23.159921646118164,1.969997763633728,0.8449101448059082,246.6131134033203,0.7101742029190063,0.8093476295471191,0.031077304854989052,35.318336486816406,1.2814923524856567,3.174516201019287,0.12031427770853043,0.006002406124025583,0.225152850151062,0.40482261776924133,1.3086844682693481,3.5403010845184326,1.1077667474746704,3.4609081745147705,6.176853179931641,17.206195831298828,14.165549278259277,9.469027519226074,12.341943740844727,14.78276538848877,12.436867713928223,9.269697189331055,21.3262882232666,17.7758731842041,12.615541458129883,15.35460090637207,18.02524757385254,16.725706100463867,14.02784252166748,20.151626586914062,18.9561710357666,13.739252090454102,9.54076862335205,12.904199600219727,20.316354751586914,10.941115379333496,9.189495086669922,15.554576873779297,32.28704071044922,38.94661331176758,28.31011390686035,20.50064468383789,45.771392822265625,2.48689341545105,2.7888028621673584,1.7827773094177246,1.7079068422317505,1.582396149635315,2.25338077545166,1.6327826976776123,3.8435847759246826,2.1732771396636963,0.8497273325920105,0.3301069438457489,0.4611120820045471,3.243978977203369,0.2436165064573288,345.4398193359375,296.3769836425781,202.20631408691406,200.6871337890625,206.2530517578125,249.720703125,178.60687255859375,1.2727433443069458,0.9833123087882996,0.8596905469894409,0.33962538838386536,0.3757328987121582,1.1979397535324097,0.6485459804534912,1.2641758918762207,0.8114155530929565,1.2131576538085938,0.5691815614700317,0.5223650932312012,0.06114692986011505,0.10808497667312622
2025-12-19,8.738859176635742,12.570878982543945,17.210172653198242,26.005020141601562,1.9372302293777466,0.6628602743148804,218.53604125976562,1.0315269231796265,0.745140552520752,0.023875145241618156,27.601306915283203,1.0190026760101318,2.900496482849121,0.09914535284042358,0.001997083891183138,0.20134878158569336,0.3469521999359131,0.89879310131073,1.8254717588424683,1.0450701713562012,2.6258606910705566,4.243419170379639,12.547365188598633,17.206195831298828,14.165549278259277,9.469027519226074,12.341943740844727,14.78276538848877,12.436867713928223,17.406139373779297,21.3262882232666,17.7758731842041,12.615541458129883,15.35460090637207,18.02524757385254,16.725706100463867,18.480066299438477,20.151626586914062,18.9561710357666,13.739252090454102,9.54076862335205,12.904199600219727,20.316354751586914,23.159921646118164,9.189495086669922,15.554576873779297,32.28704071044922,38.94661331176758,28.31011390686035,20.50064468383789,1.969997763633728,2.48689341545105,2.7888028621673584,1.7827773094177246,1.7079068422317505,1.582396149635315,2.25338077545166,0.8449101448059082,3.8435847759246826,2.1732771396636963,0.8497273325920105,0.3301069438457489,0.4611120820045471,3.243978977203369,246.6131134033203,345.4398193359375,296.3769836425781,202.20631408691406,200.6871337890625,206.2530517578125,249.720703125,0.7101742029190063,1.2727433443069458,0.9833123087882996,0.8596905469894409,0.33962538838386536,0.3757328987121582,1.1979397535324097,3.174516201019287,1.2641758918762207,0.8114155530929565,1.2131576538085938,0.5691815614700317,0.5223650932312012,0.06114692986011505
2025-12-20,12.672226905822754,16.324771881103516,16.805086135864258,21.610139846801758,2.010222911834717,1.2333111763000488,247.30250549316406,0.6494373679161072,0.6491948962211609,0.016955411061644554,36.06769943237305,0.7666029930114746,1.2818524837493896,0.7242110967636108,0.010027418844401836,0.17023779451847076,0.364703506231308,1.141937494277954,3.3055171966552734,0.5999934077262878,2.8539822101593018,5.404458999633789,8.738859176635742,12.547365188598633,17.206195831298828,14.165549278259277,9.469027519226074,12.341943740844727,14.78276538848877,12.570878982543945,17.406139373779297,21.3262882232666,17.7758731842041,12.615541458129883,15.35460090637207,18.02524757385254,17.210172653198242,18.480066299438477,20.151626586914062,18.9561710357666,13.739252090454102,9.54076862335205,12.904199600219727,26.005020141601562,23.159921646118164,9.189495086669922,15.554576873779297,32.28704071044922,38.94661331176758,28.31011390686035,1.9372302293777466,1.969997763633728,2.48689341545105,2.7888028621673584,1.7827773094177246,1.7079068422317505,1.582396149635315,0.6628602743148804,0.8449101448059082,3.8435847759246826,2.1732771396636963,0.8497273325920105,0.3301069438457489,0.4611120820045471,218.53604125976562,246.6131134033203,345.4398193359375,296.3769836425781,202.20631408691406,200.6871337890625,206.2530517578125,1.0315269231796265,0.7101742029190063,1.2727433443069458,0.9833123087882996,0.8596905469894409,0.33962538838386536,0.3757328987121582,2.900496482849121,3.174516201019287,1.2641758918762207,0.8114155530929565,1.2131576538085938,0.5691815614700317,0.5223650932312012
2025-12-21,21.72279167175293,25.119585037231445,9.99190616607666,20.448257446289062,2.6951940059661865,0.503629207611084,305.59222412109375,0.11672234535217285,0.8579854369163513,0.028048526495695114,33.64998245239258,0.9712021350860596,1.557891845703125,0.17294470965862274,0.009773723781108856,0.7539591789245605,0.9218371510505676,1.66314697265625,4.1336750984191895,1.863737940788269,7.338316440582275,8.120538711547852,12.672226905822754,8.738859176635742,12.547365188598633,17.206195831298828,14.165549278259277,9.469027519226074,12.341943740844727,16.324771881103516,12.570878982543945,17.406139373779297,21.3262882232666,17.7758731842041,12.615541458129883,15.35460090637207,16.805086135864258,17.210172653198242,18.480066299438477,20.151626586914062,18.9561710357666,13.739252090454102,9.54076862335205,21.610139846801758,26.005020141601562,23.159921646118164,9.189495086669922,15.554576873779297,32.28704071044922,38.94661331176758,2.010222911834717,1.9372302293777466,1.969997763633728,2.48689341545105,2.7888028621673584,1.7827773094177246,1.7079068422317505,1.2333111763000488,0.6628602743148804,0.8449101448059082,3.8435847759246826,2.1732771396636963,0.8497273325920105,0.3301069438457489,247.30250549316406,218.53604125976562,246.6131134033203,345.4398193359375,296.3769836425781,202.20631408691406,200.6871337890625,0.6494373679161072,1.0315269231796265,0.7101742029190063,1.2727433443069458,0.9833123087882996,0.8596905469894409,0.33962538838386536,1.2818524837493896,2.900496482849121,3.174516201019287,1.2641758918762207,0.8114155530929565,1.2131576538085938,0.5691815614700317
2025-12-22,20.10565948486328,22.82720375061035,9.552887916564941,28.499462127685547,3.417219638824463,0.42880406975746155,278.0074768066406,0.18105967342853546,0.8296683430671692,0.02067559026181698,27.316356658935547,0.9434309601783752,0.6127658486366272,0.5186289548873901,0.0017243149923160672,0.7821624279022217,0.9207907319068909,1.599985957145691,3.4471676349639893,2.1345925331115723,6.144155025482178,7.204883575439453,21.72279167175293,12.672226905822754,8.738859176635742,12.547365188598633,17.206195831298828,14.165549278259277,9.469027519226074,25.119585037231445,16.324771881103516,12.570878982543945,17.406139373779297,21.3262882232666,17.7758731842041,12.615541458129883,9.99190616607666,16.805086135864258,17.210172653198242,18.480066299438477,20.151626586914062,18.9561710357666,13.739252090454102,20.448257446289062,21.610139846801758,26.005020141601562,23.159921646118164,9.189495086669922,15.554576873779297,32.28704071044922,2.6951940059661865,2.010222911834717,1.9372302293777466,1.969997763633728,2.48689341545105,2.7888028621673584,1.7827773094177246,0.503629207611084,1.2333111763000488,0.6628602743148804,0.8449101448059082,3.8435847759246826,2.1732771396636963,0.8497273325920105,305.59222412109375,247.30250549316406,218.53604125976562,246.6131134033203,345.4398193359375,296.3769836425781,202.20631408691406,0.11672234535217285,0.6494373679161072,1.0315269231796265,0.7101742029190063,1.2727433443069458,0.9833123087882996,0.8596905469894409,1.557891845703125,1.2818524837493896,2.900496482849121,3.174516201019287,1.2641758918762207,0.8114155530929565,1.2131576538085938
2025-12-23,12.885353088378906,15.388596534729004,6.70902156829834,55.24064636230469,2.4311635494232178,0.16393381357192993,190.16213989257812,0.3268180191516876,0.4285372197628021,0.006470658350735903,15.313835144042969,0.6228938698768616,0.17624884843826294,0.8708293437957764,0.0003207935660611838,0.3969527781009674,0.5106583833694458,0.8666722178459167,1.5352342128753662,1.0316500663757324,3.246853828430176,3.8284080028533936,20.10565948486328,21.72279167175293,12.672226905822754,8.738859176635742,12.547365188598633,17.206195831298828,14.165549278259277,22.82720375061035,25.119585037231445,16.324771881103516,12.570878982543945,17.406139373779297,21.3262882232666,17.7758731842041,9.552887916564941,9.99190616607666,16.805086135864258,17.210172653198242,18.480066299438477,20.151626586914062,18.9561710357666,28.499462127685547,20.448257446289062,21.610139846801758,26.005020141601562,23.159921646118164,9.189495086669922,15.554576873779297,3.417219638824463,2.6951940059661865,2.010222911834717,1.9372302293777466,1.969997763633728,2.48689341545105,2.7888028621673584,0.42880406975746155,0.503629207611084,1.2333111763000488,0.6628602743148804,0.8449101448059082,3.8435847759246826,2.1732771396636963,278.0074768066406,305.59222412109375,247.30250549316406,218.53604125976562,246.6131134033203,345.4398193359375,296.3769836425781,0.18105967342853546,0.11672234535217285,0.6494373679161072,1.0315269231796265,0.7101742029190063,1.2727433443069458,0.9833123087882996,0.6127658486366272,1.557891845703125,1.2818524837493896,2.900496482849121,3.174516201019287,1.2641758918762207,0.8114155530929565
2025-12-24,7.966266632080078,9.632107734680176,5.419788360595703,52.560123443603516,2.8312740325927734,0.23019634187221527,178.2228240966797,0.6548339128494263,0.2834688425064087,0.003941093105822802,12.430086135864258,0.5914034247398376,0.04090746119618416,0.4815541207790375,2.1834403014509007e-06,0.2930242121219635,0.40331903100013733,0.5288376212120056,0.8776016235351562,0.4455419182777405,2.855257034301758,2.283031702041626,12.885353088378906,20.10565948486328,21.72279167175293,12.672226905822754,8.738859176635742,12.547365188598633,17.206195831298828,15.388596534729004,22.82720375061035,25.119585037231445,16.324771881103516,12.570878982543945,17.406139373779297,21.3262882232666,6.70902156829834,9.552887916564941,9.99190616607666,16.805086135864258,17.210172653198242,18.480066299438477,20.151626586914062,55.24064636230469,28.499462127685547,20.448257446289062,21.610139846801758,26.005020141601562,23.159921646118164,9.189495086669922,2.4311635494232178,3.417219638824463,2.6951940059661865,2.010222911834717,1.9372302293777466,1.969997763633728,2.48689341545105,0.16393381357192993,0.42880406975746155,0.503629207611084,1.2333111763000488,0.6628602743148804,0.8449101448059082,3.8435847759246826,190.16213989257812,278.0074768066406,305.59222412109375,247.30250549316406,218.53604125976562,246.6131134033203,345.4398193359375,0.3268180191516876,0.18105967342853546,0.11672234535217285,0.6494373679161072,1.0315269231796265,0.7101742029190063,1.2727433443069458,0.17624884843826294,0.6127658486366272,1.557891845703125,1.2818524837493896,2.900496482849121,3.174516201019287,1.2641758918762207
2025-12-25,20.51218605041504,23.459903717041016,10.479427337646484,38.93413162231445,3.28205943107605,0.6612532138824463,247.88192749023438,1.4733266830444336,0.4985182285308838,0.006898266263306141,22.676244735717773,0.6820210218429565,0.04159920662641525,0.5243788957595825,1.850371766920489e-08,0.6983563899993896,1.1212422847747803,1.0633022785186768,2.5711727142333984,0.4961341321468353,7.102452754974365,4.519996166229248,7.966266632080078,12.885353088378906,20.10565948486328,21.72279167175293,12.672226905822754,8.738859176635742,12.547365188598633,9.632107734680176,15.388596534729004,22.82720375061035,25.119585037231445,16.324771881103516,12.570878982543945,17.406139373779297,5.419788360595703,6.70902156829834,9.552887916564941,9.99190616607666,16.805086135864258,17.210172653198242,18.480066299438477,52.560123443603516,55.24064636230469,28.499462127685547,20.448257446289062,21.610139846801758,26.005020141601562,23.159921646118164,2.8312740325927734,2.4311635494232178,3.417219638824463,2.6951940059661865,2.010222911834717,1.9372302293777466,1.969997763633728,0.23019634187221527,0.16393381357192993,0.42880406975746155,0.503629207611084,1.2333111763000488,0.6628602743148804,0.8449101448059082,178.2228240966797,190.16213989257812,278.0074768066406,305.59222412109375,247.30250549316406,218.53604125976562,246.6131134033203,0.6548339128494263,0.3268180191516876,0.18105967342853546,0.11672234535217285,0.6494373679161072,1.0315269231796265,0.7101742029190063,0.04090746119618416,0.17624884843826294,0.6127658486366272,1.557891845703125,1.2818524837493896,2.900496482849121,3.174516201019287
2025-12-26,22.398784637451172,26.084917068481445,18.129384994506836,28.14583396911621,3.0472476482391357,3.0769832134246826,292.6269226074219,2.4256510734558105,0.664191722869873,0.015452604740858078,45.052223205566406,0.7019363045692444,0.0993882343173027,0.4975520670413971,1.3399339877651073e-05,0.6098749041557312,1.1754486560821533,1.7414265871047974,3.876678466796875,0.7899783849716187,6.261912822723389,6.196160316467285,20.51218605041504,7.966266632080078,12.885353088378906,20.10565948486328,21.72279167175293,12.672226905822754,8.738859176635742,23.459903717041016,9.632107734680176,15.388596534729004,22.82720375061035,25.119585037231445,16.324771881103516,12.570878982543945,10.479427337646484,5.419788360595703,6.70902156829834,9.552887916564941,9.99190616607666,16.805086135864258,17.210172653198242,38.93413162231445,52.560123443603516,55.24064636230469,28.499462127685547,20.448257446289062,21.610139846801758,26.005020141601562,3.28205943107605,2.8312740325927734,2.4311635494232178,3.417219638824463,2.6951940059661865,2.010222911834717,1.9372302293777466,0.6612532138824463,0.23019634187221527,0.16393381357192993,0.42880406975746155,0.503629207611084,1.2333111763000488,0.6628602743148804,247.88192749023438,178.2228240966797,190.16213989257812,278.0074768066406,305.59222412109375,247.30250549316406,218.53604125976562,1.4733266830444336,0.6548339128494263,0.3268180191516876,0.18105967342853546,0.11672234535217285,0.6494373679161072,1.0315269231796265,0.04159920662641525,0.04090746119618416,0.17624884843826294,0.6127658486366272,1.557891845703125,1.2818524837493896,2.900496482849121
2025-12-27,10.9810209274292,13.831583976745605,10.45853042602539,41.8786735534668,1.2531654834747314,0.23053112626075745,190.0496368408203,0.6687597632408142,0.35309678316116333,0.005957350134849548,19.243576049804688,0.5774262547492981,0.22904331982135773,1.2890294790267944,0.00018467236077412963,0.14132234454154968,0.3189650774002075,1.0890320539474487,2.7119696140289307,0.7190540432929993,1.8513559103012085,4.685803413391113,22.398784637451172,20.51218605041504,7.966266632080078,12.885353088378906,20.10565948486328,21.72279167175293,12.672226905822754,26.084917068481445,23.459903717041016,9.632107734680176,15.388596534729004,22.82720375061035,25.119585037231445,16.324771881103516,18.129384994506836,10.479427337646484,5.419788360595703,6.70902156829834,9.552887916564941,9.99190616607666,16.805086135864258,28.14583396911621,38.93413162231445,52.560123443603516,55.24064636230469,28.499462127685547,20.448257446289062,21.610139846801758,3.0472476482391357,3.28205943107605,2.8312740325927734,2.4311635494232178,3.417219638824463,2.6951940059661865,2.010222911834717,3.0769832134246826,0.6612532138824463,0.23019634187221527,0.16393381357192993,0.42880406975746155,0.503629207611084,1.2333111763000488,292.6269226074219,247.88192749023438,178.2228240966797,190.16213989257812,278.0074768066406,305.59222412109375,247.30250549316406,2.4256510734558105,1.4733266830444336,0.6548339128494263,0.3268180191516876,0.18105967342853546,0.11672234535217285,0.6494373679161072,0.0993882343173027,0.04159920662641525,0.04090746119618416,0.17624884843826294,0.6127658486366272,1.557891845703125,1.2818524837493896
2025-12-28,6.018648624420166,8.908052444458008,9.818187713623047,47.63282012939453,1.015795111656189,0.4015282988548279,162.05519104003906,0.9100433588027954,0.24050630629062653,0.002477192087098956,13.5038423538208,0.4767957031726837,0.028747649863362312,2.091449737548828,6.538535672007129e-05,0.08922215551137924,0.17049652338027954,0.41499754786491394,1.0555710792541504,0.23059649765491486,1.264491081237793,1.8630585670471191,10.9810209274292,22.398784637451172,20.51218605041504,7.966266632080078,12.885353088378906,20.10565948486328,21.72279167175293,13.831583976745605,26.084917068481445,23.459903717041016,9.632107734680176,15.388596534729004,22.82720375061035,25.119585037231445,10.45853042602539,18.129384994506836,10.479427337646484,5.419788360595703,6.70902156829834,9.552887916564941,9.99190616607666,41.8786735534668,28.14583396911621,38.93413162231445,52.560123443603516,55.24064636230469,28.499462127685547,20.448257446289062,1.2531654834747314,3.0472476482391357,3.28205943107605,2.8312740325927734,2.4311635494232178,3.417219638824463,2.6951940059661865,0.23053112626075745,3.0769832134246826,0.6612532138824463,0.23019634187221527,0.16393381357192993,0.42880406975746155,0.503629207611084,190.0496368408203,292.6269226074219,247.88192749023438,178.2228240966797,190.16213989257812,278.0074768066406,305.59222412109375,0.6687597632408142,2.4256510734558105,1.4733266830444336,0.6548339128494263,0.3268180191516876,0.18105967342853546,0.11672234535217285,0.22904331982135773,0.0993882343173027,0.04159920662641525,0.04090746119618416,0.17624884843826294,0.6127658486366272,1.557891845703125
2025-12-29,7.323534965515137,11.080354690551758,8.249180793762207,57.12923812866211,1.066988468170166,0.1422223448753357,153.71591186523438,0.5441227555274963,0.175592839717865,0.0020723810885101557,13.243171691894531,0.44597524404525757,0.033983685076236725,3.534010648727417,1.7528640455566347e-05,0.051818251609802246,0.127686008810997,0.6271928548812866,1.4659171104431152,0.4853760302066803,0.844356894493103,2.7929067611694336,6.018648624420166,10.9810209274292,22.398784637451172,20.51218605041504,7.966266632080078,12.885353088378906,20.10565948486328,8.908052444458008,13.831583976745605,26.084917068481445,23.459903717041016,9.632107734680176,15.388596534729004,22.82720375061035,9.818187713623047,10.45853042602539,18.129384994506836,10.479427337646484,5.419788360595703,6.70902156829834,9.552887916564941,47.63282012939453,41.8786735534668,28.14583396911621,38.93413162231445,52.560123443603516,55.24064636230469,28.499462127685547,1.015795111656189,1.2531654834747314,3.0472476482391357,3.28205943107605,2.8312740325927734,2.4311635494232178,3.417219638824463,0.4015282988548279,0.23053112626075745,3.0769832134246826,0.6612532138824463,0.23019634187221527,0.16393381357192993,0.42880406975746155,162.05519104003906,190.0496368408203,292.6269226074219,247.88192749023438,178.2228240966797,190.16213989257812,278.0074768066406,0.9100433588027954,0.6687597632408142,2.4256510734558105,1.4733266830444336,0.6548339128494263,0.3268180191516876,0.18105967342853546,0.028747649863362312,0.22904331982135773,0.0993882343173027,0.04159920662641525,0.04090746119618416,0.17624884843826294,0.6127658486366272
2025-12-30,3.1424319744110107,6.007619380950928,5.798116207122803,66.36099243164062,0.9502726197242737,0.2112026959657669,155.9593505859375,0.6902480721473694,0.15340736508369446,0.001361679402180016,9.868185997009277,0.5724477767944336,0.010560699738562107,2.9898762702941895,4.9616382966632955e-06,0.04327353090047836,0.09631647169589996,0.11415077745914459,0.24941228330135345,0.10751835256814957,0.5713055729866028,0.4904140830039978,7.323534965515137,6.018648624420166,10.9810209274292,22.398784637451172,20.51218605041504,7.966266632080078,12.885353088378906,11.080354690551758,8.908052444458008,13.831583976745605,26.084917068481445,23.459903717041016,9.632107734680176,15.388596534729004,8.249180793762207,9.818187713623047,10.45853042602539,18.129384994506836,10.479427337646484,5.419788360595703,6.70902156829834,57.12923812866211,47.63282012939453,41.8786735534668,28.14583396911621,38.93413162231445,52.560123443603516,55.24064636230469,1.066988468170166,1.015795111656189,1.2531654834747314,3.0472476482391357,3.28205943107605,2.8312740325927734,2.4311635494232178,0.1422223448753357,0.4015282988548279,0.23053112626075745,3.0769832134246826,0.6612532138824463,0.23019634187221527,0.16393381357192993,153.71591186523438,162.05519104003906,190.0496368408203,292.6269226074219,247.88192749023438,178.2228240966797,190.16213989257812,0.5441227555274963,0.9100433588027954,0.6687597632408142,2.4256510734558105,1.4733266830444336,0.6548339128494263,0.3268180191516876,0.033983685076236725,0.028747649863362312,0.22904331982135773,0.0993882343173027,0.04159920662641525,0.04090746119618416,0.17624884843826294
2025-12-31,6.867186546325684,9.762112617492676,9.167661666870117,55.887718200683594,1.0349339246749878,0.15780603885650635,172.0410919189453,0.864548921585083,0.20176245272159576,0.001610351144336164,15.563554763793945,0.4901697635650635,0.013658029958605766,2.303466558456421,7.414703873109829e-07,0.058030884712934494,0.15143521130084991,0.4774586856365204,1.1502031087875366,0.404202401638031,0.8099851012229919,2.1594998836517334,3.1424319744110107,7.323534965515137,6.018648624420166,10.9810209274292,22.398784637451172,20.51218605041504,7.966266632080078,6.007619380950928,11.080354690551758,8.908052444458008,13.831583976745605,26.084917068481445,23.459903717041016,9.632107734680176,5.798116207122803,8.249180793762207,9.818187713623047,10.45853042602539,18.129384994506836,10.479427337646484,5.419788360595703,66.36099243164062,57.12923812866211,47.63282012939453,41.8786735534668,28.14583396911621,38.93413162231445,52.560123443603516,0.9502726197242737,1.066988468170166,1.015795111656189,1.2531654834747314,3.0472476482391357,3.28205943107605,2.8312740325927734,0.2112026959657669,0.1422223448753357,0.4015282988548279,0.23053112626075745,3.0769832134246826,0.6612532138824463,0.23019634187221527,155.9593505859375,153.71591186523438,162.05519104003906,190.0496368408203,292.6269226074219,247.88192749023438,178.2228240966797,0.6902480721473694,0.5441227555274963,0.9100433588027954,0.6687597632408142,2.4256510734558105,1.4733266830444336,0.6548339128494263,0.010560699738562107,0.033983685076236725,0.028747649863362312,0.22904331982135773,0.0993882343173027,0.04159920662641525,0.04090746119618416
