date,district,population,pop_density,pm25,pm10,no2,o3,so2,aq_score,density_factor,ems_factor,risk_score,risk_level
2025-10-20,Charlottenburg-Wilmersdorf,344207,5316.8,8.096358299255371,10.143074989318848,11.23665714263916,52.52494812011719,2.7646713256835938,0.4436,0.3645,0.8099,0.5075,Medium
2025-10-20,Friedrichshain-Kreuzberg,294099,14588.2,7.950948238372803,9.83126735687256,10.25198459625244,54.109466552734375,2.7919600009918213,0.4325,1.0,0.6725,0.6911,High
2025-10-20,Lichtenberg,298187,5702.6,7.983802318572998,9.608716011047363,8.768889427185059,55.603458404541016,2.956131219863892,0.4209,0.3909,0.8454,0.5165,Medium
2025-10-20,Marzahn-Hellersdorf,265225,4295.8,7.708275318145752,9.377233505249023,8.15253734588623,56.3554801940918,3.310782194137573,0.4095,0.2945,0.8954,0.4907,Medium
2025-10-20,Mitte,386181,9784.2,8.096358299255371,10.143074989318848,11.23665714263916,52.52494812011719,2.7646713256835938,0.4436,0.6707,0.8507,0.6249,High
2025-10-20,Neukölln,328826,7318.6,7.486485958099365,9.24209690093994,8.718995094299316,55.9368896484375,2.295128583908081,0.4074,0.5017,0.8211,0.5438,Medium
2025-10-20,Pankow,415257,4031.2,7.950948238372803,9.83126735687256,10.25198459625244,54.109466552734375,2.7919600009918213,0.4325,0.2763,0.628,0.4267,Medium
2025-10-20,Reinickendorf,268568,3001.1,8.096358299255371,10.143074989318848,11.23665714263916,52.52494812011719,2.7646713256835938,0.4436,0.2057,0.8529,0.4627,Medium
2025-10-20,Spandau,243977,2654.5,7.962234973907471,10.09372615814209,12.065295219421388,51.37418746948242,2.561288595199585,0.446,0.182,0.9085,0.4692,Medium
2025-10-20,Steglitz-Zehlendorf,308080,3006.0,7.241122722625732,9.097771644592283,8.948177337646484,54.35763168334961,1.9972623586654663,0.4,0.2061,0.7783,0.4267,Medium
2025-10-20,Tempelhof-Schöneberg,359199,6765.9,7.5635504722595215,9.457345008850098,9.276287078857422,53.83340072631836,2.1793501377105717,0.4112,0.4638,0.7414,0.5122,Medium
2025-10-20,Treptow-Köpenick,275469,1635.6,7.480119228363037,9.126303672790527,7.539382934570312,57.36067581176758,2.5110538005828857,0.3982,0.1121,0.882,0.419,Medium
2025-10-21,Charlottenburg-Wilmersdorf,344207,5316.8,6.758668899536133,8.463143348693848,11.025588989257812,53.12069320678711,1.7147574424743652,0.4046,0.3645,0.8097,0.4918,Medium
2025-10-21,Friedrichshain-Kreuzberg,294099,14588.2,6.459438323974609,8.411081314086914,10.46041202545166,53.96622848510742,1.6993478536605835,0.3934,1.0,0.6501,0.6699,High
2025-10-21,Lichtenberg,298187,5702.6,6.4372639656066895,8.309670448303223,8.723438262939453,55.67110824584961,1.5511285066604614,0.3784,0.3909,0.8231,0.494,Medium
2025-10-21,Marzahn-Hellersdorf,265225,4295.8,5.973335266113281,8.079876899719238,7.360284328460693,56.76116943359375,1.4556602239608765,0.3553,0.2945,0.8431,0.456,Medium
2025-10-21,Mitte,386181,9784.2,6.758668899536133,8.463143348693848,11.025588989257812,53.12069320678711,1.7147574424743652,0.4046,0.6707,0.8617,0.612,High
2025-10-21,Neukölln,328826,7318.6,5.987800121307373,8.014216423034668,8.001550674438477,55.95767211914063,1.3604456186294556,0.3601,0.5017,0.8641,0.5357,Medium
2025-10-21,Pankow,415257,4031.2,6.459438323974609,8.411081314086914,10.46041202545166,53.96622848510742,1.6993478536605835,0.3934,0.2763,0.6365,0.4132,Medium
2025-10-21,Reinickendorf,268568,3001.1,6.758668899536133,8.463143348693848,11.025588989257812,53.12069320678711,1.7147574424743652,0.4046,0.2057,0.9274,0.4657,Medium
2025-10-21,Spandau,243977,2654.5,6.380247116088867,8.167232513427734,10.888954162597656,53.3133659362793,1.5499520301818848,0.3936,0.182,0.9304,0.4537,Medium
2025-10-21,Steglitz-Zehlendorf,308080,3006.0,5.807959079742432,7.837234020233154,7.981584072113037,55.86524963378906,1.2124565839767456,0.3547,0.2061,0.8099,0.4165,Medium
2025-10-21,Tempelhof-Schöneberg,359199,6765.9,6.132254123687744,7.997181415557861,8.574775695800781,54.81303787231445,1.443009376525879,0.3669,0.4638,0.7531,0.4974,Medium
2025-10-21,Treptow-Köpenick,275469,1635.6,5.921962261199951,7.94685173034668,7.305099964141846,56.66508483886719,1.3181706666946411,0.3527,0.1121,0.8814,0.4007,Medium
2025-10-22,Charlottenburg-Wilmersdorf,344207,5316.8,7.080669403076172,10.23068904876709,17.484962463378906,26.13094139099121,2.122102737426758,0.4291,0.3645,0.8654,0.5156,Medium
2025-10-22,Friedrichshain-Kreuzberg,294099,14588.2,7.127361297607422,10.349204063415527,17.284265518188477,26.28436279296875,2.1248600482940674,0.4289,1.0,0.6576,0.686,High
2025-10-22,Lichtenberg,298187,5702.6,7.223423480987549,10.544293403625488,15.25318431854248,27.308034896850582,1.9939168691635127,0.4133,0.3909,0.8692,0.5194,Medium
2025-10-22,Marzahn-Hellersdorf,265225,4295.8,6.931737422943115,10.226935386657717,12.439482688903809,28.256006240844727,1.6998019218444824,0.3789,0.2945,0.8126,0.4578,Medium
2025-10-22,Mitte,386181,9784.2,7.080669403076172,10.23068904876709,17.484962463378906,26.13094139099121,2.122102737426758,0.4291,0.6707,0.8862,0.6279,High
2025-10-22,Neukölln,328826,7318.6,6.443471431732178,9.598278999328612,12.353039741516112,29.47850799560547,1.7192773818969729,0.367,0.5017,0.79,0.5199,Medium
2025-10-22,Pankow,415257,4031.2,7.127361297607422,10.349204063415527,17.284265518188477,26.28436279296875,2.1248600482940674,0.4289,0.2763,0.6142,0.4218,Medium
2025-10-22,Reinickendorf,268568,3001.1,7.080669403076172,10.23068904876709,17.484962463378906,26.13094139099121,2.122102737426758,0.4291,0.2057,0.9618,0.4841,Medium
2025-10-22,Spandau,243977,2654.5,6.4107184410095215,9.289898872375488,15.731213569641112,27.818559646606445,1.820684552192688,0.3958,0.182,0.9361,0.456,Medium
2025-10-22,Steglitz-Zehlendorf,308080,3006.0,5.886327743530273,8.500261306762695,11.302510261535645,30.4514217376709,1.4339786767959597,0.3414,0.2061,0.8371,0.418,Medium
2025-10-22,Tempelhof-Schöneberg,359199,6765.9,6.317928791046143,9.250699996948242,12.770407676696776,29.678895950317383,1.6860113143920898,0.3674,0.4638,0.7887,0.5065,Medium
2025-10-22,Treptow-Köpenick,275469,1635.6,6.536046504974365,9.65870475769043,12.189858436584473,29.48335266113281,1.6577404737472534,0.3676,0.1121,0.8672,0.4031,Medium
2025-10-23,Charlottenburg-Wilmersdorf,344207,5316.8,8.055042266845703,11.008682250976562,11.46506118774414,33.34214782714844,2.0513360500335693,0.4085,0.3645,0.8478,0.5029,Medium
2025-10-23,Friedrichshain-Kreuzberg,294099,14588.2,7.807889938354492,10.86425495147705,10.608651161193848,33.832908630371094,1.8682008981704712,0.3945,1.0,0.649,0.67,High
2025-10-23,Lichtenberg,298187,5702.6,7.593381881713867,9.87002658843994,9.471894264221191,34.6154899597168,1.871621012687683,0.3764,0.3909,0.8348,0.4961,Medium
2025-10-23,Marzahn-Hellersdorf,265225,4295.8,7.526087284088135,9.39206600189209,8.347210884094238,35.12278366088867,1.8711715936660769,0.363,0.2945,0.8243,0.4544,Medium
2025-10-23,Mitte,386181,9784.2,8.055042266845703,11.008682250976562,11.46506118774414,33.34214782714844,2.0513360500335693,0.4085,0.6707,0.8731,0.6164,High
2025-10-23,Neukölln,328826,7318.6,7.307915210723877,10.057345390319824,9.06042766571045,37.25273513793945,1.626102328300476,0.3712,0.5017,0.8564,0.5382,Medium
2025-10-23,Pankow,415257,4031.2,7.807889938354492,10.86425495147705,10.608651161193848,33.832908630371094,1.8682008981704712,0.3945,0.2763,0.6153,0.4083,Medium
2025-10-23,Reinickendorf,268568,3001.1,8.055042266845703,11.008682250976562,11.46506118774414,33.34214782714844,2.0513360500335693,0.4085,0.2057,0.9037,0.4613,Medium
2025-10-23,Spandau,243977,2654.5,7.643433094024658,10.547706604003906,11.774205207824709,34.32883071899414,1.9724661111831665,0.4024,0.182,0.9406,0.4598,Medium
2025-10-23,Steglitz-Zehlendorf,308080,3006.0,6.6061625480651855,9.300715446472168,8.915201187133789,37.38069915771485,1.3770936727523804,0.3508,0.2061,0.8239,0.4184,Medium
2025-10-23,Tempelhof-Schöneberg,359199,6765.9,7.311219692230225,9.97370719909668,9.368714332580566,36.9815788269043,1.6520923376083374,0.3736,0.4638,0.7668,0.5035,Medium
2025-10-23,Treptow-Köpenick,275469,1635.6,7.439647197723389,10.250959396362305,8.511513710021973,37.3325309753418,1.558801293373108,0.3695,0.1121,0.8791,0.4068,Medium
2025-10-24,Charlottenburg-Wilmersdorf,344207,5316.8,3.5171773433685303,6.899556636810303,7.348761081695557,55.8029670715332,1.756750464439392,0.2924,0.3645,0.8465,0.4562,Medium
2025-10-24,Friedrichshain-Kreuzberg,294099,14588.2,3.555922269821167,6.993312358856201,7.727285861968994,55.235595703125,1.7213584184646606,0.2962,1.0,0.6474,0.6303,High
2025-10-24,Lichtenberg,298187,5702.6,3.608831167221069,6.805194854736328,7.589710235595703,55.00990295410156,1.7674760818481443,0.295,0.3909,0.819,0.4596,Medium
2025-10-24,Marzahn-Hellersdorf,265225,4295.8,3.4747865200042725,6.717214107513428,6.96183967590332,55.1208610534668,1.5523587465286257,0.2853,0.2945,0.871,0.4349,Medium
2025-10-24,Mitte,386181,9784.2,3.5171773433685303,6.899556636810303,7.348761081695557,55.8029670715332,1.756750464439392,0.2924,0.6707,0.8394,0.5616,High
2025-10-24,Neukölln,328826,7318.6,3.356283187866211,6.6269965171813965,6.272729873657227,56.97029113769531,1.4870949983596802,0.2789,0.5017,0.8445,0.4983,Medium
2025-10-24,Pankow,415257,4031.2,3.555922269821167,6.993312358856201,7.727285861968994,55.235595703125,1.7213584184646606,0.2962,0.2763,0.6126,0.3683,Medium
2025-10-24,Reinickendorf,268568,3001.1,3.5171773433685303,6.899556636810303,7.348761081695557,55.8029670715332,1.756750464439392,0.2924,0.2057,0.9436,0.4249,Medium
2025-10-24,Spandau,243977,2654.5,3.388477087020874,6.649652481079102,6.191286087036133,56.92979431152344,1.5726054906845093,0.279,0.182,0.92,0.4053,Medium
2025-10-24,Steglitz-Zehlendorf,308080,3006.0,3.13494086265564,6.34857988357544,5.013468265533447,58.242919921875,1.1728841066360474,0.2624,0.2061,0.7655,0.3685,Medium
2025-10-24,Tempelhof-Schöneberg,359199,6765.9,3.3367908000946045,6.478826522827148,6.076788425445557,57.0636100769043,1.4646148681640625,0.2762,0.4638,0.752,0.4608,Medium
2025-10-24,Treptow-Köpenick,275469,1635.6,3.2576205730438232,6.378968715667725,6.174988269805908,57.435245513916016,1.4316701889038086,0.2757,0.1121,0.918,0.379,Medium
2025-10-25,Charlottenburg-Wilmersdorf,344207,5316.8,3.4774169921875,6.1704277992248535,7.319104671478271,52.52571487426758,1.6686944961547852,0.282,0.3645,0.8583,0.455,Medium
2025-10-25,Friedrichshain-Kreuzberg,294099,14588.2,3.5220203399658203,6.213013172149658,7.272641658782959,52.85894393920898,1.5139144659042358,0.2832,1.0,0.6317,0.6212,High
2025-10-25,Lichtenberg,298187,5702.6,3.562089681625366,6.053121566772461,6.354761123657227,53.86820983886719,1.5194939374923706,0.2765,0.3909,0.8055,0.4488,Medium
2025-10-25,Marzahn-Hellersdorf,265225,4295.8,3.4691274166107178,5.795459270477295,5.456066608428955,54.666805267333984,1.3433961868286133,0.2658,0.2945,0.8953,0.4332,Medium
2025-10-25,Mitte,386181,9784.2,3.4774169921875,6.1704277992248535,7.319104671478271,52.52571487426758,1.6686944961547852,0.282,0.6707,0.8839,0.5685,High
2025-10-25,Neukölln,328826,7318.6,3.364169120788574,5.869614124298096,5.291101932525635,55.4434814453125,1.358445167541504,0.2636,0.5017,0.833,0.4893,Medium
2025-10-25,Pankow,415257,4031.2,3.5220203399658203,6.213013172149658,7.272641658782959,52.85894393920898,1.5139144659042358,0.2832,0.2763,0.6467,0.3717,Medium
2025-10-25,Reinickendorf,268568,3001.1,3.4774169921875,6.1704277992248535,7.319104671478271,52.52571487426758,1.6686944961547852,0.282,0.2057,0.9446,0.4209,Medium
2025-10-25,Spandau,243977,2654.5,3.372291326522827,5.923420429229736,6.438498020172119,53.18561935424805,1.4593521356582642,0.271,0.182,0.9563,0.4112,Medium
2025-10-25,Steglitz-Zehlendorf,308080,3006.0,3.162006378173828,5.624146938323975,4.58109712600708,54.96826171875,1.048517107963562,0.2496,0.2061,0.8015,0.3723,Medium
2025-10-25,Tempelhof-Schöneberg,359199,6765.9,3.3077328205108643,5.88422966003418,5.31970739364624,54.67155456542969,1.352841854095459,0.261,0.4638,0.7741,0.4603,Medium
2025-10-25,Treptow-Köpenick,275469,1635.6,3.3007166385650635,5.7482757568359375,5.124817371368408,56.57485580444336,1.3079304695129397,0.2622,0.1121,0.9273,0.3759,Medium
2025-10-26,Charlottenburg-Wilmersdorf,344207,5316.8,3.5283124446868896,6.608030319213867,4.194719314575195,61.50799560546875,1.3254687786102295,0.271,0.3645,0.853,0.4492,Medium
2025-10-26,Friedrichshain-Kreuzberg,294099,14588.2,3.4716577529907227,6.512543201446533,4.390084266662598,61.32183837890625,1.2647528648376465,0.2708,1.0,0.6572,0.6226,High
2025-10-26,Lichtenberg,298187,5702.6,3.499077558517456,6.376928329467773,4.459762573242188,61.342166900634766,1.3319259881973269,0.2718,0.3909,0.8271,0.4523,Medium
2025-10-26,Marzahn-Hellersdorf,265225,4295.8,3.435474157333374,6.244360446929932,4.073782444000244,61.52046585083008,1.1421445608139038,0.2662,0.2945,0.9235,0.4404,Medium
2025-10-26,Mitte,386181,9784.2,3.5283124446868896,6.608030319213867,4.194719314575195,61.50799560546875,1.3254687786102295,0.271,0.6707,0.8744,0.5617,High
2025-10-26,Neukölln,328826,7318.6,3.5312232971191406,6.4237494468688965,3.921107053756714,62.57037353515625,1.2243820428848269,0.2697,0.5017,0.8059,0.485,Medium
2025-10-26,Pankow,415257,4031.2,3.4716577529907227,6.512543201446533,4.390084266662598,61.32183837890625,1.2647528648376465,0.2708,0.2763,0.6179,0.3595,Medium
2025-10-26,Reinickendorf,268568,3001.1,3.5283124446868896,6.608030319213867,4.194719314575195,61.50799560546875,1.3254687786102295,0.271,0.2057,0.9747,0.4241,Medium
2025-10-26,Spandau,243977,2654.5,3.447787046432495,6.472189426422119,3.849952697753906,62.22464370727539,1.222143292427063,0.2665,0.182,0.9166,0.3994,Medium
2025-10-26,Steglitz-Zehlendorf,308080,3006.0,3.29623818397522,6.35199499130249,2.981348752975464,63.056488037109375,0.9915595650672911,0.2553,0.2061,0.792,0.3723,Medium
2025-10-26,Tempelhof-Schöneberg,359199,6765.9,3.4116570949554443,6.3958420753479,3.72005558013916,62.45933532714844,1.2463880777359009,0.2646,0.4638,0.7546,0.4568,Medium
2025-10-26,Treptow-Köpenick,275469,1635.6,3.5017168521881104,6.3516621589660645,3.966564893722534,62.73782730102539,1.1859480142593384,0.2695,0.1121,0.907,0.3738,Medium
2025-10-27,Charlottenburg-Wilmersdorf,344207,5316.8,3.0691635608673096,4.939694881439209,7.295475482940674,55.93393325805664,1.4284757375717163,0.2747,0.3645,0.8571,0.4517,Medium
2025-10-27,Friedrichshain-Kreuzberg,294099,14588.2,3.1154327392578125,5.064799785614014,7.582420825958252,55.744022369384766,1.482008457183838,0.2787,1.0,0.6561,0.6255,High
2025-10-27,Lichtenberg,298187,5702.6,3.223066091537476,5.124645709991455,7.688793659210205,55.66527938842773,1.467394471168518,0.2823,0.3909,0.8199,0.4547,Medium
2025-10-27,Marzahn-Hellersdorf,265225,4295.8,3.109048843383789,5.037251949310303,7.218389987945557,55.747066497802734,1.3438032865524292,0.2747,0.2945,0.9146,0.4416,Medium
2025-10-27,Mitte,386181,9784.2,3.0691635608673096,4.939694881439209,7.295475482940674,55.93393325805664,1.4284757375717163,0.2747,0.6707,0.8235,0.5505,High
2025-10-27,Neukölln,328826,7318.6,3.0728600025177,5.154601573944092,6.649290561676025,57.11799621582031,1.3084211349487305,0.2712,0.5017,0.8373,0.4934,Medium
2025-10-27,Pankow,415257,4031.2,3.1154327392578125,5.064799785614014,7.582420825958252,55.744022369384766,1.482008457183838,0.2787,0.2763,0.6396,0.3681,Medium
2025-10-27,Reinickendorf,268568,3001.1,3.0691635608673096,4.939694881439209,7.295475482940674,55.93393325805664,1.4284757375717163,0.2747,0.2057,0.9239,0.4129,Medium
2025-10-27,Spandau,243977,2654.5,2.9015491008758545,4.763077259063721,6.166372776031494,56.99401473999024,1.2131247520446775,0.2607,0.182,0.9517,0.4059,Medium
2025-10-27,Steglitz-Zehlendorf,308080,3006.0,2.658018112182617,4.699268341064453,4.937155723571777,58.63198852539063,0.9844716191291808,0.2456,0.2061,0.8384,0.38,Medium
2025-10-27,Tempelhof-Schöneberg,359199,6765.9,2.9737398624420166,4.916923999786377,6.3447442054748535,57.50254821777344,1.231545329093933,0.2658,0.4638,0.7808,0.4638,Medium
2025-10-27,Treptow-Köpenick,275469,1635.6,3.0185508728027344,5.071836948394775,6.568899154663086,57.333740234375,1.3469520807266235,0.2694,0.1121,0.9306,0.3796,Medium
2025-10-28,Charlottenburg-Wilmersdorf,344207,5316.8,4.282421112060547,7.517646789550781,7.935596942901611,54.31599426269531,1.3085068464279177,0.3146,0.3645,0.8824,0.474,Medium
2025-10-28,Friedrichshain-Kreuzberg,294099,14588.2,4.281980037689209,7.668299198150635,8.383094787597656,54.38785934448242,1.3642582893371582,0.3198,1.0,0.647,0.6397,High
2025-10-28,Lichtenberg,298187,5702.6,4.310695171356201,7.556655406951904,8.429421424865723,54.60005187988281,1.4694539308547974,0.3211,0.3909,0.7963,0.4643,Medium
2025-10-28,Marzahn-Hellersdorf,265225,4295.8,4.246565341949463,7.432624340057373,7.750593662261963,54.9818229675293,1.3352545499801636,0.313,0.2945,0.9054,0.4546,Medium
2025-10-28,Mitte,386181,9784.2,4.282421112060547,7.517646789550781,7.935596942901611,54.31599426269531,1.3085068464279177,0.3146,0.6707,0.8752,0.5794,High
2025-10-28,Neukölln,328826,7318.6,4.203366756439209,7.489494323730469,7.2319254875183105,56.02058410644531,1.182479977607727,0.3089,0.5017,0.8158,0.5031,Medium
2025-10-28,Pankow,415257,4031.2,4.281980037689209,7.668299198150635,8.383094787597656,54.38785934448242,1.3642582893371582,0.3198,0.2763,0.6262,0.3812,Medium
2025-10-28,Reinickendorf,268568,3001.1,4.282421112060547,7.517646789550781,7.935596942901611,54.31599426269531,1.3085068464279177,0.3146,0.2057,0.9052,0.4241,Medium
2025-10-28,Spandau,243977,2654.5,4.105381488800049,7.432565212249756,6.830848217010498,55.457332611083984,1.1239646673202517,0.3012,0.182,0.9295,0.4166,Medium
2025-10-28,Steglitz-Zehlendorf,308080,3006.0,4.001594066619873,7.319465160369873,5.966367244720459,56.73353576660156,1.0312654972076416,0.2922,0.2061,0.7834,0.3849,Medium
2025-10-28,Tempelhof-Schöneberg,359199,6765.9,4.151251316070557,7.399957656860352,7.14075231552124,56.0202522277832,1.1403934955596924,0.3064,0.4638,0.7537,0.4733,Medium
2025-10-28,Treptow-Köpenick,275469,1635.6,4.1622395515441895,7.339431285858154,7.289431095123291,56.11112976074219,1.22832989692688,0.3082,0.1121,0.8892,0.3848,Medium
2025-10-29,Charlottenburg-Wilmersdorf,344207,5316.8,5.978597164154053,9.91672420501709,12.371087074279783,48.792728424072266,1.6813257932662964,0.396,0.3645,0.8886,0.5081,Medium
2025-10-29,Friedrichshain-Kreuzberg,294099,14588.2,5.936010360717773,9.94669246673584,12.403800964355469,48.08975601196289,1.7409833669662476,0.3941,1.0,0.6623,0.6732,High
2025-10-29,Lichtenberg,298187,5702.6,6.001410007476807,9.887579917907717,11.307969093322754,48.86076736450195,1.758009910583496,0.386,0.3909,0.8571,0.5055,Medium
2025-10-29,Marzahn-Hellersdorf,265225,4295.8,5.62851095199585,9.483150482177734,9.534823417663574,50.35604476928711,1.534812331199646,0.3609,0.2945,0.8681,0.4645,Medium
2025-10-29,Mitte,386181,9784.2,5.978597164154053,9.91672420501709,12.371087074279783,48.792728424072266,1.6813257932662964,0.396,0.6707,0.8924,0.6162,High
2025-10-29,Neukölln,328826,7318.6,5.472911834716797,9.20165729522705,9.511055946350098,51.475128173828125,1.444581151008606,0.3582,0.5017,0.834,0.5274,Medium
2025-10-29,Pankow,415257,4031.2,5.936010360717773,9.94669246673584,12.403800964355469,48.08975601196289,1.7409833669662476,0.3941,0.2763,0.6382,0.4139,Medium
2025-10-29,Reinickendorf,268568,3001.1,5.978597164154053,9.91672420501709,12.371087074279783,48.792728424072266,1.6813257932662964,0.396,0.2057,0.9274,0.4622,Medium
2025-10-29,Spandau,243977,2654.5,5.674423694610596,9.55672550201416,11.53512954711914,49.971221923828125,1.526748776435852,0.3815,0.182,0.9494,0.4536,Medium
2025-10-29,Steglitz-Zehlendorf,308080,3006.0,5.077037334442139,8.679716110229492,8.365279197692871,52.79661178588867,1.2359224557876587,0.3382,0.2061,0.8228,0.4131,Medium
2025-10-29,Tempelhof-Schöneberg,359199,6765.9,5.457773208618164,9.30543041229248,9.58693790435791,51.64068984985352,1.4032665491104126,0.3593,0.4638,0.7893,0.5034,Medium
2025-10-29,Treptow-Köpenick,275469,1635.6,5.435108184814453,8.971054077148438,9.133009910583496,51.87940979003906,1.4222551584243774,0.3536,0.1121,0.9079,0.4076,Medium
2025-10-30,Charlottenburg-Wilmersdorf,344207,5316.8,4.306382656097412,6.999265193939209,8.69958782196045,52.31098556518555,1.2800222635269165,0.317,0.3645,0.8599,0.4694,Medium
2025-10-30,Friedrichshain-Kreuzberg,294099,14588.2,4.16920804977417,7.165714263916016,8.771693229675293,51.959320068359375,1.3127230405807495,0.3144,1.0,0.6408,0.636,High
2025-10-30,Lichtenberg,298187,5702.6,4.23581075668335,7.160027027130127,8.683945655822754,52.254730224609375,1.3321254253387451,0.3157,0.3909,0.8076,0.465,Medium
2025-10-30,Marzahn-Hellersdorf,265225,4295.8,4.13361406326294,6.9550557136535645,7.982395648956299,52.83237838745117,1.2371770143508911,0.3067,0.2945,0.8862,0.4473,Medium
2025-10-30,Mitte,386181,9784.2,4.306382656097412,6.999265193939209,8.69958782196045,52.31098556518555,1.2800222635269165,0.317,0.6707,0.8652,0.5778,High
2025-10-30,Neukölln,328826,7318.6,4.337370872497559,7.0961222648620605,7.857276916503906,53.827728271484375,1.1420695781707764,0.3125,0.5017,0.8645,0.5167,Medium
2025-10-30,Pankow,415257,4031.2,4.16920804977417,7.165714263916016,8.771693229675293,51.959320068359375,1.3127230405807495,0.3144,0.2763,0.6251,0.3787,Medium
2025-10-30,Reinickendorf,268568,3001.1,4.306382656097412,6.999265193939209,8.69958782196045,52.31098556518555,1.2800222635269165,0.317,0.2057,0.9202,0.4288,Medium
2025-10-30,Spandau,243977,2654.5,4.142590045928955,6.847864627838135,7.990006923675537,53.170536041259766,1.113730788230896,0.3071,0.182,0.9614,0.4269,Medium
2025-10-30,Steglitz-Zehlendorf,308080,3006.0,4.00604772567749,6.814016342163086,6.781398296356201,54.32572937011719,0.9817831516265868,0.2939,0.2061,0.8132,0.393,Medium
2025-10-30,Tempelhof-Schöneberg,359199,6765.9,4.239895820617676,7.041486740112305,7.749823093414307,53.91388320922852,1.0906661748886108,0.3091,0.4638,0.7498,0.4734,Medium
2025-10-30,Treptow-Köpenick,275469,1635.6,4.319042682647705,6.918147563934326,7.928003311157227,54.13107299804688,1.2008894681930542,0.3129,0.1121,0.9144,0.393,Medium
2025-10-31,Charlottenburg-Wilmersdorf,344207,5316.8,9.557228088378906,14.06723403930664,18.439077377319336,34.904537200927734,2.825683832168579,0.5276,0.3645,0.8798,0.5586,High
2025-10-31,Friedrichshain-Kreuzberg,294099,14588.2,9.405735969543455,13.987959861755373,17.686635971069336,35.17218017578125,2.72534441947937,0.5167,1.0,0.6472,0.7185,High
2025-10-31,Lichtenberg,298187,5702.6,9.181591033935549,13.65809154510498,15.415572166442873,36.40182876586914,2.850536584854126,0.4903,0.3909,0.8734,0.5513,High
2025-10-31,Marzahn-Hellersdorf,265225,4295.8,8.544629096984863,13.0918607711792,13.759888648986816,38.41284942626953,3.006609916687012,0.4612,0.2945,0.902,0.5131,Medium
2025-10-31,Mitte,386181,9784.2,9.557228088378906,14.06723403930664,18.439077377319336,34.904537200927734,2.825683832168579,0.5276,0.6707,0.8795,0.6657,High
2025-10-31,Neukölln,328826,7318.6,8.511510848999023,12.679206848144531,13.736498832702637,38.78712463378906,2.2956647872924805,0.4587,0.5017,0.8273,0.5659,High
2025-10-31,Pankow,415257,4031.2,9.405735969543455,13.987959861755373,17.686635971069336,35.17218017578125,2.72534441947937,0.5167,0.2763,0.6821,0.4739,Medium
2025-10-31,Reinickendorf,268568,3001.1,9.557228088378906,14.06723403930664,18.439077377319336,34.904537200927734,2.825683832168579,0.5276,0.2057,0.9519,0.521,Medium
2025-10-31,Spandau,243977,2654.5,9.093243598937988,13.426505088806152,18.64755249023437,34.54184341430664,2.550427198410034,0.5157,0.182,0.9487,0.5072,Medium
2025-10-31,Steglitz-Zehlendorf,308080,3006.0,8.131485939025879,12.3914213180542,13.144766807556152,39.18613815307617,1.9682492017745967,0.4433,0.2061,0.8504,0.4621,Medium
2025-10-31,Tempelhof-Schöneberg,359199,6765.9,8.505376815795898,12.942118644714355,14.19221019744873,38.4228401184082,2.3372223377227783,0.4633,0.4638,0.77,0.5402,Medium
2025-10-31,Treptow-Köpenick,275469,1635.6,8.39948558807373,12.588020324707031,12.99503231048584,39.62426376342773,2.2702553272247314,0.45,0.1121,0.9065,0.4459,Medium
2025-11-01,Charlottenburg-Wilmersdorf,344207,5316.8,10.121708869934082,14.115082740783691,15.994502067565918,30.662561416625977,2.423058032989502,0.5075,0.3645,0.8405,0.5407,Medium
2025-11-01,Friedrichshain-Kreuzberg,294099,14588.2,10.148123741149902,14.07382869720459,15.667696952819824,31.154565811157227,2.411353826522827,0.5057,1.0,0.6802,0.7223,High
2025-11-01,Lichtenberg,298187,5702.6,10.018524169921877,13.8027925491333,13.562003135681152,32.93424987792969,2.332797050476074,0.4842,0.3909,0.8615,0.5459,Medium
2025-11-01,Marzahn-Hellersdorf,265225,4295.8,9.574712753295898,13.185325622558594,10.9094877243042,35.201629638671875,2.202279090881348,0.4496,0.2945,0.8856,0.5043,Medium
2025-11-01,Mitte,386181,9784.2,10.121708869934082,14.115082740783691,15.994502067565918,30.662561416625977,2.423058032989502,0.5075,0.6707,0.8516,0.6506,High
2025-11-01,Neukölln,328826,7318.6,9.81258487701416,13.47906494140625,12.747200012207031,33.67550277709961,2.041966199874878,0.4713,0.5017,0.8222,0.5697,High
2025-11-01,Pankow,415257,4031.2,10.148123741149902,14.07382869720459,15.667696952819824,31.154565811157227,2.411353826522827,0.5057,0.2763,0.6437,0.4599,Medium
2025-11-01,Reinickendorf,268568,3001.1,10.121708869934082,14.115082740783691,15.994502067565918,30.662561416625977,2.423058032989502,0.5075,0.2057,0.9085,0.5021,Medium
2025-11-01,Spandau,243977,2654.5,9.759318351745604,13.52471160888672,15.423264503479004,31.15337181091309,2.124035120010376,0.492,0.182,0.9454,0.4968,Medium
2025-11-01,Steglitz-Zehlendorf,308080,3006.0,9.231030464172363,12.74468231201172,11.674286842346191,33.4932746887207,1.7048686742782593,0.4437,0.2061,0.811,0.4524,Medium
2025-11-01,Tempelhof-Schöneberg,359199,6765.9,9.68786334991455,13.296656608581545,12.56772232055664,33.205997467041016,1.9692896604537964,0.4649,0.4638,0.7624,0.5389,Medium
2025-11-01,Treptow-Köpenick,275469,1635.6,9.708184242248535,13.379876136779783,12.054402351379396,34.872074127197266,2.0573947429656982,0.464,0.1121,0.8899,0.4473,Medium
2025-11-02,Charlottenburg-Wilmersdorf,344207,5316.8,8.434361457824707,11.954830169677734,15.554916381835938,30.45809364318848,1.9329572916030884,0.4555,0.3645,0.877,0.529,Medium
2025-11-02,Friedrichshain-Kreuzberg,294099,14588.2,8.77955436706543,12.842185020446776,16.274728775024414,27.588048934936523,2.04903507232666,0.4681,1.0,0.6728,0.7054,High
2025-11-02,Lichtenberg,298187,5702.6,9.021717071533203,13.172760009765623,15.221847534179688,27.670392990112305,2.003981828689575,0.4645,0.3909,0.8825,0.5432,Medium
2025-11-02,Marzahn-Hellersdorf,265225,4295.8,9.000724792480469,13.158289909362791,13.073707580566406,28.99199104309082,1.7825971841812134,0.4448,0.2945,0.8989,0.5057,Medium
2025-11-02,Mitte,386181,9784.2,8.434361457824707,11.954830169677734,15.554916381835938,30.45809364318848,1.9329572916030884,0.4555,0.6707,0.9004,0.642,High
2025-11-02,Neukölln,328826,7318.6,8.084115982055664,12.144282341003418,11.96810817718506,30.002784729003903,1.579365849494934,0.4108,0.5017,0.8465,0.5515,High
2025-11-02,Pankow,415257,4031.2,8.77955436706543,12.842185020446776,16.274728775024414,27.588048934936523,2.04903507232666,0.4681,0.2763,0.6428,0.4446,Medium
2025-11-02,Reinickendorf,268568,3001.1,8.434361457824707,11.954830169677734,15.554916381835938,30.45809364318848,1.9329572916030884,0.4555,0.2057,0.9344,0.4878,Medium
2025-11-02,Spandau,243977,2654.5,7.773162841796875,11.01470947265625,13.554095268249512,31.7954044342041,1.5135884284973145,0.4191,0.182,0.9513,0.4692,Medium
2025-11-02,Steglitz-Zehlendorf,308080,3006.0,7.10050630569458,10.73300075531006,9.789761543273926,32.64743423461914,1.1785451173782349,0.3661,0.2061,0.8289,0.4258,Medium
2025-11-02,Tempelhof-Schöneberg,359199,6765.9,7.743531703948975,11.474324226379396,11.654449462890623,31.147443771362305,1.497721791267395,0.3996,0.4638,0.7755,0.516,Medium
2025-11-02,Treptow-Köpenick,275469,1635.6,8.307581901550293,12.48512363433838,11.500712394714355,30.43797492980957,1.4726866483688354,0.4132,0.1121,0.858,0.419,Medium
2025-11-03,Charlottenburg-Wilmersdorf,344207,5316.8,6.616016387939453,10.904784202575684,12.057934761047363,44.87740707397461,1.6472052335739136,0.4031,0.3645,0.864,0.5048,Medium
2025-11-03,Friedrichshain-Kreuzberg,294099,14588.2,6.984419345855713,11.423709869384766,13.256510734558104,43.52168655395508,1.8105636835098269,0.4229,1.0,0.6353,0.678,High
2025-11-03,Lichtenberg,298187,5702.6,7.254995346069336,11.695411682128906,13.302391052246094,43.42356491088867,1.975474834442139,0.4306,0.3909,0.8661,0.5256,Medium
2025-11-03,Marzahn-Hellersdorf,265225,4295.8,7.125598907470703,11.6062593460083,12.218640327453612,43.73235702514648,1.8731127977371216,0.4169,0.2945,0.8794,0.4897,Medium
2025-11-03,Mitte,386181,9784.2,6.616016387939453,10.904784202575684,12.057934761047363,44.87740707397461,1.6472052335739136,0.4031,0.6707,0.893,0.6192,High
2025-11-03,Neukölln,328826,7318.6,6.47150182723999,10.968868255615234,10.891173362731934,46.6256217956543,1.6761378049850464,0.3918,0.5017,0.8394,0.5422,Medium
2025-11-03,Pankow,415257,4031.2,6.984419345855713,11.423709869384766,13.256510734558104,43.52168655395508,1.8105636835098269,0.4229,0.2763,0.6326,0.424,Medium
2025-11-03,Reinickendorf,268568,3001.1,6.616016387939453,10.904784202575684,12.057934761047363,44.87740707397461,1.6472052335739136,0.4031,0.2057,0.8931,0.4565,Medium
2025-11-03,Spandau,243977,2654.5,6.164941310882568,10.242178916931152,9.81906032562256,46.7254638671875,1.3070001602172852,0.3713,0.182,0.9756,0.4561,Medium
2025-11-03,Steglitz-Zehlendorf,308080,3006.0,5.758779525756836,9.853493690490724,8.202455520629883,48.699462890625,1.2633610963821411,0.3482,0.2061,0.8129,0.4146,Medium
2025-11-03,Tempelhof-Schöneberg,359199,6765.9,6.262418270111084,10.541306495666504,10.404836654663086,47.197696685791016,1.5550066232681274,0.3816,0.4638,0.7809,0.5102,Medium
2025-11-03,Treptow-Köpenick,275469,1635.6,6.666396617889404,10.929804801940918,10.782408714294434,47.30874633789063,1.7391390800476074,0.3966,0.1121,0.8636,0.4138,Medium
2025-11-04,Charlottenburg-Wilmersdorf,344207,5316.8,7.039642333984375,11.800304412841797,18.19886589050293,37.93558120727539,2.2981197834014893,0.4643,0.3645,0.8779,0.5328,Medium
2025-11-04,Friedrichshain-Kreuzberg,294099,14588.2,7.085755825042725,11.851604461669922,18.329551696777344,38.09881210327149,2.3769333362579346,0.4673,1.0,0.6517,0.6998,High
2025-11-04,Lichtenberg,298187,5702.6,6.896936893463135,11.802136421203612,16.126178741455078,39.21011734008789,2.379071950912476,0.4429,0.3909,0.8564,0.5281,Medium
2025-11-04,Marzahn-Hellersdorf,265225,4295.8,6.574326992034912,11.001930236816406,13.110302925109863,41.27873611450195,1.9418349266052248,0.4062,0.2945,0.8911,0.4883,Medium
2025-11-04,Mitte,386181,9784.2,7.039642333984375,11.800304412841797,18.19886589050293,37.93558120727539,2.2981197834014893,0.4643,0.6707,0.8863,0.642,High
2025-11-04,Neukölln,328826,7318.6,6.310231685638428,10.802857398986816,13.372162818908691,40.53698348999024,1.9087332487106323,0.4004,0.5017,0.8275,0.5426,Medium
2025-11-04,Pankow,415257,4031.2,7.085755825042725,11.851604461669922,18.329551696777344,38.09881210327149,2.3769333362579346,0.4673,0.2763,0.6379,0.4431,Medium
2025-11-04,Reinickendorf,268568,3001.1,7.039642333984375,11.800304412841797,18.19886589050293,37.93558120727539,2.2981197834014893,0.4643,0.2057,0.9462,0.4943,Medium
2025-11-04,Spandau,243977,2654.5,6.583994388580322,11.098625183105469,15.915139198303224,39.17941665649414,1.8149343729019165,0.4304,0.182,0.9448,0.4721,Medium
2025-11-04,Steglitz-Zehlendorf,308080,3006.0,5.979335784912109,10.31917953491211,12.500809669494627,41.49212265014648,1.5206217765808103,0.3838,0.2061,0.8282,0.4327,Medium
2025-11-04,Tempelhof-Schöneberg,359199,6765.9,6.2829203605651855,10.832393646240234,13.813279151916504,40.39875411987305,1.80621349811554,0.4039,0.4638,0.8002,0.5239,Medium
2025-11-04,Treptow-Köpenick,275469,1635.6,6.3232245445251465,10.642983436584473,12.406928062438965,42.54040145874024,1.875892639160156,0.3945,0.1121,0.8905,0.4197,Medium
2025-11-05,Charlottenburg-Wilmersdorf,344207,5316.8,9.058828353881836,13.687968254089355,22.89682006835937,29.926511764526367,2.462113857269287,0.5489,0.3645,0.8806,0.5673,High
2025-11-05,Friedrichshain-Kreuzberg,294099,14588.2,8.817028045654297,13.204422950744627,21.50255584716797,31.193727493286133,2.421749353408813,0.5302,1.0,0.7178,0.7415,High
2025-11-05,Lichtenberg,298187,5702.6,8.723634719848633,12.770095825195312,17.827777862548828,33.72840118408203,2.3195526599884038,0.4948,0.3909,0.9216,0.5651,High
2025-11-05,Marzahn-Hellersdorf,265225,4295.8,8.171000480651855,11.750908851623535,13.97399616241455,36.22800827026367,2.1144773960113525,0.4447,0.2945,0.9478,0.5179,Medium
2025-11-05,Mitte,386181,9784.2,9.058828353881836,13.687968254089355,22.89682006835937,29.926511764526367,2.462113857269287,0.5489,0.6707,0.9133,0.6826,High
2025-11-05,Neukölln,328826,7318.6,8.265204429626465,11.80312728881836,15.941773414611816,34.838069915771484,1.9136266708374023,0.4637,0.5017,0.8206,0.5662,High
2025-11-05,Pankow,415257,4031.2,8.817028045654297,13.204422950744627,21.50255584716797,31.193727493286133,2.421749353408813,0.5302,0.2763,0.6571,0.4731,Medium
2025-11-05,Reinickendorf,268568,3001.1,9.058828353881836,13.687968254089355,22.89682006835937,29.926511764526367,2.462113857269287,0.5489,0.2057,0.9756,0.5355,Medium
2025-11-05,Spandau,243977,2654.5,8.427488327026367,12.422420501708984,21.611181259155277,31.092554092407227,2.1389102935791016,0.519,0.182,0.962,0.5118,Medium
2025-11-05,Steglitz-Zehlendorf,308080,3006.0,7.49315881729126,11.319113731384276,15.000682830810549,36.13158798217773,1.7234362363815308,0.437,0.2061,0.8381,0.4565,Medium
2025-11-05,Tempelhof-Schöneberg,359199,6765.9,8.214500427246094,11.862696647644045,16.734643936157227,34.96141052246094,1.870638966560364,0.4708,0.4638,0.794,0.5492,Medium
2025-11-05,Treptow-Köpenick,275469,1635.6,8.270676612854004,11.792133331298828,15.44473934173584,36.35162353515625,1.9643197059631348,0.4619,0.1121,0.9104,0.4516,Medium
2025-11-06,Charlottenburg-Wilmersdorf,344207,5316.8,11.282658576965332,15.767990112304688,18.456195831298828,38.53564834594727,3.1403157711029053,0.5814,0.3645,0.9282,0.5922,High
2025-11-06,Friedrichshain-Kreuzberg,294099,14588.2,10.720438957214355,14.907809257507324,16.316904067993164,39.60737991333008,3.200835466384888,0.5462,1.0,0.6829,0.7392,High
2025-11-06,Lichtenberg,298187,5702.6,10.408051490783691,14.376450538635254,14.179743766784668,41.0552864074707,3.348461866378784,0.5189,0.3909,0.9509,0.5821,High
2025-11-06,Marzahn-Hellersdorf,265225,4295.8,10.08425235748291,13.654627799987791,12.676055908203123,41.76436996459961,3.813502311706543,0.4959,0.2945,0.879,0.5212,Medium
2025-11-06,Mitte,386181,9784.2,11.282658576965332,15.767990112304688,18.456195831298828,38.53564834594727,3.1403157711029053,0.5814,0.6707,0.9161,0.6963,High
2025-11-06,Neukölln,328826,7318.6,10.25013256072998,13.972667694091797,14.697516441345217,41.2792854309082,2.835348129272461,0.5188,0.5017,0.8632,0.5989,High
2025-11-06,Pankow,415257,4031.2,10.720438957214355,14.907809257507324,16.316904067993164,39.60737991333008,3.200835466384888,0.5462,0.2763,0.6703,0.4828,Medium
2025-11-06,Reinickendorf,268568,3001.1,11.282658576965332,15.767990112304688,18.456195831298828,38.53564834594727,3.1403157711029053,0.5814,0.2057,0.9933,0.5529,High
2025-11-06,Spandau,243977,2654.5,11.318839073181152,15.741786003112791,20.26363754272461,37.6129035949707,3.043642997741699,0.5982,0.182,0.9809,0.5482,Medium
2025-11-06,Steglitz-Zehlendorf,308080,3006.0,10.356419563293455,14.313575744628906,15.068404197692873,40.37231063842773,2.3206658363342285,0.5237,0.2061,0.8622,0.4972,Medium
2025-11-06,Tempelhof-Schöneberg,359199,6765.9,10.592392921447754,14.55543041229248,16.01231575012207,40.28963470458984,2.6894876956939697,0.5397,0.4638,0.807,0.58,High
2025-11-06,Treptow-Köpenick,275469,1635.6,9.7593355178833,13.4629545211792,12.804160118103027,42.86076354980469,2.7754786014556885,0.4898,0.1121,0.9185,0.4648,Medium
2025-11-07,Charlottenburg-Wilmersdorf,344207,5316.8,17.42965316772461,22.48568725585937,21.604150772094727,35.37324905395508,3.0593652725219727,0.7156,0.3645,0.9358,0.6478,High
2025-11-07,Friedrichshain-Kreuzberg,294099,14588.2,16.395936965942383,21.59542655944824,18.971702575683597,38.2291374206543,2.8674352169036865,0.6917,1.0,0.6816,0.7971,High
2025-11-07,Lichtenberg,298187,5702.6,15.1285400390625,20.437408447265625,13.7706880569458,41.49495315551758,2.738431930541992,0.6422,0.3909,0.925,0.6249,High
2025-11-07,Marzahn-Hellersdorf,265225,4295.8,14.17955493927002,18.90480232238769,11.081256866455078,43.57320785522461,2.708048105239868,0.5952,0.2945,0.9307,0.5738,High
2025-11-07,Mitte,386181,9784.2,17.42965316772461,22.48568725585937,21.604150772094727,35.37324905395508,3.0593652725219727,0.7156,0.6707,0.8851,0.7423,High
2025-11-07,Neukölln,328826,7318.6,15.58565902709961,20.740798950195312,15.31065273284912,40.452884674072266,2.5182483196258545,0.6563,0.5017,0.8816,0.6585,High
2025-11-07,Pankow,415257,4031.2,16.395936965942383,21.59542655944824,18.971702575683597,38.2291374206543,2.8674352169036865,0.6917,0.2763,0.663,0.5391,Medium
2025-11-07,Reinickendorf,268568,3001.1,17.42965316772461,22.48568725585937,21.604150772094727,35.37324905395508,3.0593652725219727,0.7156,0.2057,0.9707,0.6009,High
2025-11-07,Spandau,243977,2654.5,18.308717727661133,23.004770278930664,22.309144973754883,33.77347946166992,3.003732681274414,0.7211,0.182,0.9846,0.5983,High
2025-11-07,Steglitz-Zehlendorf,308080,3006.0,16.957195281982422,21.67484474182129,14.147159576416016,38.85824203491211,2.2599799633026123,0.6443,0.2061,0.8221,0.5354,Medium
2025-11-07,Tempelhof-Schöneberg,359199,6765.9,16.424898147583008,21.41118621826172,16.188024520874023,38.40070724487305,2.4526374340057373,0.6631,0.4638,0.7911,0.6253,High
2025-11-07,Treptow-Köpenick,275469,1635.6,14.591111183166504,19.571701049804688,12.515026092529297,43.30834579467773,2.4152677059173584,0.6205,0.1121,0.9025,0.5131,Medium
2025-11-08,Charlottenburg-Wilmersdorf,344207,5316.8,21.650367736816406,26.356529235839844,21.22013664245605,18.471105575561523,2.6166534423828125,0.6903,0.3645,0.9409,0.6389,High
2025-11-08,Friedrichshain-Kreuzberg,294099,14588.2,20.5736141204834,25.6053524017334,20.259685516357425,19.27818298339844,2.549875020980835,0.6797,1.0,0.6768,0.7911,High
2025-11-08,Lichtenberg,298187,5702.6,19.82746696472168,24.523605346679688,17.438596725463867,21.179096221923828,2.69897723197937,0.6519,0.3909,0.9657,0.639,High
2025-11-08,Marzahn-Hellersdorf,265225,4295.8,18.88117027282715,23.04680824279785,14.718182563781738,23.716657638549805,2.3558437824249268,0.6244,0.2945,0.9271,0.5846,High
2025-11-08,Mitte,386181,9784.2,21.650367736816406,26.356529235839844,21.22013664245605,18.471105575561523,2.6166534423828125,0.6903,0.6707,0.9117,0.7388,High
2025-11-08,Neukölln,328826,7318.6,20.91443634033203,26.113784790039062,16.68500328063965,20.523828506469727,2.3110949993133545,0.6478,0.5017,0.9156,0.6636,High
2025-11-08,Pankow,415257,4031.2,20.5736141204834,25.6053524017334,20.259685516357425,19.27818298339844,2.549875020980835,0.6797,0.2763,0.6706,0.5362,Medium
2025-11-08,Reinickendorf,268568,3001.1,21.650367736816406,26.356529235839844,21.22013664245605,18.471105575561523,2.6166534423828125,0.6903,0.2057,0.9983,0.5977,High
2025-11-08,Spandau,243977,2654.5,22.339200973510746,27.51349449157715,20.211780548095703,17.968324661254883,2.4241864681243896,0.6828,0.182,0.9883,0.5839,High
2025-11-08,Steglitz-Zehlendorf,308080,3006.0,22.1572208404541,27.337900161743164,14.922993659973145,19.811506271362305,1.8896080255508425,0.6323,0.2061,0.7875,0.5219,Medium
2025-11-08,Tempelhof-Schöneberg,359199,6765.9,21.608543395996094,26.756881713867188,16.834976196289062,19.633913040161133,2.2364261150360107,0.6496,0.4638,0.8092,0.6245,High
2025-11-08,Treptow-Köpenick,275469,1635.6,19.773591995239254,24.53968048095703,15.432361602783203,21.9718017578125,2.320282220840454,0.633,0.1121,0.8888,0.5146,Medium
2025-11-09,Charlottenburg-Wilmersdorf,344207,5316.8,27.01039695739746,31.656417846679688,25.65481376647949,11.505149841308594,3.8705568313598633,0.7334,0.3645,0.9528,0.6591,High
2025-11-09,Friedrichshain-Kreuzberg,294099,14588.2,26.12870979309082,31.95668029785156,24.814979553222656,12.350523948669434,3.580136299133301,0.7338,1.0,0.6722,0.8116,High
2025-11-09,Lichtenberg,298187,5702.6,25.46881866455078,31.546335220336918,20.56024742126465,15.672382354736328,3.389035940170288,0.6963,0.3909,0.9473,0.6522,High
2025-11-09,Marzahn-Hellersdorf,265225,4295.8,23.717193603515625,28.90338897705078,16.7354793548584,19.973880767822266,3.2070789337158203,0.6577,0.2945,0.9426,0.6018,High
2025-11-09,Mitte,386181,9784.2,27.01039695739746,31.656417846679688,25.65481376647949,11.505149841308594,3.8705568313598633,0.7334,0.6707,0.9203,0.7582,High
2025-11-09,Neukölln,328826,7318.6,25.3321590423584,30.199113845825195,19.204763412475582,15.00495433807373,2.966275930404663,0.6764,0.5017,0.9078,0.6731,High
2025-11-09,Pankow,415257,4031.2,26.12870979309082,31.95668029785156,24.814979553222656,12.350523948669434,3.580136299133301,0.7338,0.2763,0.6825,0.5608,High
2025-11-09,Reinickendorf,268568,3001.1,27.01039695739746,31.656417846679688,25.65481376647949,11.505149841308594,3.8705568313598633,0.7334,0.2057,0.9912,0.6132,High
2025-11-09,Spandau,243977,2654.5,26.008100509643555,30.23769187927246,25.028928756713867,12.21888828277588,3.4648597240448,0.7296,0.182,0.9802,0.6006,High
2025-11-09,Steglitz-Zehlendorf,308080,3006.0,23.91161155700684,27.761871337890625,16.371225357055664,16.78834342956543,2.447002649307251,0.6429,0.2061,0.8062,0.5308,Medium
2025-11-09,Tempelhof-Schöneberg,359199,6765.9,25.24447059631348,29.5606746673584,18.719701766967773,14.486405372619627,2.857174634933472,0.6683,0.4638,0.8011,0.6299,High
2025-11-09,Treptow-Köpenick,275469,1635.6,25.0003662109375,30.139686584472656,18.258039474487305,15.15428066253662,3.000298261642456,0.6671,0.1121,0.9448,0.5423,Medium
2025-11-10,Charlottenburg-Wilmersdorf,344207,5316.8,16.158845901489258,20.5043888092041,20.7332706451416,16.924285888671875,2.670499563217163,0.6629,0.3645,0.8957,0.6167,High
2025-11-10,Friedrichshain-Kreuzberg,294099,14588.2,16.285322189331055,21.17203712463379,23.210355758666992,14.904766082763672,2.8548707962036133,0.6861,1.0,0.6738,0.7929,High
2025-11-10,Lichtenberg,298187,5702.6,16.702768325805664,21.62394523620605,22.303091049194336,14.53016185760498,2.9929001331329346,0.6779,0.3909,0.9093,0.6353,High
2025-11-10,Marzahn-Hellersdorf,265225,4295.8,16.36184310913086,20.9237060546875,21.21065330505371,15.487068176269531,2.844221830368042,0.6664,0.2945,0.9178,0.5991,High
2025-11-10,Mitte,386181,9784.2,16.158845901489258,20.5043888092041,20.7332706451416,16.924285888671875,2.670499563217163,0.6629,0.6707,0.8741,0.7184,High
2025-11-10,Neukölln,328826,7318.6,15.958205223083496,20.181264877319336,18.95482444763184,17.614652633666992,2.356248617172241,0.645,0.5017,0.8521,0.6466,High
2025-11-10,Pankow,415257,4031.2,16.285322189331055,21.17203712463379,23.210355758666992,14.904766082763672,2.8548707962036133,0.6861,0.2763,0.6865,0.5428,Medium
2025-11-10,Reinickendorf,268568,3001.1,16.158845901489258,20.5043888092041,20.7332706451416,16.924285888671875,2.670499563217163,0.6629,0.2057,0.9702,0.5797,High
2025-11-10,Spandau,243977,2654.5,15.16624927520752,19.1555118560791,17.382957458496094,20.623571395874023,2.1816532611846924,0.6317,0.182,0.9645,0.5575,High
2025-11-10,Steglitz-Zehlendorf,308080,3006.0,14.48951816558838,18.824901580810547,14.076263427734377,22.513107299804688,1.7251988649368286,0.5888,0.2061,0.8378,0.5171,Medium
2025-11-10,Tempelhof-Schöneberg,359199,6765.9,15.622965812683104,19.9565544128418,17.543336868286133,18.99036407470703,2.201143503189087,0.6327,0.4638,0.7959,0.6144,High
2025-11-10,Treptow-Köpenick,275469,1635.6,15.899800300598145,20.04505157470703,19.019685745239254,17.559951782226562,2.512738943099976,0.6453,0.1121,0.9215,0.5277,Medium
2025-11-11,Charlottenburg-Wilmersdorf,344207,5316.8,12.03272533416748,15.431424140930176,20.8896484375,16.991676330566406,2.394417762756348,0.5781,0.3645,0.8959,0.5828,High
2025-11-11,Friedrichshain-Kreuzberg,294099,14588.2,12.11364459991455,15.623440742492676,22.376182556152344,15.695332527160645,2.5249240398406982,0.593,1.0,0.6528,0.7504,High
2025-11-11,Lichtenberg,298187,5702.6,12.203758239746094,15.742985725402832,21.539369583129883,15.947266578674316,2.572537422180176,0.5877,0.3909,0.9452,0.6082,High
2025-11-11,Marzahn-Hellersdorf,265225,4295.8,11.594097137451172,15.111248016357422,19.58332252502441,16.829158782958984,2.338095426559448,0.5533,0.2945,0.94,0.5594,High
2025-11-11,Mitte,386181,9784.2,12.03272533416748,15.431424140930176,20.8896484375,16.991676330566406,2.394417762756348,0.5781,0.6707,0.9122,0.694,High
2025-11-11,Neukölln,328826,7318.6,10.997475624084473,14.172252655029297,18.25076103210449,18.00176429748535,2.053488254547119,0.5249,0.5017,0.8539,0.599,High
2025-11-11,Pankow,415257,4031.2,12.11364459991455,15.623440742492676,22.376182556152344,15.695332527160645,2.5249240398406982,0.593,0.2763,0.7032,0.5097,Medium
2025-11-11,Reinickendorf,268568,3001.1,12.03272533416748,15.431424140930176,20.8896484375,16.991676330566406,2.394417762756348,0.5781,0.2057,0.9568,0.5424,Medium
2025-11-11,Spandau,243977,2654.5,11.20710277557373,14.31221866607666,18.238893508911133,19.764598846435547,2.0229289531707764,0.5337,0.182,0.9765,0.5213,Medium
2025-11-11,Steglitz-Zehlendorf,308080,3006.0,10.256946563720703,13.396439552307127,14.875994682312012,21.42854881286621,1.5257073640823364,0.4775,0.2061,0.849,0.4754,Medium
2025-11-11,Tempelhof-Schöneberg,359199,6765.9,10.849102020263672,14.062541961669922,17.363527297973633,18.84657096862793,1.931943416595459,0.5138,0.4638,0.7767,0.562,High
2025-11-11,Treptow-Köpenick,275469,1635.6,10.94845485687256,14.164104461669922,17.666296005249023,18.39381980895996,2.067415952682495,0.5187,0.1121,0.9077,0.4736,Medium
2025-11-12,Charlottenburg-Wilmersdorf,344207,5316.8,10.575424194335938,14.556946754455566,20.36624336242676,20.422664642333984,2.529072999954224,0.543,0.3645,0.8645,0.5609,High
2025-11-12,Friedrichshain-Kreuzberg,294099,14588.2,10.48416805267334,14.433545112609863,20.02606010437012,20.468454360961918,2.537483930587769,0.5371,1.0,0.6792,0.7346,High
2025-11-12,Lichtenberg,298187,5702.6,10.26465892791748,14.162227630615234,17.812150955200195,21.752477645874023,2.509948968887329,0.5115,0.3909,0.9171,0.5707,High
2025-11-12,Marzahn-Hellersdorf,265225,4295.8,9.595185279846191,13.285908699035645,13.982115745544434,24.820831298828125,2.19799542427063,0.4604,0.2945,0.9154,0.5161,Medium
2025-11-12,Mitte,386181,9784.2,10.575424194335938,14.556946754455566,20.36624336242676,20.422664642333984,2.529072999954224,0.543,0.6707,0.9198,0.6819,High
2025-11-12,Neukölln,328826,7318.6,9.4392728805542,13.085182189941406,15.65742015838623,24.111045837402344,2.204860210418701,0.4714,0.5017,0.82,0.5692,High
2025-11-12,Pankow,415257,4031.2,10.48416805267334,14.433545112609863,20.02606010437012,20.468454360961918,2.537483930587769,0.5371,0.2763,0.675,0.4803,Medium
2025-11-12,Reinickendorf,268568,3001.1,10.575424194335938,14.556946754455566,20.36624336242676,20.422664642333984,2.529072999954224,0.543,0.2057,0.9692,0.5315,Medium
2025-11-12,Spandau,243977,2654.5,9.97762966156006,13.865971565246582,18.015283584594727,21.877235412597656,2.161039113998413,0.5056,0.182,0.9566,0.5051,Medium
2025-11-12,Steglitz-Zehlendorf,308080,3006.0,8.85620403289795,12.531271934509276,14.590418815612791,24.16650390625,1.8524352312088013,0.445,0.2061,0.8526,0.4633,Medium
2025-11-12,Tempelhof-Schöneberg,359199,6765.9,9.414491653442385,13.063339233398438,15.75119686126709,23.87848663330078,2.1349618434906006,0.4712,0.4638,0.7809,0.546,Medium
2025-11-12,Treptow-Köpenick,275469,1635.6,9.376216888427734,13.048375129699709,15.489455223083496,24.401201248168945,2.2645866870880127,0.4688,0.1121,0.9084,0.4539,Medium
2025-11-13,Charlottenburg-Wilmersdorf,344207,5316.8,7.925779342651367,12.811203956604004,17.553457260131836,31.63612365722656,1.925222396850586,0.4689,0.3645,0.8496,0.5275,Medium
2025-11-13,Friedrichshain-Kreuzberg,294099,14588.2,8.071420669555664,12.99942111968994,18.768125534057617,30.708356857299805,2.109538555145264,0.4834,1.0,0.676,0.7124,High
2025-11-13,Lichtenberg,298187,5702.6,8.333897590637207,12.82990264892578,17.262372970581055,30.97749900817871,2.3189592361450195,0.4747,0.3909,0.8219,0.5322,Medium
2025-11-13,Marzahn-Hellersdorf,265225,4295.8,7.718986988067627,12.432835578918455,15.222084045410156,32.246437072753906,2.181304454803467,0.441,0.2945,0.877,0.4987,Medium
2025-11-13,Mitte,386181,9784.2,7.925779342651367,12.811203956604004,17.553457260131836,31.63612365722656,1.925222396850586,0.4689,0.6707,0.8322,0.6304,High
2025-11-13,Neukölln,328826,7318.6,7.407363414764404,12.537487030029297,14.162467002868652,34.594181060791016,1.9567852020263672,0.4279,0.5017,0.8375,0.5561,High
2025-11-13,Pankow,415257,4031.2,8.071420669555664,12.99942111968994,18.768125534057617,30.708356857299805,2.109538555145264,0.4834,0.2763,0.6239,0.446,Medium
2025-11-13,Reinickendorf,268568,3001.1,7.925779342651367,12.811203956604004,17.553457260131836,31.63612365722656,1.925222396850586,0.4689,0.2057,0.9336,0.493,Medium
2025-11-13,Spandau,243977,2654.5,7.397233963012695,12.06390380859375,14.584345817565918,33.94205474853516,1.6294922828674316,0.4286,0.182,0.9506,0.4728,Medium
2025-11-13,Steglitz-Zehlendorf,308080,3006.0,6.750569820404053,11.67904567718506,12.594295501708984,35.86494445800781,1.5640095472335815,0.3961,0.2061,0.8112,0.4334,Medium
2025-11-13,Tempelhof-Schöneberg,359199,6765.9,7.361552715301514,12.31786823272705,14.411639213562012,34.650272369384766,1.8335038423538208,0.4285,0.4638,0.7563,0.5228,Medium
2025-11-13,Treptow-Köpenick,275469,1635.6,7.544274806976318,12.194783210754396,13.895773887634276,35.12446594238281,2.0867879390716557,0.4285,0.1121,0.8656,0.427,Medium
2025-11-14,Charlottenburg-Wilmersdorf,344207,5316.8,10.094088554382324,14.902053833007812,19.96553039550781,23.178598403930664,2.982485771179199,0.5349,0.3645,0.8886,0.5637,High
2025-11-14,Friedrichshain-Kreuzberg,294099,14588.2,9.660161018371582,14.364706993103027,19.005884170532227,23.24714088439941,2.9502971172332764,0.5135,1.0,0.6908,0.7281,High
2025-11-14,Lichtenberg,298187,5702.6,9.468735694885254,14.046405792236328,15.971709251403809,24.98701286315918,2.9245738983154297,0.4811,0.3909,0.8766,0.5484,Medium
2025-11-14,Marzahn-Hellersdorf,265225,4295.8,8.652586936950684,12.899505615234377,12.893061637878418,26.94512367248535,2.689749956130981,0.4311,0.2945,0.8998,0.5005,Medium
2025-11-14,Mitte,386181,9784.2,10.094088554382324,14.902053833007812,19.96553039550781,23.178598403930664,2.982485771179199,0.5349,0.6707,0.8367,0.6579,High
2025-11-14,Neukölln,328826,7318.6,9.932425498962402,14.7366361618042,18.760805130004883,21.44951629638672,2.765767335891724,0.5148,0.5017,0.8321,0.5895,High
2025-11-14,Pankow,415257,4031.2,9.660161018371582,14.364706993103027,19.005884170532227,23.24714088439941,2.9502971172332764,0.5135,0.2763,0.6454,0.4635,Medium
2025-11-14,Reinickendorf,268568,3001.1,10.094088554382324,14.902053833007812,19.96553039550781,23.178598403930664,2.982485771179199,0.5349,0.2057,0.9545,0.5246,Medium
2025-11-14,Spandau,243977,2654.5,9.696640968322754,14.407855033874512,18.916921615600582,24.36232566833496,2.5785202980041504,0.5154,0.182,0.9458,0.5063,Medium
2025-11-14,Steglitz-Zehlendorf,308080,3006.0,9.700708389282228,14.260635375976562,18.50823783874512,22.14183616638184,2.4461886882781982,0.5063,0.2061,0.8098,0.4771,Medium
2025-11-14,Tempelhof-Schöneberg,359199,6765.9,10.22734546661377,14.9891357421875,19.821352005004883,20.86703109741211,2.8074910640716557,0.5321,0.4638,0.8056,0.5766,High
2025-11-14,Treptow-Köpenick,275469,1635.6,9.62402629852295,14.241066932678224,16.10384178161621,23.919496536254883,2.524953842163086,0.4841,0.1121,0.8787,0.4526,Medium
2025-11-15,Charlottenburg-Wilmersdorf,344207,5316.8,3.906173467636109,5.486409664154053,6.013356685638428,61.97998046875,2.02526330947876,0.2961,0.3645,0.8869,0.4677,Medium
2025-11-15,Friedrichshain-Kreuzberg,294099,14588.2,3.662362813949585,5.376672267913818,4.946578502655029,62.85513305664063,1.9404534101486208,0.281,1.0,0.6691,0.6297,High
2025-11-15,Lichtenberg,298187,5702.6,3.490241289138794,5.006252765655518,3.8899879455566406,63.41195297241211,2.034576416015625,0.2664,0.3909,0.8864,0.465,Medium
2025-11-15,Marzahn-Hellersdorf,265225,4295.8,3.4179699420928955,4.869372844696045,3.0795891284942627,63.9742431640625,1.95010507106781,0.2572,0.2945,0.984,0.452,Medium
2025-11-15,Mitte,386181,9784.2,3.906173467636109,5.486409664154053,6.013356685638428,61.97998046875,2.02526330947876,0.2961,0.6707,0.9278,0.5851,High
2025-11-15,Neukölln,328826,7318.6,3.9260637760162354,5.318800449371338,5.451511859893799,62.66090774536133,1.989494800567627,0.2917,0.5017,0.8756,0.5112,Medium
2025-11-15,Pankow,415257,4031.2,3.662362813949585,5.376672267913818,4.946578502655029,62.85513305664063,1.9404534101486208,0.281,0.2763,0.6562,0.3732,Medium
2025-11-15,Reinickendorf,268568,3001.1,3.906173467636109,5.486409664154053,6.013356685638428,61.97998046875,2.02526330947876,0.2961,0.2057,1.0,0.4404,Medium
2025-11-15,Spandau,243977,2654.5,3.829608201980591,5.500507354736328,6.614195346832275,61.52822494506836,2.055701494216919,0.2995,0.182,1.0,0.4335,Medium
2025-11-15,Steglitz-Zehlendorf,308080,3006.0,3.62787127494812,5.198809146881104,6.295698642730713,61.81892776489258,1.899947047233581,0.2909,0.2061,0.8726,0.4066,Medium
2025-11-15,Tempelhof-Schöneberg,359199,6765.9,3.650766372680664,5.394586086273193,6.291858673095703,61.67241287231445,1.964802622795105,0.2919,0.4638,0.8765,0.4982,Medium
2025-11-15,Treptow-Köpenick,275469,1635.6,3.7363789081573486,5.276781558990479,4.312599182128906,63.56229782104492,2.0472116470336914,0.2776,0.1121,0.8952,0.3741,Medium
2025-11-16,Charlottenburg-Wilmersdorf,344207,5316.8,11.050040245056152,14.47063446044922,10.727486610412598,25.718000411987305,1.9870600700378416,0.4673,0.3645,0.893,0.5377,Medium
2025-11-16,Friedrichshain-Kreuzberg,294099,14588.2,11.00168514251709,14.553837776184082,10.53373908996582,25.562545776367188,2.0049855709075928,0.4642,1.0,0.6747,0.7044,High
2025-11-16,Lichtenberg,298187,5702.6,11.067837715148926,14.423243522644045,9.573174476623535,26.478614807128903,2.0123636722564697,0.4575,0.3909,0.937,0.5541,High
2025-11-16,Marzahn-Hellersdorf,265225,4295.8,10.763707160949709,13.89413356781006,7.968503475189209,27.469396591186523,1.937681078910828,0.4345,0.2945,0.9685,0.519,Medium
2025-11-16,Mitte,386181,9784.2,11.050040245056152,14.47063446044922,10.727486610412598,25.718000411987305,1.9870600700378416,0.4673,0.6707,0.8834,0.6425,High
2025-11-16,Neukölln,328826,7318.6,11.10642147064209,14.681610107421877,11.053082466125488,25.010217666625977,1.84017026424408,0.4709,0.5017,0.8992,0.5888,High
2025-11-16,Pankow,415257,4031.2,11.00168514251709,14.553837776184082,10.53373908996582,25.562545776367188,2.0049855709075928,0.4642,0.2763,0.6273,0.4392,Medium
2025-11-16,Reinickendorf,268568,3001.1,11.050040245056152,14.47063446044922,10.727486610412598,25.718000411987305,1.9870600700378416,0.4673,0.2057,0.9746,0.5026,Medium
2025-11-16,Spandau,243977,2654.5,10.62661361694336,14.03110122680664,9.40708827972412,26.423002243041992,1.7609467506408691,0.4438,0.182,0.9805,0.4863,Medium
2025-11-16,Steglitz-Zehlendorf,308080,3006.0,10.20549488067627,13.527839660644531,8.3753080368042,26.23538398742676,1.4399043321609497,0.4212,0.2061,0.8035,0.4415,Medium
2025-11-16,Tempelhof-Schöneberg,359199,6765.9,10.711583137512209,14.392985343933104,10.171042442321776,25.207963943481445,1.7639886140823364,0.4522,0.4638,0.7739,0.5367,Medium
2025-11-16,Treptow-Köpenick,275469,1635.6,10.901592254638672,14.559138298034668,10.446776390075684,25.893762588500977,1.9138103723526,0.4615,0.1121,0.8619,0.4393,Medium
2025-11-17,Charlottenburg-Wilmersdorf,344207,5316.8,6.702113628387451,9.755674362182615,11.580101013183594,43.67924499511719,1.2487870454788208,0.3936,0.3645,0.8761,0.504,Medium
2025-11-17,Friedrichshain-Kreuzberg,294099,14588.2,6.783576488494873,10.012835502624512,12.63195514678955,42.53698348999024,1.3416237831115725,0.4047,1.0,0.6837,0.6828,High
2025-11-17,Lichtenberg,298187,5702.6,6.939094543457031,10.277634620666504,12.356595039367676,42.8350715637207,1.4781571626663208,0.4073,0.3909,0.8585,0.5144,Medium
2025-11-17,Marzahn-Hellersdorf,265225,4295.8,6.6659932136535645,9.961749076843262,10.445178985595703,43.40420913696289,1.2936755418777466,0.3816,0.2945,0.8763,0.4748,Medium
2025-11-17,Mitte,386181,9784.2,6.702113628387451,9.755674362182615,11.580101013183594,43.67924499511719,1.2487870454788208,0.3936,0.6707,0.9405,0.6273,High
2025-11-17,Neukölln,328826,7318.6,6.977905750274658,10.132195472717283,13.151070594787598,43.54098129272461,1.5734785795211792,0.4172,0.5017,0.8512,0.5553,High
2025-11-17,Pankow,415257,4031.2,6.783576488494873,10.012835502624512,12.63195514678955,42.53698348999024,1.3416237831115725,0.4047,0.2763,0.6544,0.4222,Medium
2025-11-17,Reinickendorf,268568,3001.1,6.702113628387451,9.755674362182615,11.580101013183594,43.67924499511719,1.2487870454788208,0.3936,0.2057,0.908,0.4564,Medium
2025-11-17,Spandau,243977,2654.5,6.32067346572876,9.249933242797852,8.833211898803711,45.55966567993164,1.0211886167526243,0.359,0.182,0.9744,0.4509,Medium
2025-11-17,Steglitz-Zehlendorf,308080,3006.0,6.160388946533203,9.020047187805176,8.3712797164917,47.047454833984375,1.0578080415725708,0.3529,0.2061,0.8248,0.4195,Medium
2025-11-17,Tempelhof-Schöneberg,359199,6765.9,6.658899784088135,9.691519737243652,11.22049045562744,45.03532409667969,1.4048738479614258,0.3917,0.4638,0.8143,0.5226,Medium
2025-11-17,Treptow-Köpenick,275469,1635.6,7.078473567962647,10.33034896850586,13.918597221374512,43.42885208129883,1.7225399017333984,0.4278,0.1121,0.8955,0.4342,Medium
2025-11-18,Charlottenburg-Wilmersdorf,344207,5316.8,6.398274898529053,9.668828964233398,11.735794067382812,46.89351272583008,1.3319900035858154,0.3943,0.3645,0.8845,0.5064,Medium
2025-11-18,Friedrichshain-Kreuzberg,294099,14588.2,6.383174419403076,9.717415809631348,13.07947063446045,45.5751838684082,1.4312270879745483,0.4051,1.0,0.6542,0.6756,High
2025-11-18,Lichtenberg,298187,5702.6,6.573837757110596,9.944872856140137,13.675200462341309,45.04781723022461,1.609031319618225,0.4154,0.3909,0.8663,0.5196,Medium
2025-11-18,Marzahn-Hellersdorf,265225,4295.8,6.295137882232666,9.643680572509766,12.682103157043455,44.83769607543945,1.585673689842224,0.3975,0.2945,0.9319,0.495,Medium
2025-11-18,Mitte,386181,9784.2,6.398274898529053,9.668828964233398,11.735794067382812,46.89351272583008,1.3319900035858154,0.3943,0.6707,0.9355,0.6263,High
2025-11-18,Neukölln,328826,7318.6,6.31627893447876,9.6920804977417,11.46485996246338,47.42839431762695,1.4246653318405151,0.391,0.5017,0.8762,0.551,High
2025-11-18,Pankow,415257,4031.2,6.383174419403076,9.717415809631348,13.07947063446045,45.5751838684082,1.4312270879745483,0.4051,0.2763,0.6668,0.4254,Medium
2025-11-18,Reinickendorf,268568,3001.1,6.398274898529053,9.668828964233398,11.735794067382812,46.89351272583008,1.3319900035858154,0.3943,0.2057,0.9049,0.4559,Medium
2025-11-18,Spandau,243977,2654.5,6.121356964111328,9.22643756866455,9.487628936767578,48.67521667480469,1.1677616834640503,0.3673,0.182,1.0,0.4606,Medium
2025-11-18,Steglitz-Zehlendorf,308080,3006.0,5.840126037597656,9.192641258239746,8.73075008392334,49.42941284179688,1.2165952920913696,0.3546,0.2061,0.868,0.431,Medium
2025-11-18,Tempelhof-Schöneberg,359199,6765.9,6.242595195770264,9.601828575134276,10.76333999633789,48.17970657348633,1.349814534187317,0.3833,0.4638,0.8031,0.5164,Medium
2025-11-18,Treptow-Köpenick,275469,1635.6,6.333112239837647,9.60557460784912,11.859512329101562,46.712677001953125,1.5422557592391968,0.3937,0.1121,0.89,0.4192,Medium
2025-11-19,Charlottenburg-Wilmersdorf,344207,5316.8,9.19923973083496,11.89847469329834,14.238917350769045,41.31340026855469,1.918521285057068,0.4817,0.3645,0.9053,0.5466,Medium
2025-11-19,Friedrichshain-Kreuzberg,294099,14588.2,9.294245719909668,12.002204895019531,14.016802787780762,41.44363784790039,1.9519109725952148,0.4824,1.0,0.6554,0.7068,High
2025-11-19,Lichtenberg,298187,5702.6,9.271811485290527,11.874762535095217,12.365875244140623,42.91908264160156,1.9687646627426147,0.4679,0.3909,0.9006,0.5491,Medium
2025-11-19,Marzahn-Hellersdorf,265225,4295.8,8.694244384765625,11.255367279052734,9.842711448669434,45.05583190917969,1.804439067840576,0.4312,0.2945,0.9196,0.5055,Medium
2025-11-19,Mitte,386181,9784.2,9.19923973083496,11.89847469329834,14.238917350769045,41.31340026855469,1.918521285057068,0.4817,0.6707,0.9404,0.6625,High
2025-11-19,Neukölln,328826,7318.6,8.759739875793457,11.181175231933594,10.899910926818848,44.77000045776367,1.78943932056427,0.4424,0.5017,0.9321,0.5856,High
2025-11-19,Pankow,415257,4031.2,9.294245719909668,12.002204895019531,14.016802787780762,41.44363784790039,1.9519109725952148,0.4824,0.2763,0.6798,0.4596,Medium
2025-11-19,Reinickendorf,268568,3001.1,9.19923973083496,11.89847469329834,14.238917350769045,41.31340026855469,1.918521285057068,0.4817,0.2057,0.9618,0.5051,Medium
2025-11-19,Spandau,243977,2654.5,8.660965919494629,10.952589988708496,12.39261531829834,42.29503631591797,1.6960030794143677,0.4492,0.182,1.0,0.4934,Medium
2025-11-19,Steglitz-Zehlendorf,308080,3006.0,8.099091529846191,10.316990852355955,9.87728214263916,43.81845474243164,1.548439383506775,0.4117,0.2061,0.8699,0.4543,Medium
2025-11-19,Tempelhof-Schöneberg,359199,6765.9,8.694746017456055,11.158546447753906,11.08153247833252,43.863800048828125,1.7255759239196775,0.4408,0.4638,0.7994,0.5385,Medium
2025-11-19,Treptow-Köpenick,275469,1635.6,8.666631698608398,11.085700035095217,10.49848175048828,46.01514053344727,1.8392295837402344,0.4385,0.1121,0.8774,0.434,Medium
2025-11-20,Charlottenburg-Wilmersdorf,344207,5316.8,7.533138275146484,9.40213108062744,12.45098876953125,38.70037460327149,1.5005565881729126,0.4109,0.3645,0.9041,0.518,Medium
2025-11-20,Friedrichshain-Kreuzberg,294099,14588.2,7.413170337677002,9.6035737991333,12.973044395446776,38.85710906982422,1.5704020261764526,0.4144,1.0,0.6654,0.6821,High
2025-11-20,Lichtenberg,298187,5702.6,7.293535709381103,9.352705955505373,12.842452049255373,39.67837142944336,1.658589482307434,0.4112,0.3909,0.8723,0.5194,Medium
2025-11-20,Marzahn-Hellersdorf,265225,4295.8,7.145738124847412,9.06658172607422,11.488579750061035,40.81129837036133,1.6040263175964355,0.3955,0.2945,0.9197,0.4912,Medium
2025-11-20,Mitte,386181,9784.2,7.533138275146484,9.40213108062744,12.45098876953125,38.70037460327149,1.5005565881729126,0.4109,0.6707,0.9542,0.6377,High
2025-11-20,Neukölln,328826,7318.6,7.4629950523376465,9.24843978881836,11.463213920593262,40.76862716674805,1.497366428375244,0.403,0.5017,0.8619,0.5523,High
2025-11-20,Pankow,415257,4031.2,7.413170337677002,9.6035737991333,12.973044395446776,38.85710906982422,1.5704020261764526,0.4144,0.2763,0.6515,0.4253,Medium
2025-11-20,Reinickendorf,268568,3001.1,7.533138275146484,9.40213108062744,12.45098876953125,38.70037460327149,1.5005565881729126,0.4109,0.2057,0.928,0.4684,Medium
2025-11-20,Spandau,243977,2654.5,7.208843231201172,9.015881538391112,10.833988189697266,39.4807014465332,1.2881699800491333,0.3872,0.182,1.0,0.4686,Medium
2025-11-20,Steglitz-Zehlendorf,308080,3006.0,6.811163425445557,8.67226505279541,9.305886268615724,40.96397018432617,1.1982117891311646,0.3643,0.2061,0.8521,0.4309,Medium
2025-11-20,Tempelhof-Schöneberg,359199,6765.9,7.226087093353271,9.155824661254885,10.963333129882812,40.24549865722656,1.4100440740585327,0.391,0.4638,0.8401,0.5288,Medium
2025-11-20,Treptow-Köpenick,275469,1635.6,7.257036209106445,9.23050022125244,11.965763092041016,41.30170440673828,1.6117061376571655,0.4044,0.1121,0.8806,0.4211,Medium
2025-11-21,Charlottenburg-Wilmersdorf,344207,5316.8,9.507842063903809,12.403428077697754,18.55704689025879,30.712188720703125,1.8446077108383176,0.5125,0.3645,0.8402,0.5426,Medium
2025-11-21,Friedrichshain-Kreuzberg,294099,14588.2,9.659350395202637,12.737914085388184,20.524341583251957,29.08830070495605,2.0323827266693115,0.5338,1.0,0.6826,0.7342,High
2025-11-21,Lichtenberg,298187,5702.6,9.8981351852417,13.021519660949709,21.44305229187012,28.559606552124023,2.167865514755249,0.5486,0.3909,0.8958,0.5802,High
2025-11-21,Marzahn-Hellersdorf,265225,4295.8,9.481765747070312,12.685166358947754,19.80004501342773,29.899389266967773,1.991000056266785,0.5238,0.2945,0.9812,0.5579,High
2025-11-21,Mitte,386181,9784.2,9.507842063903809,12.403428077697754,18.55704689025879,30.712188720703125,1.8446077108383176,0.5125,0.6707,0.9317,0.6727,High
2025-11-21,Neukölln,328826,7318.6,9.998421669006348,13.195818901062012,21.964889526367188,28.3231258392334,2.185654163360596,0.5563,0.5017,0.8318,0.6061,High
2025-11-21,Pankow,415257,4031.2,9.659350395202637,12.737914085388184,20.524341583251957,29.08830070495605,2.0323827266693115,0.5338,0.2763,0.6739,0.4787,Medium
2025-11-21,Reinickendorf,268568,3001.1,9.507842063903809,12.403428077697754,18.55704689025879,30.712188720703125,1.8446077108383176,0.5125,0.2057,0.9803,0.5221,Medium
2025-11-21,Spandau,243977,2654.5,9.199857711791992,11.801135063171388,15.089447021484377,33.70760726928711,1.3417876958847046,0.474,0.182,1.0,0.5033,Medium
2025-11-21,Steglitz-Zehlendorf,308080,3006.0,9.065342903137209,11.572391510009766,14.354469299316406,33.977664947509766,1.3317023515701294,0.4633,0.2061,0.8716,0.4754,Medium
2025-11-21,Tempelhof-Schöneberg,359199,6765.9,9.639771461486816,12.457722663879396,18.393861770629883,30.42989921569824,1.918441891670227,0.5137,0.4638,0.804,0.5688,High
2025-11-21,Treptow-Köpenick,275469,1635.6,10.464920997619627,13.59231185913086,24.10551643371582,27.017820358276367,2.3880057334899902,0.5876,0.1121,0.9045,0.5004,Medium
2025-11-22,Charlottenburg-Wilmersdorf,344207,5316.8,15.22799015045166,18.30527687072754,23.26154327392578,27.349428176879883,2.7603628635406494,0.7018,0.3645,0.8595,0.6232,High
2025-11-22,Friedrichshain-Kreuzberg,294099,14588.2,15.469500541687012,18.77018165588379,24.49414825439453,25.24030876159668,2.867878198623657,0.7116,1.0,0.6549,0.7984,High
2025-11-22,Lichtenberg,298187,5702.6,15.75949764251709,19.341508865356445,24.01775360107422,25.30159568786621,2.839599609375,0.7088,0.3909,0.8918,0.6433,High
2025-11-22,Marzahn-Hellersdorf,265225,4295.8,15.179030418395996,18.31460952758789,21.62629127502441,26.80473518371582,2.3679370880126958,0.6839,0.2945,0.9342,0.6102,High
2025-11-22,Mitte,386181,9784.2,15.22799015045166,18.30527687072754,23.26154327392578,27.349428176879883,2.7603628635406494,0.7018,0.6707,0.8716,0.7334,High
2025-11-22,Neukölln,328826,7318.6,14.653125762939451,17.754501342773438,20.483264923095703,28.99383544921875,2.4254345893859863,0.6669,0.5017,0.858,0.6569,High
2025-11-22,Pankow,415257,4031.2,15.469500541687012,18.77018165588379,24.49414825439453,25.24030876159668,2.867878198623657,0.7116,0.2763,0.7179,0.5608,High
2025-11-22,Reinickendorf,268568,3001.1,15.22799015045166,18.30527687072754,23.26154327392578,27.349428176879883,2.7603628635406494,0.7018,0.2057,0.9343,0.5863,High
2025-11-22,Spandau,243977,2654.5,14.4773588180542,17.08753776550293,19.690183639526367,30.615636825561523,1.972465991973877,0.6554,0.182,0.9984,0.5755,High
2025-11-22,Steglitz-Zehlendorf,308080,3006.0,13.353370666503906,16.032503128051758,17.6037540435791,32.05790328979492,1.8042792081832888,0.6074,0.2061,0.8579,0.5296,Medium
2025-11-22,Tempelhof-Schöneberg,359199,6765.9,14.30069637298584,17.436023712158203,19.83216667175293,29.77033042907715,2.362611532211304,0.6526,0.4638,0.7967,0.6225,High
2025-11-22,Treptow-Köpenick,275469,1635.6,14.994452476501465,18.1385440826416,21.06146049499512,28.727224349975582,2.4363958835601807,0.6814,0.1121,0.9209,0.542,Medium
2025-11-23,Charlottenburg-Wilmersdorf,344207,5316.8,13.050950050354004,16.09170913696289,18.615758895874023,40.37723159790039,3.075207471847534,0.6289,0.3645,0.8595,0.594,High
2025-11-23,Friedrichshain-Kreuzberg,294099,14588.2,13.078686714172363,15.962974548339844,17.33147621154785,41.53697204589844,3.0145256519317627,0.6185,1.0,0.6728,0.7656,High
2025-11-23,Lichtenberg,298187,5702.6,13.30437183380127,16.06490135192871,14.461106300354004,42.791316986083984,2.7529423236846924,0.5976,0.3909,0.9107,0.6035,High
2025-11-23,Marzahn-Hellersdorf,265225,4295.8,12.85604763031006,15.4813871383667,11.223045349121094,43.85286331176758,2.83088493347168,0.5551,0.2945,0.9546,0.5638,High
2025-11-23,Mitte,386181,9784.2,13.050950050354004,16.09170913696289,18.615758895874023,40.37723159790039,3.075207471847534,0.6289,0.6707,0.8821,0.7068,High
2025-11-23,Neukölln,328826,7318.6,12.511113166809082,15.388153076171877,14.70559787750244,42.45396041870117,2.6798887252807617,0.5785,0.5017,0.8448,0.6182,High
2025-11-23,Pankow,415257,4031.2,13.078686714172363,15.962974548339844,17.33147621154785,41.53697204589844,3.0145256519317627,0.6185,0.2763,0.6882,0.5162,Medium
2025-11-23,Reinickendorf,268568,3001.1,13.050950050354004,16.09170913696289,18.615758895874023,40.37723159790039,3.075207471847534,0.6289,0.2057,0.9406,0.5587,High
2025-11-23,Spandau,243977,2654.5,12.686729431152344,15.489959716796877,17.854597091674805,40.91542053222656,2.736059188842773,0.6115,0.182,0.9941,0.5568,High
2025-11-23,Steglitz-Zehlendorf,308080,3006.0,11.886876106262209,14.75765609741211,14.010109901428224,43.06703567504883,2.267622232437134,0.5556,0.2061,0.8731,0.5127,Medium
2025-11-23,Tempelhof-Schöneberg,359199,6765.9,12.404633522033691,15.226134300231934,15.240313529968262,41.97576904296875,2.571831464767456,0.5798,0.4638,0.7782,0.5888,High
2025-11-23,Treptow-Köpenick,275469,1635.6,12.661606788635254,15.443225860595703,13.123990058898926,43.994815826416016,2.5698063373565674,0.5694,0.1121,0.8963,0.4911,Medium
2025-11-24,Charlottenburg-Wilmersdorf,344207,5316.8,13.646933555603027,16.667375564575195,24.293672561645508,27.63019561767578,3.063175201416016,0.676,0.3645,0.8946,0.6216,High
2025-11-24,Friedrichshain-Kreuzberg,294099,14588.2,13.582942008972168,16.54316520690918,23.04058265686035,29.14882469177246,2.794363260269165,0.6643,1.0,0.701,0.791,High
2025-11-24,Lichtenberg,298187,5702.6,13.328994750976562,16.0063533782959,18.43536949157715,32.98051452636719,2.6064212322235107,0.6179,0.3909,0.9368,0.6182,High
2025-11-24,Marzahn-Hellersdorf,265225,4295.8,13.022189140319824,15.314902305603027,13.642584800720217,36.44238662719727,2.5209290981292725,0.5674,0.2945,0.9263,0.5616,High
2025-11-24,Mitte,386181,9784.2,13.646933555603027,16.667375564575195,24.293672561645508,27.63019561767578,3.063175201416016,0.676,0.6707,0.8974,0.7295,High
2025-11-24,Neukölln,328826,7318.6,12.7781400680542,15.608863830566406,17.73233985900879,33.30031204223633,2.326310157775879,0.597,0.5017,0.8357,0.6233,High
2025-11-24,Pankow,415257,4031.2,13.582942008972168,16.54316520690918,23.04058265686035,29.14882469177246,2.794363260269165,0.6643,0.2763,0.6789,0.5322,Medium
2025-11-24,Reinickendorf,268568,3001.1,13.646933555603027,16.667375564575195,24.293672561645508,27.63019561767578,3.063175201416016,0.676,0.2057,0.9769,0.5866,High
2025-11-24,Spandau,243977,2654.5,13.049445152282717,15.90981388092041,22.09359169006348,29.19862174987793,2.541166305541992,0.64,0.182,1.0,0.5697,High
2025-11-24,Steglitz-Zehlendorf,308080,3006.0,11.953590393066406,14.559679985046388,15.929207801818848,32.354461669921875,1.9639390707015991,0.5539,0.2061,0.8855,0.5151,Medium
2025-11-24,Tempelhof-Schöneberg,359199,6765.9,12.44765567779541,15.2860689163208,17.54047966003418,32.31708908081055,2.2609903812408447,0.5843,0.4638,0.7833,0.5919,High
2025-11-24,Treptow-Köpenick,275469,1635.6,12.694788932800291,15.481324195861816,16.78476333618164,34.57988739013672,2.353704929351806,0.5878,0.1121,0.8955,0.4982,Medium
2025-11-25,Charlottenburg-Wilmersdorf,344207,5316.8,22.3201904296875,25.55120658874512,23.10411071777344,14.653629302978516,4.589960098266602,0.7013,0.3645,0.9069,0.6348,High
2025-11-25,Friedrichshain-Kreuzberg,294099,14588.2,21.91544532775879,24.9925479888916,19.7141227722168,16.666412353515625,4.116469860076904,0.6689,1.0,0.6755,0.7864,High
2025-11-25,Lichtenberg,298187,5702.6,21.78949546813965,24.631690979003903,15.775294303894045,19.531646728515625,3.8203725814819336,0.6337,0.3909,0.9367,0.6245,High
2025-11-25,Marzahn-Hellersdorf,265225,4295.8,21.272640228271484,23.88838195800781,13.257880210876465,21.904260635375977,3.649040460586548,0.6106,0.2945,0.9116,0.5752,High
2025-11-25,Mitte,386181,9784.2,22.3201904296875,25.55120658874512,23.10411071777344,14.653629302978516,4.589960098266602,0.7013,0.6707,0.8792,0.7351,High
2025-11-25,Neukölln,328826,7318.6,21.843751907348636,25.00858497619629,21.46563148498535,16.98161506652832,3.725832223892212,0.6866,0.5017,0.8578,0.6647,High
2025-11-25,Pankow,415257,4031.2,21.91544532775879,24.9925479888916,19.7141227722168,16.666412353515625,4.116469860076904,0.6689,0.2763,0.6883,0.5363,Medium
2025-11-25,Reinickendorf,268568,3001.1,22.3201904296875,25.55120658874512,23.10411071777344,14.653629302978516,4.589960098266602,0.7013,0.2057,0.9566,0.5917,High
2025-11-25,Spandau,243977,2654.5,22.15031623840332,25.269081115722656,24.34870719909668,13.296883583068848,4.309799671173096,0.7097,0.182,0.9761,0.5916,High
2025-11-25,Steglitz-Zehlendorf,308080,3006.0,21.544343948364254,24.52695655822754,24.59018898010254,13.22708797454834,3.793816804885864,0.7089,0.2061,0.8613,0.571,High
2025-11-25,Tempelhof-Schöneberg,359199,6765.9,22.03644752502441,25.16786766052246,24.55206298828125,14.444512367248535,3.973067283630371,0.7133,0.4638,0.801,0.6479,High
2025-11-25,Treptow-Köpenick,275469,1635.6,21.440948486328125,24.370317459106445,17.502063751220703,19.400903701782227,3.474946975708008,0.6494,0.1121,0.901,0.5242,Medium
2025-11-26,Charlottenburg-Wilmersdorf,344207,5316.8,16.07501983642578,18.31405639648437,12.898396492004396,34.64904022216797,2.289199113845825,0.6122,0.3645,0.8757,0.5914,High
2025-11-26,Friedrichshain-Kreuzberg,294099,14588.2,15.698918342590332,17.92034912109375,12.575721740722656,34.51355743408203,2.340588092803955,0.6074,1.0,0.68,0.763,High
2025-11-26,Lichtenberg,298187,5702.6,15.445083618164062,17.556127548217773,10.627524375915527,35.89058303833008,2.45417857170105,0.5896,0.3909,0.9348,0.6064,High
2025-11-26,Marzahn-Hellersdorf,265225,4295.8,14.682854652404783,16.992141723632812,8.312456130981445,37.44344711303711,2.5069000720977783,0.5604,0.2945,0.9381,0.5618,High
2025-11-26,Mitte,386181,9784.2,16.07501983642578,18.31405639648437,12.898396492004396,34.64904022216797,2.289199113845825,0.6122,0.6707,0.9375,0.714,High
2025-11-26,Neukölln,328826,7318.6,16.544658660888672,18.997753143310547,16.789459228515625,32.805870056152344,2.827611923217773,0.6504,0.5017,0.8625,0.6514,High
2025-11-26,Pankow,415257,4031.2,15.698918342590332,17.92034912109375,12.575721740722656,34.51355743408203,2.340588092803955,0.6074,0.2763,0.6932,0.513,Medium
2025-11-26,Reinickendorf,268568,3001.1,16.07501983642578,18.31405639648437,12.898396492004396,34.64904022216797,2.289199113845825,0.6122,0.2057,1.0,0.5669,High
2025-11-26,Spandau,243977,2654.5,16.009801864624023,18.279502868652344,11.217453956604004,35.935420989990234,2.0768027305603027,0.5976,0.182,0.9947,0.5514,High
2025-11-26,Steglitz-Zehlendorf,308080,3006.0,16.284666061401367,18.50740623474121,12.984798431396484,34.86027145385742,2.2906439304351807,0.6141,0.2061,0.8973,0.5421,Medium
2025-11-26,Tempelhof-Schöneberg,359199,6765.9,16.793699264526367,19.199682235717773,16.679893493652344,32.70194625854492,2.705497026443481,0.6496,0.4638,0.7922,0.6202,High
2025-11-26,Treptow-Köpenick,275469,1635.6,16.0709171295166,18.473058700561523,14.29148006439209,34.195560455322266,2.886880874633789,0.6265,0.1121,0.9016,0.5152,Medium
2025-11-27,Charlottenburg-Wilmersdorf,344207,5316.8,14.203951835632324,17.258745193481445,17.546865463256836,34.36148452758789,1.7640401124954224,0.6354,0.3645,0.8845,0.6029,High
2025-11-27,Friedrichshain-Kreuzberg,294099,14588.2,14.204358100891112,17.251882553100586,18.200063705444336,33.42486953735352,1.7945419549942017,0.64,1.0,0.6462,0.7676,High
2025-11-27,Lichtenberg,298187,5702.6,14.10813808441162,17.133819580078125,17.363248825073242,33.412452697753906,1.855967164039612,0.6291,0.3909,0.9109,0.6162,High
2025-11-27,Marzahn-Hellersdorf,265225,4295.8,13.497509956359863,16.42024803161621,15.15700626373291,34.41339492797852,1.7267626523971558,0.5922,0.2945,0.9209,0.5702,High
2025-11-27,Mitte,386181,9784.2,14.203951835632324,17.258745193481445,17.546865463256836,34.36148452758789,1.7640401124954224,0.6354,0.6707,0.8952,0.7127,High
2025-11-27,Neukölln,328826,7318.6,13.487503051757812,16.46739387512207,15.2839994430542,36.235652923583984,1.71372652053833,0.5971,0.5017,0.8753,0.6333,High
2025-11-27,Pankow,415257,4031.2,14.204358100891112,17.251882553100586,18.200063705444336,33.42486953735352,1.7945419549942017,0.64,0.2763,0.6842,0.5238,Medium
2025-11-27,Reinickendorf,268568,3001.1,14.203951835632324,17.258745193481445,17.546865463256836,34.36148452758789,1.7640401124954224,0.6354,0.2057,0.9882,0.5732,High
2025-11-27,Spandau,243977,2654.5,13.543792724609377,16.19886589050293,14.495227813720703,36.28328323364258,1.4151562452316284,0.5893,0.182,1.0,0.5494,Medium
2025-11-27,Steglitz-Zehlendorf,308080,3006.0,12.572796821594238,15.395652770996094,13.225157737731934,38.02097702026367,1.438411831855774,0.5548,0.2061,0.8721,0.5121,Medium
2025-11-27,Tempelhof-Schöneberg,359199,6765.9,13.371044158935549,16.294158935546875,14.686324119567873,36.7655143737793,1.6281027793884275,0.5887,0.4638,0.7935,0.5962,High
2025-11-27,Treptow-Köpenick,275469,1635.6,13.580276489257812,16.390457153320312,15.235408782958984,36.79545593261719,1.7373509407043457,0.5996,0.1121,0.8915,0.502,Medium
2025-11-28,Charlottenburg-Wilmersdorf,344207,5316.8,9.88336181640625,12.255972862243652,19.100486755371094,29.522924423217773,2.174656629562378,0.5242,0.3645,0.851,0.55,High
2025-11-28,Friedrichshain-Kreuzberg,294099,14588.2,9.85640811920166,12.25214385986328,19.163843154907227,29.924924850463867,2.285917043685913,0.5252,1.0,0.6536,0.7235,High
2025-11-28,Lichtenberg,298187,5702.6,9.75624942779541,12.168315887451172,17.246034622192383,31.252817153930664,2.2779417037963867,0.506,0.3909,0.9091,0.5665,High
2025-11-28,Marzahn-Hellersdorf,265225,4295.8,9.043060302734377,11.348076820373535,13.977940559387209,33.45283126831055,2.08479642868042,0.4581,0.2945,0.9332,0.5196,Medium
2025-11-28,Mitte,386181,9784.2,9.88336181640625,12.255972862243652,19.100486755371094,29.522924423217773,2.174656629562378,0.5242,0.6707,0.8809,0.6646,High
2025-11-28,Neukölln,328826,7318.6,8.90119457244873,11.090717315673828,14.590876579284668,33.24241256713867,1.9181933403015137,0.4595,0.5017,0.8633,0.5752,High
2025-11-28,Pankow,415257,4031.2,9.85640811920166,12.25214385986328,19.163843154907227,29.924924850463867,2.285917043685913,0.5252,0.2763,0.6755,0.4757,Medium
2025-11-28,Reinickendorf,268568,3001.1,9.88336181640625,12.255972862243652,19.100486755371094,29.522924423217773,2.174656629562378,0.5242,0.2057,0.9439,0.5176,Medium
2025-11-28,Spandau,243977,2654.5,9.322707176208496,11.544474601745604,16.78270721435547,31.068696975708008,1.723391890525818,0.4881,0.182,1.0,0.5089,Medium
2025-11-28,Steglitz-Zehlendorf,308080,3006.0,8.236883163452148,10.380005836486816,13.776589393615724,32.626590728759766,1.631791591644287,0.4319,0.2061,0.8799,0.4649,Medium
2025-11-28,Tempelhof-Schöneberg,359199,6765.9,8.838183403015137,11.00850772857666,14.580032348632812,32.36522674560547,1.8702296018600464,0.4558,0.4638,0.796,0.5436,Medium
2025-11-28,Treptow-Köpenick,275469,1635.6,8.992709159851074,11.147503852844238,14.545815467834473,34.9467658996582,2.0237607955932617,0.4649,0.1121,0.9086,0.4523,Medium
2025-11-29,Charlottenburg-Wilmersdorf,344207,5316.8,11.468459129333496,14.216797828674316,18.61956214904785,16.655061721801758,1.8386114835739136,0.5368,0.3645,0.9051,0.5686,High
2025-11-29,Friedrichshain-Kreuzberg,294099,14588.2,11.73355197906494,14.511955261230469,18.978240966796875,16.4368953704834,1.9010199308395384,0.5472,1.0,0.6559,0.7329,High
2025-11-29,Lichtenberg,298187,5702.6,11.857245445251465,14.490837097167969,17.879724502563477,18.175235748291016,1.8676409721374512,0.5425,0.3909,0.9363,0.5879,High
2025-11-29,Marzahn-Hellersdorf,265225,4295.8,11.445212364196776,14.087506294250488,14.6829252243042,20.48992729187012,1.6692471504211426,0.5039,0.2945,0.9485,0.5418,Medium
2025-11-29,Mitte,386181,9784.2,11.468459129333496,14.216797828674316,18.61956214904785,16.655061721801758,1.8386114835739136,0.5368,0.6707,0.9335,0.6828,High
2025-11-29,Neukölln,328826,7318.6,10.854934692382812,13.22835922241211,15.33505916595459,20.02977561950684,1.6260671615600586,0.4928,0.5017,0.8994,0.5976,High
2025-11-29,Pankow,415257,4031.2,11.73355197906494,14.511955261230469,18.978240966796875,16.4368953704834,1.9010199308395384,0.5472,0.2763,0.6997,0.4905,Medium
2025-11-29,Reinickendorf,268568,3001.1,11.468459129333496,14.216797828674316,18.61956214904785,16.655061721801758,1.8386114835739136,0.5368,0.2057,1.0,0.5367,Medium
2025-11-29,Spandau,243977,2654.5,10.812678337097168,13.30319118499756,16.274703979492188,18.609111785888672,1.604303240776062,0.4986,0.182,1.0,0.5131,Medium
2025-11-29,Steglitz-Zehlendorf,308080,3006.0,9.575087547302246,11.715042114257812,13.37905216217041,20.90641975402832,1.340572476387024,0.4397,0.2061,0.852,0.461,Medium
2025-11-29,Tempelhof-Schöneberg,359199,6765.9,10.464289665222168,12.612811088562012,14.862637519836426,20.33133888244629,1.558867573738098,0.4774,0.4638,0.8217,0.5587,High
2025-11-29,Treptow-Köpenick,275469,1635.6,11.056438446044922,13.428587913513184,15.15276050567627,20.751277923583984,1.6488832235336304,0.4978,0.1121,0.9106,0.466,Medium
2025-11-30,Charlottenburg-Wilmersdorf,344207,5316.8,10.434175491333008,12.846991539001465,16.3338680267334,22.407426834106445,1.8518171310424805,0.4968,0.3645,0.8907,0.549,Medium
2025-11-30,Friedrichshain-Kreuzberg,294099,14588.2,10.790584564208984,13.306599617004396,17.12774085998535,21.28765296936035,1.9747772216796875,0.5125,1.0,0.651,0.7177,High
2025-11-30,Lichtenberg,298187,5702.6,11.120867729187012,13.64502239227295,17.027597427368164,21.980972290039062,2.048516035079956,0.5218,0.3909,0.9446,0.5817,High
2025-11-30,Marzahn-Hellersdorf,265225,4295.8,11.16260814666748,13.571648597717283,15.550860404968262,22.959096908569336,1.9121211767196653,0.5095,0.2945,0.9468,0.5436,Medium
2025-11-30,Mitte,386181,9784.2,10.434175491333008,12.846991539001465,16.3338680267334,22.407426834106445,1.8518171310424805,0.4968,0.6707,0.921,0.6637,High
2025-11-30,Neukölln,328826,7318.6,10.230148315429688,12.600560188293455,14.929104804992676,24.249467849731445,1.7115583419799805,0.4806,0.5017,0.8827,0.5885,High
2025-11-30,Pankow,415257,4031.2,10.790584564208984,13.306599617004396,17.12774085998535,21.28765296936035,1.9747772216796875,0.5125,0.2763,0.6936,0.4751,Medium
2025-11-30,Reinickendorf,268568,3001.1,10.434175491333008,12.846991539001465,16.3338680267334,22.407426834106445,1.8518171310424805,0.4968,0.2057,0.9599,0.5107,Medium
2025-11-30,Spandau,243977,2654.5,9.676005363464355,11.94143772125244,14.168815612792969,24.46421813964844,1.5727869272232056,0.4582,0.182,1.0,0.497,Medium
2025-11-30,Steglitz-Zehlendorf,308080,3006.0,9.20000457763672,11.350597381591797,12.610061645507812,25.52831268310547,1.413554072380066,0.4314,0.2061,0.8358,0.4536,Medium
2025-11-30,Tempelhof-Schöneberg,359199,6765.9,9.791698455810549,12.068345069885254,14.203483581542969,24.658706665039062,1.5977044105529783,0.4621,0.4638,0.7906,0.5448,Medium
2025-11-30,Treptow-Köpenick,275469,1635.6,10.61485767364502,13.07091999053955,15.628907203674316,23.97197532653809,1.8156561851501465,0.4978,0.1121,0.8952,0.4622,Medium
2025-12-01,Charlottenburg-Wilmersdorf,344207,5316.8,9.558075904846191,12.915855407714844,20.958606719970703,37.23411560058594,2.258829116821289,0.553,0.3645,0.8757,0.5677,High
2025-12-01,Friedrichshain-Kreuzberg,294099,14588.2,9.646620750427246,13.0734281539917,21.791677474975582,35.00904083251953,2.3108620643615723,0.5595,1.0,0.6407,0.734,High
2025-12-01,Lichtenberg,298187,5702.6,9.8524751663208,13.507884979248049,21.066133499145508,35.36661148071289,2.292968273162842,0.5592,0.3909,0.9275,0.5924,High
2025-12-01,Marzahn-Hellersdorf,265225,4295.8,9.098706245422363,12.565963745117188,17.533058166503906,37.24489212036133,2.0346381664276123,0.5066,0.2945,0.9549,0.5444,Medium
2025-12-01,Mitte,386181,9784.2,9.558075904846191,12.915855407714844,20.958606719970703,37.23411560058594,2.258829116821289,0.553,0.6707,0.8984,0.6805,High
2025-12-01,Neukölln,328826,7318.6,9.108649253845217,12.591002464294434,17.5933895111084,37.0297966003418,2.0671966075897217,0.5071,0.5017,0.8749,0.5972,High
2025-12-01,Pankow,415257,4031.2,9.646620750427246,13.0734281539917,21.791677474975582,35.00904083251953,2.3108620643615723,0.5595,0.2763,0.7141,0.499,Medium
2025-12-01,Reinickendorf,268568,3001.1,9.558075904846191,12.915855407714844,20.958606719970703,37.23411560058594,2.258829116821289,0.553,0.2057,0.9582,0.5327,Medium
2025-12-01,Spandau,243977,2654.5,8.932458877563477,12.017359733581545,17.19173240661621,39.68046951293945,1.9300576448440552,0.5022,0.182,1.0,0.5146,Medium
2025-12-01,Steglitz-Zehlendorf,308080,3006.0,8.180768013000488,11.36820125579834,14.484129905700684,39.78962326049805,1.702391505241394,0.4553,0.2061,0.8704,0.4719,Medium
2025-12-01,Tempelhof-Schöneberg,359199,6765.9,8.89186954498291,12.316454887390137,16.674654006958008,37.8106803894043,1.9949513673782349,0.4934,0.4638,0.8092,0.562,High
2025-12-01,Treptow-Köpenick,275469,1635.6,9.21410083770752,12.842299461364746,18.17601776123047,37.440696716308594,2.06473159790039,0.517,0.1121,0.9229,0.4768,Medium
2025-12-02,Charlottenburg-Wilmersdorf,344207,5316.8,13.43740463256836,16.263586044311523,23.855417251586918,18.216066360473636,2.389039993286133,0.6457,0.3645,0.9474,0.6227,High
2025-12-02,Friedrichshain-Kreuzberg,294099,14588.2,13.301345825195312,16.001863479614258,22.287500381469727,18.92708969116211,2.215487480163574,0.6272,1.0,0.6837,0.7718,High
2025-12-02,Lichtenberg,298187,5702.6,13.022547721862791,15.77221965789795,18.133033752441406,21.277570724487305,1.9163994789123533,0.5827,0.3909,0.9661,0.6114,High
2025-12-02,Marzahn-Hellersdorf,265225,4295.8,12.380444526672363,14.931998252868652,14.603219032287598,23.070581436157227,1.6310796737670898,0.5329,0.2945,0.9825,0.5619,High
2025-12-02,Mitte,386181,9784.2,13.43740463256836,16.263586044311523,23.855417251586918,18.216066360473636,2.389039993286133,0.6457,0.6707,0.9122,0.7211,High
2025-12-02,Neukölln,328826,7318.6,12.507084846496582,15.283514976501465,19.58169174194336,20.684057235717773,1.8788808584213257,0.5823,0.5017,0.9136,0.6369,High
2025-12-02,Pankow,415257,4031.2,13.301345825195312,16.001863479614258,22.287500381469727,18.92708969116211,2.215487480163574,0.6272,0.2763,0.71,0.5251,Medium
2025-12-02,Reinickendorf,268568,3001.1,13.43740463256836,16.263586044311523,23.855417251586918,18.216066360473636,2.389039993286133,0.6457,0.2057,0.9753,0.5741,High
2025-12-02,Spandau,243977,2654.5,12.973373413085938,15.62121295928955,22.88224983215332,19.50832939147949,2.201355457305908,0.6254,0.182,0.9959,0.5628,High
2025-12-02,Steglitz-Zehlendorf,308080,3006.0,11.56161117553711,14.584903717041016,17.45413589477539,22.31364631652832,1.6678352355957031,0.5396,0.2061,0.864,0.504,Medium
2025-12-02,Tempelhof-Schöneberg,359199,6765.9,12.297385215759276,14.964751243591309,19.264440536499023,21.02458000183105,1.9094749689102173,0.5739,0.4638,0.816,0.5959,High
2025-12-02,Treptow-Köpenick,275469,1635.6,12.553881645202637,15.38626194000244,17.471067428588867,21.875991821289062,1.7969712018966677,0.5649,0.1121,0.8993,0.49,Medium
2025-12-03,Charlottenburg-Wilmersdorf,344207,5316.8,17.617719650268555,21.581823348999023,26.237215042114254,9.598587989807127,2.8204100131988525,0.6947,0.3645,0.9263,0.637,High
2025-12-03,Friedrichshain-Kreuzberg,294099,14588.2,17.231800079345703,20.527950286865234,23.15331268310547,11.108365058898926,2.5516178607940674,0.6754,1.0,0.6642,0.7862,High
2025-12-03,Lichtenberg,298187,5702.6,16.663267135620117,19.73539161682129,18.127073287963867,13.976805686950684,2.253511667251587,0.6278,0.3909,0.9729,0.6312,High
2025-12-03,Marzahn-Hellersdorf,265225,4295.8,16.042892456054688,18.75506401062012,14.69637966156006,15.811634063720703,2.436475992202759,0.5941,0.2945,0.994,0.5892,High
2025-12-03,Mitte,386181,9784.2,17.617719650268555,21.581823348999023,26.237215042114254,9.598587989807127,2.8204100131988525,0.6947,0.6707,0.9536,0.751,High
2025-12-03,Neukölln,328826,7318.6,15.881576538085938,19.25956153869629,20.861921310424805,14.464032173156738,2.119179010391236,0.6544,0.5017,0.9033,0.6632,High
2025-12-03,Pankow,415257,4031.2,17.231800079345703,20.527950286865234,23.15331268310547,11.108365058898926,2.5516178607940674,0.6754,0.2763,0.7019,0.5423,Medium
2025-12-03,Reinickendorf,268568,3001.1,17.617719650268555,21.581823348999023,26.237215042114254,9.598587989807127,2.8204100131988525,0.6947,0.2057,0.9633,0.5907,High
2025-12-03,Spandau,243977,2654.5,17.643686294555664,21.22348976135254,25.41351127624512,10.210528373718262,2.679693460464477,0.6945,0.182,1.0,0.5915,High
2025-12-03,Steglitz-Zehlendorf,308080,3006.0,15.526074409484863,19.221887588500977,19.121097564697266,15.095013618469238,1.996748805046081,0.638,0.2061,0.839,0.5371,Medium
2025-12-03,Tempelhof-Schöneberg,359199,6765.9,15.9921875,19.485979080200195,21.34505653381348,13.777491569519045,2.224427461624145,0.6587,0.4638,0.7946,0.6245,High
2025-12-03,Treptow-Köpenick,275469,1635.6,15.843788146972656,19.107892990112305,17.194271087646484,15.90322971343994,1.9253195524215696,0.6198,0.1121,0.9193,0.517,Medium
2025-12-04,Charlottenburg-Wilmersdorf,344207,5316.8,18.19727897644043,21.608381271362305,23.3397216796875,15.35870361328125,4.426392078399658,0.6917,0.3645,0.9675,0.6461,High
2025-12-04,Friedrichshain-Kreuzberg,294099,14588.2,17.887014389038086,21.393442153930664,20.000104904174805,16.760284423828125,4.288072109222412,0.6602,1.0,0.7112,0.7919,High
2025-12-04,Lichtenberg,298187,5702.6,18.382936477661133,21.38141632080078,15.708645820617676,18.598018646240234,3.9870548248291016,0.6205,0.3909,0.942,0.6205,High
2025-12-04,Marzahn-Hellersdorf,265225,4295.8,18.601163864135746,21.4879207611084,13.097636222839355,19.59910011291504,4.056124210357666,0.5969,0.2945,0.9487,0.579,High
2025-12-04,Mitte,386181,9784.2,18.19727897644043,21.608381271362305,23.3397216796875,15.35870361328125,4.426392078399658,0.6917,0.6707,0.9387,0.7461,High
2025-12-04,Neukölln,328826,7318.6,17.008935928344727,20.05203437805176,18.66231346130371,17.918487548828125,3.6583757400512695,0.6439,0.5017,0.9058,0.6596,High
2025-12-04,Pankow,415257,4031.2,17.887014389038086,21.393442153930664,20.000104904174805,16.760284423828125,4.288072109222412,0.6602,0.2763,0.6986,0.5354,Medium
2025-12-04,Reinickendorf,268568,3001.1,18.19727897644043,21.608381271362305,23.3397216796875,15.35870361328125,4.426392078399658,0.6917,0.2057,1.0,0.5987,High
2025-12-04,Spandau,243977,2654.5,17.73455238342285,21.18219566345215,24.09015846252441,14.461174964904783,4.202847003936768,0.6957,0.182,1.0,0.592,High
2025-12-04,Steglitz-Zehlendorf,308080,3006.0,16.52109718322754,19.772048950195312,19.316503524780277,17.356508255004883,3.072993040084839,0.6476,0.2061,0.8274,0.538,Medium
2025-12-04,Tempelhof-Schöneberg,359199,6765.9,16.7684383392334,20.069263458251957,20.12636375427246,16.93416404724121,3.732607126235962,0.6567,0.4638,0.8119,0.628,High
2025-12-04,Treptow-Köpenick,275469,1635.6,17.556978225708008,20.36676979064941,15.849888801574709,19.215412139892575,3.689495086669922,0.6194,0.1121,0.9645,0.5281,Medium
2025-12-05,Charlottenburg-Wilmersdorf,344207,5316.8,27.93577003479004,32.03927230834961,24.6487979888916,4.925197124481201,4.604227066040039,0.7189,0.3645,0.9368,0.6493,High
2025-12-05,Friedrichshain-Kreuzberg,294099,14588.2,27.588350296020508,32.25552749633789,24.45247840881348,4.9280266761779785,4.612608432769775,0.7177,1.0,0.7079,0.8141,High
2025-12-05,Lichtenberg,298187,5702.6,27.54155921936035,31.958375930786133,23.48078727722168,5.71889066696167,4.511266231536865,0.7084,0.3909,0.9281,0.6522,High
2025-12-05,Marzahn-Hellersdorf,265225,4295.8,26.75713348388672,31.114809036254883,22.541845321655277,6.9333930015563965,4.297786235809326,0.6984,0.2945,0.9284,0.6145,High
2025-12-05,Mitte,386181,9784.2,27.93577003479004,32.03927230834961,24.6487979888916,4.925197124481201,4.604227066040039,0.7189,0.6707,0.8958,0.7463,High
2025-12-05,Neukölln,328826,7318.6,27.092254638671875,31.39602851867676,24.65651130676269,6.411101818084717,4.145451068878174,0.7192,0.5017,0.9053,0.6896,High
2025-12-05,Pankow,415257,4031.2,27.588350296020508,32.25552749633789,24.45247840881348,4.9280266761779785,4.612608432769775,0.7177,0.2763,0.6903,0.5564,High
2025-12-05,Reinickendorf,268568,3001.1,27.93577003479004,32.03927230834961,24.6487979888916,4.925197124481201,4.604227066040039,0.7189,0.2057,0.9871,0.6063,High
2025-12-05,Spandau,243977,2654.5,27.146055221557617,30.97127342224121,23.489301681518555,5.360574722290039,4.05006217956543,0.7039,0.182,0.992,0.5933,High
2025-12-05,Steglitz-Zehlendorf,308080,3006.0,25.72257804870605,29.49297523498535,22.781362533569336,6.551466464996338,3.522504568099976,0.6936,0.2061,0.7993,0.5494,Medium
2025-12-05,Tempelhof-Schöneberg,359199,6765.9,26.801963806152344,30.61696052551269,24.82616233825684,6.111974716186523,3.985638380050659,0.7175,0.4638,0.7699,0.6418,High
2025-12-05,Treptow-Köpenick,275469,1635.6,26.76443290710449,30.9218692779541,23.81619071960449,6.766807556152344,4.188913822174072,0.71,0.1121,0.9283,0.5553,High
2025-12-06,Charlottenburg-Wilmersdorf,344207,5316.8,13.798462867736816,16.268434524536133,17.921682357788086,24.293983459472656,2.3046114444732666,0.6069,0.3645,0.9453,0.6067,High
2025-12-06,Friedrichshain-Kreuzberg,294099,14588.2,13.4290771484375,16.129791259765625,17.11577033996582,25.172292709350582,2.206362247467041,0.5914,1.0,0.6801,0.7566,High
2025-12-06,Lichtenberg,298187,5702.6,13.266955375671388,15.933987617492676,14.2964448928833,27.415239334106445,2.0250496864318848,0.563,0.3909,0.9542,0.6006,High
2025-12-06,Marzahn-Hellersdorf,265225,4295.8,12.605712890625,15.321727752685549,11.201224327087402,29.06104278564453,1.889173150062561,0.5177,0.2945,0.9873,0.557,High
2025-12-06,Mitte,386181,9784.2,13.798462867736816,16.268434524536133,17.921682357788086,24.293983459472656,2.3046114444732666,0.6069,0.6707,0.9598,0.7175,High
2025-12-06,Neukölln,328826,7318.6,12.58326816558838,15.113563537597656,14.345599174499512,28.16816711425781,1.7406779527664185,0.546,0.5017,0.9173,0.6233,High
2025-12-06,Pankow,415257,4031.2,13.4290771484375,16.129791259765625,17.11577033996582,25.172292709350582,2.206362247467041,0.5914,0.2763,0.666,0.4998,Medium
2025-12-06,Reinickendorf,268568,3001.1,13.798462867736816,16.268434524536133,17.921682357788086,24.293983459472656,2.3046114444732666,0.6069,0.2057,1.0,0.5648,High
2025-12-06,Spandau,243977,2654.5,13.668145179748535,15.940505027770996,16.779691696166992,25.08760070800781,1.950061321258545,0.5925,0.182,1.0,0.5507,High
2025-12-06,Steglitz-Zehlendorf,308080,3006.0,12.700251579284668,14.907538414001465,12.681446075439451,28.05760383605957,1.5812186002731323,0.5309,0.2061,0.8476,0.4964,Medium
2025-12-06,Tempelhof-Schöneberg,359199,6765.9,12.776199340820312,15.340605735778809,14.239275932312012,27.301416397094727,1.7314878702163696,0.5484,0.4638,0.815,0.5854,High
2025-12-06,Treptow-Köpenick,275469,1635.6,12.551295280456545,15.214943885803224,13.018816947937012,29.334985733032227,1.7231909036636353,0.5346,0.1121,0.9207,0.4832,Medium
2025-12-07,Charlottenburg-Wilmersdorf,344207,5316.8,7.265850067138672,10.08074951171875,16.79440689086914,29.637102127075195,1.9966892004013064,0.4329,0.3645,0.911,0.5285,Medium
2025-12-07,Friedrichshain-Kreuzberg,294099,14588.2,7.442619800567627,10.342873573303224,16.643831253051758,29.22443389892578,1.9514884948730469,0.4355,1.0,0.6866,0.6958,High
2025-12-07,Lichtenberg,298187,5702.6,7.434905529022217,10.372607231140137,15.029621124267578,30.68878173828125,1.8640435934066768,0.4221,0.3909,0.887,0.5274,Medium
2025-12-07,Marzahn-Hellersdorf,265225,4295.8,7.236581802368164,9.97618579864502,11.410351753234863,32.59367752075195,1.678593635559082,0.3835,0.2945,0.9868,0.5032,Medium
2025-12-07,Mitte,386181,9784.2,7.265850067138672,10.08074951171875,16.79440689086914,29.637102127075195,1.9966892004013064,0.4329,0.6707,1.0,0.6579,High
2025-12-07,Neukölln,328826,7318.6,6.567183017730713,9.324749946594238,11.927023887634276,32.9953727722168,1.6372021436691284,0.3716,0.5017,0.9131,0.5525,High
2025-12-07,Pankow,415257,4031.2,7.442619800567627,10.342873573303224,16.643831253051758,29.22443389892578,1.9514884948730469,0.4355,0.2763,0.6698,0.4384,Medium
2025-12-07,Reinickendorf,268568,3001.1,7.265850067138672,10.08074951171875,16.79440689086914,29.637102127075195,1.9966892004013064,0.4329,0.2057,0.9824,0.4908,Medium
2025-12-07,Spandau,243977,2654.5,6.895243167877197,9.505352973937988,14.22223949432373,31.78567314147949,1.5818418264389038,0.4003,0.182,1.0,0.4738,Medium
2025-12-07,Steglitz-Zehlendorf,308080,3006.0,6.220482349395752,8.68010139465332,10.677603721618652,33.78848648071289,1.333336353302002,0.3501,0.2061,0.9213,0.4425,Medium
2025-12-07,Tempelhof-Schöneberg,359199,6765.9,6.50033712387085,9.218645095825195,11.823436737060549,32.73897171020508,1.569553256034851,0.3681,0.4638,0.8915,0.5324,Medium
2025-12-07,Treptow-Köpenick,275469,1635.6,6.58997106552124,9.24330997467041,11.834425926208496,34.27864074707031,1.6160632371902466,0.3735,0.1121,0.8721,0.4067,Medium
2025-12-08,Charlottenburg-Wilmersdorf,344207,5316.8,5.783721446990967,8.136881828308105,13.081522941589355,42.75014114379883,1.5704599618911743,0.3804,0.3645,0.8807,0.4999,Medium
2025-12-08,Friedrichshain-Kreuzberg,294099,14588.2,5.9846062660217285,8.575936317443848,14.538836479187012,40.948978424072266,1.6711411476135254,0.3976,1.0,0.6449,0.6703,High
2025-12-08,Lichtenberg,298187,5702.6,6.110236644744873,8.707805633544922,14.071334838867188,40.87714767456055,1.6910759210586548,0.3962,0.3909,0.8941,0.5188,Medium
2025-12-08,Marzahn-Hellersdorf,265225,4295.8,6.016442775726318,8.566792488098145,12.617087364196776,41.61668395996094,1.6190844774246216,0.3804,0.2945,0.9054,0.4816,Medium
2025-12-08,Mitte,386181,9784.2,5.783721446990967,8.136881828308105,13.081522941589355,42.75014114379883,1.5704599618911743,0.3804,0.6707,0.9223,0.6175,High
2025-12-08,Neukölln,328826,7318.6,5.475220203399658,7.760112285614014,11.665969848632812,43.5164909362793,1.4790725708007812,0.3592,0.5017,0.8471,0.531,Medium
2025-12-08,Pankow,415257,4031.2,5.9846062660217285,8.575936317443848,14.538836479187012,40.948978424072266,1.6711411476135254,0.3976,0.2763,0.6395,0.4156,Medium
2025-12-08,Reinickendorf,268568,3001.1,5.783721446990967,8.136881828308105,13.081522941589355,42.75014114379883,1.5704599618911743,0.3804,0.2057,0.9915,0.472,Medium
2025-12-08,Spandau,243977,2654.5,5.401231288909912,7.6000823974609375,10.585204124450684,44.77928161621094,1.3410621881484983,0.3484,0.182,1.0,0.4531,Medium
2025-12-08,Steglitz-Zehlendorf,308080,3006.0,4.852838039398193,7.156654357910156,9.11047649383545,45.61968612670898,1.1602433919906616,0.3209,0.2061,0.8612,0.4158,Medium
2025-12-08,Tempelhof-Schöneberg,359199,6765.9,5.30302095413208,7.579209804534912,11.18399429321289,44.1248664855957,1.3901104927062988,0.3508,0.4638,0.7954,0.5015,Medium
2025-12-08,Treptow-Köpenick,275469,1635.6,5.49592924118042,7.815149784088135,11.319300651550291,43.8148193359375,1.4850026369094849,0.357,0.1121,0.8286,0.3892,Medium
2025-12-09,Charlottenburg-Wilmersdorf,344207,5316.8,6.300220966339111,9.261216163635254,19.3037052154541,38.20333862304688,1.7688344717025757,0.4495,0.3645,0.8698,0.5248,Medium
2025-12-09,Friedrichshain-Kreuzberg,294099,14588.2,6.41002893447876,9.444390296936035,20.544246673583984,37.18144607543945,1.8166388273239136,0.4631,1.0,0.6717,0.7032,High
2025-12-09,Lichtenberg,298187,5702.6,6.515718936920166,9.5250883102417,19.577268600463867,37.71116256713867,1.7395716905593872,0.4572,0.3909,0.8766,0.5388,Medium
2025-12-09,Marzahn-Hellersdorf,265225,4295.8,6.194376468658447,9.12058162689209,16.79862403869629,39.42041397094727,1.541965126991272,0.4237,0.2945,0.9304,0.5052,Medium
2025-12-09,Mitte,386181,9784.2,6.300220966339111,9.261216163635254,19.3037052154541,38.20333862304688,1.7688344717025757,0.4495,0.6707,0.9067,0.6412,High
2025-12-09,Neukölln,328826,7318.6,5.701897144317627,8.625739097595215,15.681267738342283,40.63080596923828,1.5801533460617063,0.4018,0.5017,0.8509,0.549,Medium
2025-12-09,Pankow,415257,4031.2,6.41002893447876,9.444390296936035,20.544246673583984,37.18144607543945,1.8166388273239136,0.4631,0.2763,0.6366,0.4411,Medium
2025-12-09,Reinickendorf,268568,3001.1,6.300220966339111,9.261216163635254,19.3037052154541,38.20333862304688,1.7688344717025757,0.4495,0.2057,0.9606,0.4919,Medium
2025-12-09,Spandau,243977,2654.5,5.755809307098389,8.481963157653809,15.698033332824709,40.9216423034668,1.370964527130127,0.4031,0.182,1.0,0.4749,Medium
2025-12-09,Steglitz-Zehlendorf,308080,3006.0,4.987818241119385,7.960479259490967,13.497967720031738,41.97266006469727,1.1533929109573364,0.3633,0.2061,0.8216,0.4229,Medium
2025-12-09,Tempelhof-Schöneberg,359199,6765.9,5.590227127075195,8.552270889282227,15.201611518859863,40.868595123291016,1.475934982299805,0.3945,0.4638,0.8142,0.5237,Medium
2025-12-09,Treptow-Köpenick,275469,1635.6,5.760042667388916,8.65204906463623,15.749046325683594,40.85581588745117,1.5033903121948242,0.4043,0.1121,0.876,0.42,Medium
2025-12-10,Charlottenburg-Wilmersdorf,344207,5316.8,7.9195685386657715,11.498021125793455,15.680970191955566,24.876134872436523,1.787105679512024,0.4319,0.3645,0.8884,0.5224,Medium
2025-12-10,Friedrichshain-Kreuzberg,294099,14588.2,8.222735404968262,11.983688354492188,18.01828384399414,22.753341674804688,1.9356881380081177,0.4599,1.0,0.7079,0.7109,High
2025-12-10,Lichtenberg,298187,5702.6,8.486100196838379,12.11279296875,18.307241439819336,21.94927406311035,2.078901052474976,0.468,0.3909,0.8813,0.5443,Medium
2025-12-10,Marzahn-Hellersdorf,265225,4295.8,8.303378105163574,11.787314414978027,17.13580322265625,22.277008056640625,1.9835419654846191,0.4514,0.2945,0.9076,0.5105,Medium
2025-12-10,Mitte,386181,9784.2,7.9195685386657715,11.498021125793455,15.680970191955566,24.876134872436523,1.787105679512024,0.4319,0.6707,0.9146,0.6362,High
2025-12-10,Neukölln,328826,7318.6,7.509897232055664,10.963287353515623,14.935782432556152,25.99225616455078,1.7228723764419556,0.4153,0.5017,0.8466,0.5534,High
2025-12-10,Pankow,415257,4031.2,8.222735404968262,11.983688354492188,18.01828384399414,22.753341674804688,1.9356881380081177,0.4599,0.2763,0.6304,0.4383,Medium
2025-12-10,Reinickendorf,268568,3001.1,7.9195685386657715,11.498021125793455,15.680970191955566,24.876134872436523,1.787105679512024,0.4319,0.2057,0.9731,0.488,Medium
2025-12-10,Spandau,243977,2654.5,7.434438228607178,10.831698417663574,12.403855323791504,27.067781448364254,1.5490764379501345,0.3897,0.182,0.9906,0.4672,Medium
2025-12-10,Steglitz-Zehlendorf,308080,3006.0,6.865725040435791,10.153626441955566,11.702244758605955,28.16327476501465,1.2983410358428955,0.369,0.2061,0.7981,0.4193,Medium
2025-12-10,Tempelhof-Schöneberg,359199,6765.9,7.328685760498047,10.787211418151855,13.894752502441406,26.734846115112305,1.5907034873962402,0.4014,0.4638,0.7828,0.5186,Medium
2025-12-10,Treptow-Köpenick,275469,1635.6,7.691309452056885,11.071642875671388,15.475462913513184,25.03241729736328,1.77151358127594,0.4234,0.1121,0.8729,0.4268,Medium
2025-12-11,Charlottenburg-Wilmersdorf,344207,5316.8,9.933201789855955,14.788371086120604,13.124062538146973,45.42702102661133,1.901490807533264,0.5055,0.3645,0.9145,0.5584,High
2025-12-11,Friedrichshain-Kreuzberg,294099,14588.2,10.037529945373535,14.86386013031006,14.823875427246094,43.71982192993164,2.013170003890991,0.522,1.0,0.6739,0.7273,High
2025-12-11,Lichtenberg,298187,5702.6,10.306050300598145,15.019410133361816,15.351947784423828,43.0929069519043,2.1199867725372314,0.5329,0.3909,0.93,0.5825,High
2025-12-11,Marzahn-Hellersdorf,265225,4295.8,9.93582248687744,14.6649751663208,14.403114318847656,42.887332916259766,2.0583419799804688,0.5131,0.2945,0.9217,0.5387,Medium
2025-12-11,Mitte,386181,9784.2,9.933201789855955,14.788371086120604,13.124062538146973,45.42702102661133,1.901490807533264,0.5055,0.6707,0.9714,0.6798,High
2025-12-11,Neukölln,328826,7318.6,9.676688194274902,14.57689380645752,12.97867488861084,45.20479965209961,1.8800649642944336,0.4969,0.5017,0.891,0.5971,High
2025-12-11,Pankow,415257,4031.2,10.037529945373535,14.86386013031006,14.823875427246094,43.71982192993164,2.013170003890991,0.522,0.2763,0.6679,0.4725,Medium
2025-12-11,Reinickendorf,268568,3001.1,9.933201789855955,14.788371086120604,13.124062538146973,45.42702102661133,1.901490807533264,0.5055,0.2057,1.0,0.5242,Medium
2025-12-11,Spandau,243977,2654.5,9.460111618041992,14.508275032043455,10.60494327545166,47.09049606323242,1.7142682075500488,0.4715,0.182,1.0,0.5023,Medium
2025-12-11,Steglitz-Zehlendorf,308080,3006.0,8.999251365661621,13.958910942077637,9.980623245239258,47.5867805480957,1.5525137186050415,0.4534,0.2061,0.845,0.4647,Medium
2025-12-11,Tempelhof-Schöneberg,359199,6765.9,9.522462844848633,14.512706756591797,12.040519714355469,46.22043228149414,1.8071966171264648,0.4857,0.4638,0.8519,0.5696,High
2025-12-11,Treptow-Köpenick,275469,1635.6,9.782755851745604,14.527716636657717,13.692832946777344,44.67692565917969,2.007159948348999,0.5055,0.1121,0.9083,0.4685,Medium
2025-12-12,Charlottenburg-Wilmersdorf,344207,5316.8,14.881218910217283,19.33963394165039,27.08672523498535,16.64171028137207,2.908946990966797,0.6986,0.3645,0.9201,0.637,High
2025-12-12,Friedrichshain-Kreuzberg,294099,14588.2,14.34447956085205,18.84444236755371,28.10313606262207,16.004629135131836,3.032068967819214,0.6833,1.0,0.7128,0.8015,High
2025-12-12,Lichtenberg,298187,5702.6,13.72968578338623,18.6031436920166,26.786645889282227,16.547351837158203,2.952171564102173,0.6692,0.3909,0.9748,0.6482,High
2025-12-12,Marzahn-Hellersdorf,265225,4295.8,12.503761291503906,17.034786224365234,23.4072322845459,18.880226135253903,2.76077651977539,0.6238,0.2945,0.9521,0.5906,High
2025-12-12,Mitte,386181,9784.2,14.881218910217283,19.33963394165039,27.08672523498535,16.64171028137207,2.908946990966797,0.6986,0.6707,0.9077,0.7411,High
2025-12-12,Neukölln,328826,7318.6,12.746697425842283,17.42749786376953,23.20607566833496,18.41806030273437,2.606403112411499,0.6277,0.5017,0.8736,0.6451,High
2025-12-12,Pankow,415257,4031.2,14.34447956085205,18.84444236755371,28.10313606262207,16.004629135131836,3.032068967819214,0.6833,0.2763,0.6888,0.5422,Medium
2025-12-12,Reinickendorf,268568,3001.1,14.881218910217283,19.33963394165039,27.08672523498535,16.64171028137207,2.908946990966797,0.6986,0.2057,0.994,0.5999,High
2025-12-12,Spandau,243977,2654.5,14.05478572845459,18.23151588439941,23.41806983947754,18.25917625427246,2.520429372787476,0.6626,0.182,0.9819,0.5742,High
2025-12-12,Steglitz-Zehlendorf,308080,3006.0,12.346370697021484,16.55713653564453,19.528579711914062,20.26191520690918,2.043173551559448,0.5816,0.2061,0.8605,0.5199,Medium
2025-12-12,Tempelhof-Schöneberg,359199,6765.9,12.90566635131836,17.404081344604492,22.090049743652344,19.200489044189453,2.576474905014038,0.6217,0.4638,0.8239,0.617,High
2025-12-12,Treptow-Köpenick,275469,1635.6,12.60662841796875,17.14189910888672,23.5582332611084,18.4490966796875,2.5588037967681885,0.627,0.1121,0.9316,0.5229,Medium
2025-12-13,Charlottenburg-Wilmersdorf,344207,5316.8,15.93846035003662,19.02000999450684,15.955822944641112,26.89430046081543,2.0115487575531006,0.6293,0.3645,0.9089,0.6065,High
2025-12-13,Friedrichshain-Kreuzberg,294099,14588.2,15.718254089355469,18.9388370513916,17.54969596862793,25.58329963684082,2.0884768962860107,0.6424,1.0,0.7213,0.7873,High
2025-12-13,Lichtenberg,298187,5702.6,15.741604804992676,18.921527862548828,16.864816665649414,25.91156578063965,2.050347089767456,0.6361,0.3909,0.9245,0.6224,High
2025-12-13,Marzahn-Hellersdorf,265225,4295.8,15.068470001220703,18.46156883239746,14.831521034240724,26.85835266113281,1.8404127359390257,0.6159,0.2945,0.9694,0.5918,High
2025-12-13,Mitte,386181,9784.2,15.93846035003662,19.02000999450684,15.955822944641112,26.89430046081543,2.0115487575531006,0.6293,0.6707,0.9477,0.7234,High
2025-12-13,Neukölln,328826,7318.6,15.070332527160645,18.216794967651367,14.64636516571045,27.36661720275879,1.7591900825500488,0.6141,0.5017,0.939,0.656,High
2025-12-13,Pankow,415257,4031.2,15.718254089355469,18.9388370513916,17.54969596862793,25.58329963684082,2.0884768962860107,0.6424,0.2763,0.6767,0.5228,Medium
2025-12-13,Reinickendorf,268568,3001.1,15.93846035003662,19.02000999450684,15.955822944641112,26.89430046081543,2.0115487575531006,0.6293,0.2057,1.0,0.5737,High
2025-12-13,Spandau,243977,2654.5,15.39163589477539,18.53790664672852,13.534950256347656,29.399099349975582,1.6726330518722534,0.608,0.182,0.9865,0.5535,High
2025-12-13,Steglitz-Zehlendorf,308080,3006.0,14.632434844970703,17.90995979309082,12.041024208068848,28.9932918548584,1.4347138404846191,0.5813,0.2061,0.8461,0.5162,Medium
2025-12-13,Tempelhof-Schöneberg,359199,6765.9,15.04420566558838,18.285341262817383,13.526016235351562,27.914352416992188,1.7389286756515503,0.6042,0.4638,0.8302,0.6116,High
2025-12-13,Treptow-Köpenick,275469,1635.6,15.05167293548584,18.16457939147949,14.760666847229004,26.6864070892334,1.7857929468154907,0.6138,0.1121,0.9267,0.5164,Medium
2025-12-14,Charlottenburg-Wilmersdorf,344207,5316.8,13.454509735107422,16.56201171875,12.285072326660156,36.857906341552734,1.9579839706420896,0.5682,0.3645,0.9202,0.5849,High
2025-12-14,Friedrichshain-Kreuzberg,294099,14588.2,13.305953979492188,16.644092559814453,13.062994956970217,36.67099380493164,2.0978705883026123,0.5725,1.0,0.6997,0.7539,High
2025-12-14,Lichtenberg,298187,5702.6,13.257752418518066,16.61137580871582,12.65194320678711,37.62496566772461,2.1344902515411377,0.5692,0.3909,0.9308,0.5972,High
2025-12-14,Marzahn-Hellersdorf,265225,4295.8,12.44806957244873,15.701292991638184,10.916911125183104,39.12990951538086,1.9555306434631348,0.5327,0.2945,0.9731,0.5594,High
2025-12-14,Mitte,386181,9784.2,13.454509735107422,16.56201171875,12.285072326660156,36.857906341552734,1.9579839706420896,0.5682,0.6707,0.9444,0.6981,High
2025-12-14,Neukölln,328826,7318.6,12.530293464660645,15.576683044433594,10.646747589111328,38.30931854248047,1.907184600830078,0.5298,0.5017,0.9218,0.618,High
2025-12-14,Pankow,415257,4031.2,13.305953979492188,16.644092559814453,13.062994956970217,36.67099380493164,2.0978705883026123,0.5725,0.2763,0.672,0.4937,Medium
2025-12-14,Reinickendorf,268568,3001.1,13.454509735107422,16.56201171875,12.285072326660156,36.857906341552734,1.9579839706420896,0.5682,0.2057,1.0,0.5493,Medium
2025-12-14,Spandau,243977,2654.5,13.25653076171875,15.809173583984377,10.384249687194824,37.99138641357422,1.625555396080017,0.5439,0.182,0.9838,0.5272,Medium
2025-12-14,Steglitz-Zehlendorf,308080,3006.0,12.256721496582031,15.158550262451172,9.125249862670898,38.1785774230957,1.5847753286361694,0.5061,0.2061,0.8536,0.488,Medium
2025-12-14,Tempelhof-Schöneberg,359199,6765.9,12.652983665466309,15.66740894317627,10.427935600280762,38.086368560791016,1.81855046749115,0.5302,0.4638,0.8154,0.5783,High
2025-12-14,Treptow-Köpenick,275469,1635.6,12.27146053314209,15.308432579040527,10.564400672912598,38.58585739135742,1.931995749473572,0.5226,0.1121,0.9094,0.4756,Medium
2025-12-15,Charlottenburg-Wilmersdorf,344207,5316.8,10.949932098388672,14.426312446594238,19.574419021606445,28.156644821166992,2.420813798904419,0.5587,0.3645,0.9464,0.5877,High
2025-12-15,Friedrichshain-Kreuzberg,294099,14588.2,10.45726203918457,14.077430725097656,19.09447860717773,27.97975730895996,2.348048448562622,0.5408,1.0,0.6859,0.7378,High
2025-12-15,Lichtenberg,298187,5702.6,10.529618263244627,13.817849159240724,16.692485809326172,30.00739860534668,2.131941080093384,0.5214,0.3909,0.8873,0.5672,High
2025-12-15,Marzahn-Hellersdorf,265225,4295.8,9.593794822692873,12.603114128112791,12.966594696044922,33.29370880126953,1.739944338798523,0.4643,0.2945,0.9915,0.5367,Medium
2025-12-15,Mitte,386181,9784.2,10.949932098388672,14.426312446594238,19.574419021606445,28.156644821166992,2.420813798904419,0.5587,0.6707,0.8858,0.6797,High
2025-12-15,Neukölln,328826,7318.6,9.676764488220217,13.0966796875,14.135299682617188,31.72111701965332,1.932242035865784,0.4767,0.5017,0.8996,0.5912,High
2025-12-15,Pankow,415257,4031.2,10.45726203918457,14.077430725097656,19.09447860717773,27.97975730895996,2.348048448562622,0.5408,0.2763,0.6729,0.4812,Medium
2025-12-15,Reinickendorf,268568,3001.1,10.949932098388672,14.426312446594238,19.574419021606445,28.156644821166992,2.420813798904419,0.5587,0.2057,0.9875,0.5424,Medium
2025-12-15,Spandau,243977,2654.5,10.180061340332031,13.371153831481934,16.90747833251953,29.447816848754883,1.9439458847045896,0.5125,0.182,0.9594,0.5086,Medium
2025-12-15,Steglitz-Zehlendorf,308080,3006.0,9.173025131225586,12.807766914367676,13.59409236907959,31.41206932067871,1.6776639223098757,0.4576,0.2061,0.7929,0.4534,Medium
2025-12-15,Tempelhof-Schöneberg,359199,6765.9,9.798346519470217,13.243062019348145,14.73562717437744,31.06600379943848,1.966738224029541,0.4847,0.4638,0.76,0.5462,Medium
2025-12-15,Treptow-Köpenick,275469,1635.6,9.835659980773926,13.068181037902832,14.152831077575684,32.56386947631836,1.871662139892578,0.4821,0.1121,0.8919,0.455,Medium
2025-12-16,Charlottenburg-Wilmersdorf,344207,5316.8,15.793904304504396,20.10735511779785,26.53745460510254,10.66906452178955,3.52866005897522,0.6928,0.3645,0.9723,0.6478,High
2025-12-16,Friedrichshain-Kreuzberg,294099,14588.2,15.108391761779783,19.34078788757324,24.59222984313965,11.927955627441406,3.2421016693115234,0.6883,1.0,0.6983,0.7999,High
2025-12-16,Lichtenberg,298187,5702.6,15.267159461975098,18.557092666625977,20.746749877929688,14.66475772857666,3.0047194957733154,0.6524,0.3909,0.9399,0.6327,High
2025-12-16,Marzahn-Hellersdorf,265225,4295.8,14.025263786315918,17.041088104248047,16.383432388305664,16.902284622192383,3.099148750305176,0.5856,0.2945,0.9752,0.5811,High
2025-12-16,Mitte,386181,9784.2,15.793904304504396,20.10735511779785,26.53745460510254,10.66906452178955,3.52866005897522,0.6928,0.6707,0.9215,0.7422,High
2025-12-16,Neukölln,328826,7318.6,14.809247016906738,18.562902450561523,21.38217163085937,14.243849754333496,2.7712860107421875,0.6532,0.5017,0.9286,0.669,High
2025-12-16,Pankow,415257,4031.2,15.108391761779783,19.34078788757324,24.59222984313965,11.927955627441406,3.2421016693115234,0.6883,0.2763,0.7024,0.5476,Medium
2025-12-16,Reinickendorf,268568,3001.1,15.793904304504396,20.10735511779785,26.53745460510254,10.66906452178955,3.52866005897522,0.6928,0.2057,1.0,0.5991,High
2025-12-16,Spandau,243977,2654.5,15.259268760681152,19.52778625488281,25.258825302124023,11.693405151367188,3.202803611755371,0.6925,0.182,0.9999,0.5907,High
2025-12-16,Steglitz-Zehlendorf,308080,3006.0,13.840279579162598,17.99526023864746,20.24297523498535,14.876286506652832,2.572148084640503,0.6183,0.2061,0.7957,0.5184,Medium
2025-12-16,Tempelhof-Schöneberg,359199,6765.9,14.755749702453612,18.73021697998047,21.965970993041992,13.820866584777832,2.930052757263184,0.6577,0.4638,0.7785,0.62,High
2025-12-16,Treptow-Köpenick,275469,1635.6,14.878655433654783,18.30082893371582,18.90802574157715,15.420894622802734,2.4504997730255127,0.6312,0.1121,0.9188,0.5214,Medium
2025-12-17,Charlottenburg-Wilmersdorf,344207,5316.8,18.615398406982425,22.895774841308597,23.8807373046875,7.459864139556885,3.338134765625,0.6842,0.3645,0.9522,0.6393,High
2025-12-17,Friedrichshain-Kreuzberg,294099,14588.2,18.441274642944336,22.82334899902344,24.192163467407227,7.023845195770264,3.293034791946411,0.6862,1.0,0.6837,0.7954,High
2025-12-17,Lichtenberg,298187,5702.6,18.548627853393555,22.925729751586918,23.20039939880371,6.966180324554443,3.213754892349243,0.6764,0.3909,0.9394,0.6422,High
2025-12-17,Marzahn-Hellersdorf,265225,4295.8,17.847780227661133,22.20469665527344,21.653711318969727,7.259895324707031,2.980062246322632,0.6588,0.2945,0.9134,0.5949,High
2025-12-17,Mitte,386181,9784.2,18.615398406982425,22.895774841308597,23.8807373046875,7.459864139556885,3.338134765625,0.6842,0.6707,0.9081,0.7355,High
2025-12-17,Neukölln,328826,7318.6,17.514612197875977,21.83513069152832,22.006898880004883,8.4022855758667,2.6193718910217285,0.6629,0.5017,0.9069,0.6675,High
2025-12-17,Pankow,415257,4031.2,18.441274642944336,22.82334899902344,24.192163467407227,7.023845195770264,3.293034791946411,0.6862,0.2763,0.6554,0.535,Medium
2025-12-17,Reinickendorf,268568,3001.1,18.615398406982425,22.895774841308597,23.8807373046875,7.459864139556885,3.338134765625,0.6842,0.2057,1.0,0.5957,High
2025-12-17,Spandau,243977,2654.5,18.011486053466797,22.148542404174805,22.346311569213867,8.398826599121094,2.7455475330352783,0.6675,0.182,1.0,0.5807,High
2025-12-17,Steglitz-Zehlendorf,308080,3006.0,16.83885383605957,20.98616981506348,20.14574241638184,9.49072551727295,2.24106240272522,0.6432,0.2061,0.7865,0.526,Medium
2025-12-17,Tempelhof-Schöneberg,359199,6765.9,17.48906898498535,21.714813232421875,21.94405937194824,8.759296417236328,2.6283884048461914,0.6626,0.4638,0.785,0.6236,High
2025-12-17,Treptow-Köpenick,275469,1635.6,17.5633602142334,21.80589485168457,21.608118057250977,8.252751350402832,2.4939610958099365,0.6584,0.1121,0.9157,0.5315,Medium
2025-12-18,Charlottenburg-Wilmersdorf,344207,5316.8,13.818493843078612,18.698665618896484,23.438894271850582,19.310791015625,2.487933397293091,0.6609,0.3645,0.9681,0.634,High
2025-12-18,Friedrichshain-Kreuzberg,294099,14588.2,13.576153755187988,18.69887351989746,23.84394836425781,18.86167335510254,2.473676443099976,0.6584,1.0,0.6666,0.78,High
2025-12-18,Lichtenberg,298187,5702.6,13.623272895812988,18.56963157653809,22.33969116210937,19.888072967529297,2.417379140853882,0.646,0.3909,0.926,0.6267,High
2025-12-18,Marzahn-Hellersdorf,265225,4295.8,12.57819652557373,17.443098068237305,19.393356323242188,21.25775718688965,2.066694736480713,0.5907,0.2945,1.0,0.5894,High
2025-12-18,Mitte,386181,9784.2,13.818493843078612,18.698665618896484,23.438894271850582,19.310791015625,2.487933397293091,0.6609,0.6707,0.9038,0.7251,High
2025-12-18,Neukölln,328826,7318.6,12.742661476135254,17.652360916137695,19.196876525878903,23.220006942749023,2.1403701305389404,0.5973,0.5017,0.9269,0.6462,High
2025-12-18,Pankow,415257,4031.2,13.576153755187988,18.69887351989746,23.84394836425781,18.86167335510254,2.473676443099976,0.6584,0.2763,0.6888,0.5323,Medium
2025-12-18,Reinickendorf,268568,3001.1,13.818493843078612,18.698665618896484,23.438894271850582,19.310791015625,2.487933397293091,0.6609,0.2057,1.0,0.5864,High
2025-12-18,Spandau,243977,2654.5,13.19287395477295,17.92238426208496,20.29034996032715,22.118898391723636,2.130317687988281,0.6174,0.182,1.0,0.5607,High
2025-12-18,Steglitz-Zehlendorf,308080,3006.0,12.301346778869627,17.24947738647461,17.53199005126953,24.628931045532227,1.8564581871032717,0.5714,0.2061,0.815,0.5044,Medium
2025-12-18,Tempelhof-Schöneberg,359199,6765.9,12.842385292053224,18.043798446655277,18.846439361572266,23.17528343200684,2.167149305343628,0.5973,0.4638,0.7675,0.5931,High
2025-12-18,Treptow-Köpenick,275469,1635.6,12.605774879455566,17.455862045288086,19.66976356506348,22.989057540893555,2.1288492679595947,0.5977,0.1121,0.8903,0.5009,Medium
2025-12-19,Charlottenburg-Wilmersdorf,344207,5316.8,9.595947265625,13.891858100891112,21.6163272857666,23.49913215637207,2.221259832382202,0.5361,0.3645,0.9492,0.5793,High
2025-12-19,Friedrichshain-Kreuzberg,294099,14588.2,9.684619903564451,13.794567108154297,22.83257293701172,21.402719497680664,2.351351737976074,0.546,1.0,0.6976,0.7428,High
2025-12-19,Lichtenberg,298187,5702.6,9.72811508178711,13.666373252868652,21.479347229003903,21.70020866394043,2.4474546909332275,0.5338,0.3909,0.916,0.5793,High
2025-12-19,Marzahn-Hellersdorf,265225,4295.8,9.09913444519043,12.814074516296388,19.181411743164062,22.836387634277344,2.1860268115997314,0.4952,0.2945,0.958,0.5407,Medium
2025-12-19,Mitte,386181,9784.2,9.595947265625,13.891858100891112,21.6163272857666,23.49913215637207,2.221259832382202,0.5361,0.6707,0.882,0.6697,High
2025-12-19,Neukölln,328826,7318.6,9.139403343200684,13.176249504089355,18.407737731933597,25.77586936950684,2.096494197845459,0.4954,0.5017,0.8865,0.5954,High
2025-12-19,Pankow,415257,4031.2,9.684619903564451,13.794567108154297,22.83257293701172,21.402719497680664,2.351351737976074,0.546,0.2763,0.6564,0.4792,Medium
2025-12-19,Reinickendorf,268568,3001.1,9.595947265625,13.891858100891112,21.6163272857666,23.49913215637207,2.221259832382202,0.5361,0.2057,0.9743,0.53,Medium
2025-12-19,Spandau,243977,2654.5,8.955349922180176,12.91875171661377,18.20619010925293,26.944091796875,1.825167179107666,0.4903,0.182,0.9637,0.5007,Medium
2025-12-19,Steglitz-Zehlendorf,308080,3006.0,8.388386726379395,12.319221496582031,15.845698356628418,28.24706268310547,1.6998167037963867,0.4539,0.2061,0.7839,0.4497,Medium
2025-12-19,Tempelhof-Schöneberg,359199,6765.9,9.004288673400879,13.226059913635254,17.797990798950195,26.265172958374023,2.0487067699432373,0.4873,0.4638,0.7535,0.5456,Medium
2025-12-19,Treptow-Köpenick,275469,1635.6,9.11682415008545,12.944419860839844,18.73297882080078,25.088682174682617,2.1955409049987797,0.4961,0.1121,0.9002,0.4627,Medium
2025-12-20,Charlottenburg-Wilmersdorf,344207,5316.8,13.886626243591309,17.680450439453125,22.631746292114254,19.76947593688965,2.601604700088501,0.6521,0.3645,0.9763,0.6325,High
2025-12-20,Friedrichshain-Kreuzberg,294099,14588.2,13.368935585021973,17.41616439819336,21.36592674255371,18.65924453735352,2.5615932941436768,0.6242,1.0,0.6947,0.7734,High
2025-12-20,Lichtenberg,298187,5702.6,12.986021995544434,17.088401794433594,18.689435958862305,20.05937385559082,2.395165205001831,0.59,0.3909,0.958,0.6123,High
2025-12-20,Marzahn-Hellersdorf,265225,4295.8,12.243496894836426,16.007036209106445,15.780318260192873,22.033912658691406,2.096917152404785,0.5435,0.2945,0.9797,0.5654,High
2025-12-20,Mitte,386181,9784.2,13.886626243591309,17.680450439453125,22.631746292114254,19.76947593688965,2.601604700088501,0.6521,0.6707,0.8966,0.7197,High
2025-12-20,Neukölln,328826,7318.6,13.322925567626951,17.70150375366211,22.529150009155277,16.845849990844727,2.743917226791382,0.6323,0.5017,0.9297,0.6609,High
2025-12-20,Pankow,415257,4031.2,13.368935585021973,17.41616439819336,21.36592674255371,18.65924453735352,2.5615932941436768,0.6242,0.2763,0.7078,0.5233,Medium
2025-12-20,Reinickendorf,268568,3001.1,13.886626243591309,17.680450439453125,22.631746292114254,19.76947593688965,2.601604700088501,0.6521,0.2057,1.0,0.5828,High
2025-12-20,Spandau,243977,2654.5,13.768753051757812,17.18596649169922,21.6743106842041,19.93851661682129,2.407786130905152,0.6382,0.182,0.9963,0.5681,High
2025-12-20,Steglitz-Zehlendorf,308080,3006.0,13.291889190673828,17.260744094848633,19.72343063354492,19.4641227722168,2.268406867980957,0.6067,0.2061,0.8296,0.5222,Medium
2025-12-20,Tempelhof-Schöneberg,359199,6765.9,13.430859565734863,17.713457107543945,22.384735107421875,17.076969146728516,2.7189528942108154,0.6338,0.4638,0.8298,0.6233,High
2025-12-20,Treptow-Köpenick,275469,1635.6,12.977171897888184,17.224153518676758,21.093685150146484,17.376367568969727,2.817958116531372,0.6094,0.1121,0.8971,0.5073,Medium
2025-12-21,Charlottenburg-Wilmersdorf,344207,5316.8,22.013166427612305,25.78681755065918,11.813097953796388,19.691635131835938,2.9946982860565186,0.5972,0.3645,0.9109,0.5942,High
2025-12-21,Friedrichshain-Kreuzberg,294099,14588.2,21.633359909057617,25.375158309936523,10.066810607910156,20.244142532348636,2.936572790145874,0.5794,1.0,0.6236,0.7377,High
2025-12-21,Lichtenberg,298187,5702.6,21.22240257263184,24.90174674987793,8.613001823425293,21.033281326293945,2.869362592697144,0.5648,0.3909,0.9124,0.5908,High
2025-12-21,Marzahn-Hellersdorf,265225,4295.8,21.13835906982422,24.56604766845703,7.800535678863525,21.714826583862305,2.822756767272949,0.5569,0.2945,0.9472,0.5626,High
2025-12-21,Mitte,386181,9784.2,22.013166427612305,25.78681755065918,11.813097953796388,19.691635131835938,2.9946982860565186,0.5972,0.6707,0.8387,0.6833,High
2025-12-21,Neukölln,328826,7318.6,22.45652198791504,25.86324882507324,11.8491792678833,18.50555419921875,3.0632364749908447,0.5955,0.5017,0.9437,0.6497,High
2025-12-21,Pankow,415257,4031.2,21.633359909057617,25.375158309936523,10.066810607910156,20.244142532348636,2.936572790145874,0.5794,0.2763,0.6649,0.4947,Medium
2025-12-21,Reinickendorf,268568,3001.1,22.013166427612305,25.78681755065918,11.813097953796388,19.691635131835938,2.9946982860565186,0.5972,0.2057,1.0,0.5609,High
2025-12-21,Spandau,243977,2654.5,22.19070625305176,25.907812118530277,13.129767417907717,19.052146911621094,2.927153348922729,0.6094,0.182,0.9723,0.5505,High
2025-12-21,Steglitz-Zehlendorf,308080,3006.0,22.526979446411133,25.95161437988281,13.072010040283203,18.24156188964844,2.9174375534057617,0.6074,0.2061,0.7967,0.5143,Medium
2025-12-21,Tempelhof-Schöneberg,359199,6765.9,22.86148834228516,26.219636917114254,12.981268882751465,18.05411148071289,3.0912227630615234,0.6072,0.4638,0.8169,0.6094,High
2025-12-21,Treptow-Köpenick,275469,1635.6,22.147783279418945,25.596315383911133,10.37846851348877,19.20781517028809,3.094579696655273,0.5814,0.1121,0.8704,0.4894,Medium
2025-12-22,Charlottenburg-Wilmersdorf,344207,5316.8,20.761219024658203,23.595046997070312,11.60618495941162,27.2630558013916,3.715319871902466,0.6039,0.3645,0.9388,0.6038,High
2025-12-22,Friedrichshain-Kreuzberg,294099,14588.2,20.170713424682617,22.96505546569824,10.156615257263184,28.95454406738281,3.5940792560577397,0.5905,1.0,0.6722,0.7543,High
2025-12-22,Lichtenberg,298187,5702.6,20.069887161254883,22.68833351135254,8.574702262878418,30.54234504699707,3.524895429611206,0.5769,0.3909,0.9226,0.5982,High
2025-12-22,Marzahn-Hellersdorf,265225,4295.8,19.71087455749512,22.064598083496094,7.733188629150391,31.78096008300781,3.409120559692383,0.5687,0.2945,0.9143,0.5591,High
2025-12-22,Mitte,386181,9784.2,20.761219024658203,23.595046997070312,11.60618495941162,27.2630558013916,3.715319871902466,0.6039,0.6707,0.8482,0.6884,High
2025-12-22,Neukölln,328826,7318.6,20.541168212890625,23.66007232666016,11.64134693145752,26.39164161682129,3.996703863143921,0.6031,0.5017,0.9007,0.642,High
2025-12-22,Pankow,415257,4031.2,20.170713424682617,22.96505546569824,10.156615257263184,28.95454406738281,3.5940792560577397,0.5905,0.2763,0.6788,0.5026,Medium
2025-12-22,Reinickendorf,268568,3001.1,20.761219024658203,23.595046997070312,11.60618495941162,27.2630558013916,3.715319871902466,0.6039,0.2057,1.0,0.5636,High
2025-12-22,Spandau,243977,2654.5,20.68995857238769,23.37510871887207,12.619792938232422,26.085832595825195,3.589679479598999,0.6108,0.182,0.9498,0.5455,Medium
2025-12-22,Steglitz-Zehlendorf,308080,3006.0,20.976783752441406,23.95793914794922,12.92724895477295,24.568178176879883,3.793079137802124,0.613,0.2061,0.8458,0.5288,Medium
2025-12-22,Tempelhof-Schöneberg,359199,6765.9,20.966745376586918,23.94278907775879,12.905508995056152,24.8995304107666,4.0647053718566895,0.6137,0.4638,0.8301,0.6153,High
2025-12-22,Treptow-Köpenick,275469,1635.6,20.28837013244629,23.34670066833496,10.02624225616455,28.20663452148437,4.054585933685303,0.5896,0.1121,0.8822,0.4956,Medium
2025-12-23,Charlottenburg-Wilmersdorf,344207,5316.8,13.309439659118652,16.101335525512695,8.80213451385498,54.04499816894531,2.4893157482147217,0.5634,0.3645,0.9272,0.5847,High
2025-12-23,Friedrichshain-Kreuzberg,294099,14588.2,13.065953254699709,15.654541015625,7.484449863433838,54.63201522827149,2.430385112762451,0.5442,1.0,0.6957,0.7416,High
2025-12-23,Lichtenberg,298187,5702.6,12.8246431350708,15.345173835754396,6.064398288726807,55.92714309692383,2.371223211288452,0.5259,0.3909,0.9324,0.5803,High
2025-12-23,Marzahn-Hellersdorf,265225,4295.8,12.354415893554688,14.725485801696776,5.167173385620117,56.6098747253418,2.3674933910369877,0.5052,0.2945,0.9944,0.5538,High
2025-12-23,Mitte,386181,9784.2,13.309439659118652,16.101335525512695,8.80213451385498,54.04499816894531,2.4893157482147217,0.5634,0.6707,0.9215,0.6905,High
2025-12-23,Neukölln,328826,7318.6,13.534282684326172,16.113330841064453,8.636364936828613,53.823028564453125,2.7611188888549805,0.567,0.5017,0.9023,0.628,High
2025-12-23,Pankow,415257,4031.2,13.065953254699709,15.654541015625,7.484449863433838,54.63201522827149,2.430385112762451,0.5442,0.2763,0.6648,0.4806,Medium
2025-12-23,Reinickendorf,268568,3001.1,13.309439659118652,16.101335525512695,8.80213451385498,54.04499816894531,2.4893157482147217,0.5634,0.2057,1.0,0.5474,Medium
2025-12-23,Spandau,243977,2654.5,13.4334716796875,16.297273635864258,9.193023681640623,54.03460693359375,2.36496376991272,0.5707,0.182,0.9669,0.5337,Medium
2025-12-23,Steglitz-Zehlendorf,308080,3006.0,13.83274745941162,16.476768493652344,9.868924140930176,52.59138107299805,2.591026544570923,0.5848,0.2061,0.8629,0.5218,Medium
2025-12-23,Tempelhof-Schöneberg,359199,6765.9,13.813124656677246,16.454275131225586,9.96593189239502,52.86455154418945,2.825889587402344,0.5861,0.4638,0.8369,0.606,High
2025-12-23,Treptow-Köpenick,275469,1635.6,13.163826942443848,15.68138027191162,7.075308322906494,54.96713638305664,2.74252724647522,0.5435,0.1121,0.9243,0.4877,Medium
2025-12-24,Charlottenburg-Wilmersdorf,344207,5316.8,8.439459800720215,10.194544792175291,7.037318706512451,50.84487533569336,3.161949872970581,0.4069,0.3645,0.8375,0.4997,Medium
2025-12-24,Friedrichshain-Kreuzberg,294099,14588.2,8.162333488464355,9.883759498596191,5.842010498046875,51.98880386352539,2.733215570449829,0.3892,1.0,0.7304,0.6883,High
2025-12-24,Lichtenberg,298187,5702.6,8.170408248901367,9.710634231567385,4.6399359703063965,53.51267623901367,2.517807006835937,0.3796,0.3909,0.9431,0.5244,Medium
2025-12-24,Marzahn-Hellersdorf,265225,4295.8,7.906424045562744,9.52197265625,3.7525033950805664,53.97222518920898,2.398552179336548,0.3647,0.2945,1.0,0.499,Medium
2025-12-24,Mitte,386181,9784.2,8.439459800720215,10.194544792175291,7.037318706512451,50.84487533569336,3.161949872970581,0.4069,0.6707,0.9482,0.6346,High
2025-12-24,Neukölln,328826,7318.6,8.367524147033691,10.201603889465332,7.229604721069336,52.00457382202149,2.720285177230835,0.409,0.5017,0.8993,0.564,High
2025-12-24,Pankow,415257,4031.2,8.162333488464355,9.883759498596191,5.842010498046875,51.98880386352539,2.733215570449829,0.3892,0.2763,0.641,0.4126,Medium
2025-12-24,Reinickendorf,268568,3001.1,8.439459800720215,10.194544792175291,7.037318706512451,50.84487533569336,3.161949872970581,0.4069,0.2057,0.9699,0.4772,Medium
2025-12-24,Spandau,243977,2654.5,8.352818489074707,10.228748321533203,7.587274551391602,50.72957229614258,3.273621797561645,0.4104,0.182,1.0,0.4779,Medium
2025-12-24,Steglitz-Zehlendorf,308080,3006.0,8.191351890563965,9.970307350158691,8.79341983795166,50.543243408203125,2.6505348682403564,0.4167,0.2061,0.8291,0.4461,Medium
2025-12-24,Tempelhof-Schöneberg,359199,6765.9,8.30988597869873,10.05811595916748,8.493368148803711,50.69133377075195,2.8833138942718506,0.4173,0.4638,0.8198,0.5342,Medium
2025-12-24,Treptow-Köpenick,275469,1635.6,8.217947959899902,9.981307983398438,5.5818963050842285,52.425411224365234,2.7120702266693115,0.3891,0.1121,0.8816,0.4153,Medium
2025-12-25,Charlottenburg-Wilmersdorf,344207,5316.8,20.88023567199707,24.72455596923828,14.60592269897461,35.49527740478516,3.551006555557251,0.6539,0.3645,0.8965,0.6133,High
2025-12-25,Friedrichshain-Kreuzberg,294099,14588.2,20.580677032470703,23.94027137756348,12.077439308166504,37.43834686279297,3.347569465637207,0.6296,1.0,0.728,0.7838,High
2025-12-25,Lichtenberg,298187,5702.6,20.31234169006348,23.239473342895508,9.499955177307127,39.44382858276367,3.234251976013184,0.6054,0.3909,0.9385,0.6136,High
2025-12-25,Marzahn-Hellersdorf,265225,4295.8,20.113361358642575,22.74211311340332,7.663218021392822,40.73062896728516,3.2847845554351807,0.588,0.2945,0.9608,0.5785,High
2025-12-25,Mitte,386181,9784.2,20.88023567199707,24.72455596923828,14.60592269897461,35.49527740478516,3.551006555557251,0.6539,0.6707,0.8994,0.7212,High
2025-12-25,Neukölln,328826,7318.6,21.60960960388184,25.07918739318848,13.922993659973145,37.39538192749024,3.998244285583496,0.6526,0.5017,0.8834,0.6575,High
2025-12-25,Pankow,415257,4031.2,20.580677032470703,23.94027137756348,12.077439308166504,37.43834686279297,3.347569465637207,0.6296,0.2763,0.6774,0.5179,Medium
2025-12-25,Reinickendorf,268568,3001.1,20.88023567199707,24.72455596923828,14.60592269897461,35.49527740478516,3.551006555557251,0.6539,0.2057,0.9954,0.5824,High
2025-12-25,Spandau,243977,2654.5,21.011472702026367,24.740930557250977,15.767491340637209,34.661434173583984,3.422685384750366,0.6637,0.182,0.969,0.5714,High
2025-12-25,Steglitz-Zehlendorf,308080,3006.0,21.577306747436523,24.62950134277344,16.3996524810791,35.049495697021484,3.873950958251953,0.671,0.2061,0.8618,0.556,High
2025-12-25,Tempelhof-Schöneberg,359199,6765.9,21.472091674804688,24.97966194152832,16.32406234741211,35.47441482543945,4.031112194061279,0.6725,0.4638,0.8292,0.6386,High
2025-12-25,Treptow-Köpenick,275469,1635.6,21.22184181213379,24.328527450561523,10.932232856750488,38.63319778442383,3.99168872833252,0.6227,0.1121,0.8943,0.5119,Medium
2025-12-26,Charlottenburg-Wilmersdorf,344207,5316.8,23.37843894958496,28.06953239440918,22.64334297180176,23.821510314941406,3.949275016784668,0.7226,0.3645,0.9294,0.649,High
2025-12-26,Friedrichshain-Kreuzberg,294099,14588.2,22.49779510498047,26.79034423828125,22.3317928314209,23.66593170166016,3.867563009262085,0.7148,1.0,0.7104,0.8135,High
2025-12-26,Lichtenberg,298187,5702.6,21.846466064453125,26.161279678344727,19.26881217956543,27.328493118286133,3.3438990116119385,0.6887,0.3909,0.954,0.6508,High
2025-12-26,Marzahn-Hellersdorf,265225,4295.8,20.61250114440918,24.20382499694824,14.96615219116211,31.853120803833008,2.4050652980804443,0.6471,0.2945,0.9299,0.5944,High
2025-12-26,Mitte,386181,9784.2,23.37843894958496,28.06953239440918,22.64334297180176,23.821510314941406,3.949275016784668,0.7226,0.6707,0.8838,0.7447,High
2025-12-26,Neukölln,328826,7318.6,25.63184928894043,30.223447799682617,29.479568481445312,17.93418312072754,5.190985202789307,0.7431,0.5017,0.842,0.6833,High
2025-12-26,Pankow,415257,4031.2,22.49779510498047,26.79034423828125,22.3317928314209,23.66593170166016,3.867563009262085,0.7148,0.2763,0.7057,0.5591,High
2025-12-26,Reinickendorf,268568,3001.1,23.37843894958496,28.06953239440918,22.64334297180176,23.821510314941406,3.949275016784668,0.7226,0.2057,0.9956,0.6099,High
2025-12-26,Spandau,243977,2654.5,23.11284828186035,26.492586135864254,18.83730125427246,26.923927307128903,3.188761949539185,0.6845,0.182,0.9555,0.5764,High
2025-12-26,Steglitz-Zehlendorf,308080,3006.0,23.744482040405277,27.36271858215332,20.247262954711918,24.8310546875,3.819212675094605,0.6981,0.2061,0.8485,0.5635,High
2025-12-26,Tempelhof-Schöneberg,359199,6765.9,24.838815689086918,29.2492618560791,27.25553703308105,20.10902404785156,5.052016735076904,0.744,0.4638,0.8063,0.6615,High
2025-12-26,Treptow-Köpenick,275469,1635.6,24.45757293701172,28.89446258544922,27.319459915161133,21.339921951293945,4.699246406555176,0.7449,0.1121,0.9494,0.5745,High
2025-12-27,Charlottenburg-Wilmersdorf,344207,5316.8,11.07580852508545,13.97737979888916,12.228862762451172,40.96062850952149,1.3458162546157837,0.5109,0.3645,0.9147,0.5606,High
2025-12-27,Friedrichshain-Kreuzberg,294099,14588.2,11.137154579162598,14.127118110656738,13.30631160736084,40.07944107055664,1.3853497505187988,0.5219,1.0,0.7053,0.7351,High
2025-12-27,Lichtenberg,298187,5702.6,11.300052642822266,14.329590797424316,13.327269554138184,39.91200256347656,1.545431137084961,0.5265,0.3909,0.9084,0.5745,High
2025-12-27,Marzahn-Hellersdorf,265225,4295.8,11.086345672607422,14.080638885498049,12.745219230651855,40.17100524902344,1.4770841598510742,0.5153,0.2945,0.9623,0.5498,Medium
2025-12-27,Mitte,386181,9784.2,11.07580852508545,13.97737979888916,12.228862762451172,40.96062850952149,1.3458162546157837,0.5109,0.6707,0.9689,0.6813,High
2025-12-27,Neukölln,328826,7318.6,11.452921867370604,14.331103324890137,13.699217796325684,39.89236068725586,1.6288447380065918,0.5338,0.5017,0.9168,0.6183,High
2025-12-27,Pankow,415257,4031.2,11.137154579162598,14.127118110656738,13.30631160736084,40.07944107055664,1.3853497505187988,0.5219,0.2763,0.669,0.4727,Medium
2025-12-27,Reinickendorf,268568,3001.1,11.07580852508545,13.97737979888916,12.228862762451172,40.96062850952149,1.3458162546157837,0.5109,0.2057,1.0,0.5264,Medium
2025-12-27,Spandau,243977,2654.5,10.965577125549316,13.736084938049316,9.895153045654297,42.50312423706055,1.1574887037277222,0.4871,0.182,1.0,0.5085,Medium
2025-12-27,Steglitz-Zehlendorf,308080,3006.0,10.961830139160156,13.671917915344238,9.153238296508787,43.52516555786133,1.2102476358413696,0.4814,0.2061,0.8733,0.483,Medium
2025-12-27,Tempelhof-Schöneberg,359199,6765.9,11.426648139953612,14.272018432617188,11.946556091308594,41.2097282409668,1.527288556098938,0.518,0.4638,0.855,0.5833,High
2025-12-27,Treptow-Köpenick,275469,1635.6,11.468497276306152,14.35073184967041,14.687393188476562,39.5874137878418,1.784214973449707,0.5437,0.1121,0.9101,0.4842,Medium
2025-12-28,Charlottenburg-Wilmersdorf,344207,5316.8,6.402010440826416,9.405762672424316,11.82233715057373,45.33012390136719,1.267275094985962,0.3912,0.3645,0.8715,0.5019,Medium
2025-12-28,Friedrichshain-Kreuzberg,294099,14588.2,6.337923049926758,9.2210054397583,12.441000938415527,45.49168014526367,1.3279598951339722,0.3957,1.0,0.6839,0.6793,High
2025-12-28,Lichtenberg,298187,5702.6,6.275121212005615,9.363441467285156,12.181387901306152,46.4162483215332,1.2997773885726929,0.3939,0.3909,0.8808,0.5146,Medium
2025-12-28,Marzahn-Hellersdorf,265225,4295.8,5.762120723724365,8.761662483215332,11.1550874710083,47.49054336547852,1.0378316640853882,0.3715,0.2945,0.9098,0.4791,Medium
2025-12-28,Mitte,386181,9784.2,6.402010440826416,9.405762672424316,11.82233715057373,45.33012390136719,1.267275094985962,0.3912,0.6707,0.9639,0.6322,High
2025-12-28,Neukölln,328826,7318.6,6.92197847366333,10.032044410705566,13.507010459899902,46.01912307739258,1.509774684906006,0.4239,0.5017,0.8805,0.5653,High
2025-12-28,Pankow,415257,4031.2,6.337923049926758,9.2210054397583,12.441000938415527,45.49168014526367,1.3279598951339722,0.3957,0.2763,0.6636,0.4209,Medium
2025-12-28,Reinickendorf,268568,3001.1,6.402010440826416,9.405762672424316,11.82233715057373,45.33012390136719,1.267275094985962,0.3912,0.2057,0.9149,0.4572,Medium
2025-12-28,Spandau,243977,2654.5,6.181451797485352,9.278599739074709,9.58619785308838,46.34039688110352,1.0021886825561523,0.365,0.182,1.0,0.4597,Medium
2025-12-28,Steglitz-Zehlendorf,308080,3006.0,6.307486057281494,9.36789321899414,8.943217277526855,47.66470718383789,0.960242509841919,0.3644,0.2061,0.8564,0.432,Medium
2025-12-28,Tempelhof-Schöneberg,359199,6765.9,6.719067096710205,9.838098526000977,12.0990629196167,46.6410026550293,1.3839236497879028,0.4056,0.4638,0.8105,0.5272,Medium
2025-12-28,Treptow-Köpenick,275469,1635.6,6.616171360015869,9.864617347717283,14.590320587158203,46.14775085449219,1.5603257417678833,0.4274,0.1121,0.8977,0.4346,Medium
2025-12-29,Charlottenburg-Wilmersdorf,344207,5316.8,7.561280727386475,11.53485107421875,10.436985969543455,55.37425231933594,1.1719180345535278,0.4315,0.3645,0.9304,0.5328,Medium
2025-12-29,Friedrichshain-Kreuzberg,294099,14588.2,7.425404071807861,11.31578540802002,11.261726379394531,55.27328872680664,1.2116724252700806,0.4357,1.0,0.6961,0.6983,High
2025-12-29,Lichtenberg,298187,5702.6,7.5958123207092285,11.236849784851074,10.49160099029541,56.1567497253418,1.255268692970276,0.4335,0.3909,0.9373,0.5445,Medium
2025-12-29,Marzahn-Hellersdorf,265225,4295.8,7.093754291534424,10.663030624389648,8.795601844787598,56.9581184387207,1.043437123298645,0.4042,0.2945,0.9213,0.4951,Medium
2025-12-29,Mitte,386181,9784.2,7.561280727386475,11.53485107421875,10.436985969543455,55.37425231933594,1.1719180345535278,0.4315,0.6707,0.9592,0.6471,High
2025-12-29,Neukölln,328826,7318.6,8.110369682312012,12.063321113586426,11.989092826843262,55.77825927734375,1.4776571989059448,0.4627,0.5017,0.8531,0.574,High
2025-12-29,Pankow,415257,4031.2,7.425404071807861,11.31578540802002,11.261726379394531,55.27328872680664,1.2116724252700806,0.4357,0.2763,0.6637,0.4369,Medium
2025-12-29,Reinickendorf,268568,3001.1,7.561280727386475,11.53485107421875,10.436985969543455,55.37425231933594,1.1719180345535278,0.4315,0.2057,1.0,0.4946,Medium
2025-12-29,Spandau,243977,2654.5,7.474009990692139,11.35574722290039,8.247754096984863,56.48350524902344,1.0243316888809204,0.409,0.182,1.0,0.4773,Medium
2025-12-29,Steglitz-Zehlendorf,308080,3006.0,7.455543041229248,11.336517333984377,7.797556400299072,57.40999984741211,1.024114012718201,0.4058,0.2061,0.8649,0.4507,Medium
2025-12-29,Tempelhof-Schöneberg,359199,6765.9,7.997150421142578,12.001968383789062,10.835124015808104,56.11639404296875,1.3427330255508425,0.4489,0.4638,0.8561,0.5559,High
2025-12-29,Treptow-Köpenick,275469,1635.6,8.165202140808105,12.131302833557127,12.34162425994873,55.44059753417969,1.5618171691894531,0.4672,0.1121,0.9072,0.4529,Medium
2025-12-30,Charlottenburg-Wilmersdorf,344207,5316.8,3.3190736770629883,6.3550801277160645,7.47848653793335,64.90876007080078,1.01600444316864,0.3045,0.3645,0.8782,0.4689,Medium
2025-12-30,Friedrichshain-Kreuzberg,294099,14588.2,3.156368494033813,6.114858150482178,7.410014629364014,65.2094955444336,1.023492693901062,0.2998,1.0,0.6817,0.6403,High
2025-12-30,Lichtenberg,298187,5702.6,3.2058019638061523,5.9483184814453125,6.378418445587158,66.6424560546875,1.0163875818252563,0.293,0.3909,0.919,0.4838,Medium
2025-12-30,Marzahn-Hellersdorf,265225,4295.8,3.0032622814178467,5.692293167114258,4.832754611968994,66.93887329101562,0.8497584462165833,0.2723,0.2945,0.9471,0.4488,Medium
2025-12-30,Mitte,386181,9784.2,3.3190736770629883,6.3550801277160645,7.47848653793335,64.90876007080078,1.01600444316864,0.3045,0.6707,0.9047,0.5827,High
2025-12-30,Neukölln,328826,7318.6,3.614582300186157,6.8290696144104,9.522622108459473,64.96612548828125,1.3292187452316284,0.3339,0.5017,0.8311,0.5169,Medium
2025-12-30,Pankow,415257,4031.2,3.156368494033813,6.114858150482178,7.410014629364014,65.2094955444336,1.023492693901062,0.2998,0.2763,0.6578,0.3811,Medium
2025-12-30,Reinickendorf,268568,3001.1,3.3190736770629883,6.3550801277160645,7.47848653793335,64.90876007080078,1.01600444316864,0.3045,0.2057,0.967,0.4355,Medium
2025-12-30,Spandau,243977,2654.5,3.1829779148101807,6.148565769195557,5.804277420043945,65.78810119628906,0.8751147389411926,0.2855,0.182,0.9692,0.4202,Medium
2025-12-30,Steglitz-Zehlendorf,308080,3006.0,3.241668701171875,6.15263032913208,5.665790557861328,66.19207763671875,0.9347067475318908,0.2864,0.2061,0.8221,0.3922,Medium
2025-12-30,Tempelhof-Schöneberg,359199,6765.9,3.5048282146453857,6.627901077270508,8.432903289794922,65.07494354248047,1.1945455074310305,0.3198,0.4638,0.8127,0.4934,Medium
2025-12-30,Treptow-Köpenick,275469,1635.6,3.485895156860352,6.687355041503906,9.133312225341797,65.17040252685547,1.317130446434021,0.3269,0.1121,0.8773,0.3893,Medium
2025-12-31,Charlottenburg-Wilmersdorf,344207,5316.8,7.159323215484619,10.09537124633789,10.826286315917969,55.09958267211914,1.160942554473877,0.4206,0.3645,0.8658,0.5123,Medium
2025-12-31,Friedrichshain-Kreuzberg,294099,14588.2,7.296014308929443,10.15579319000244,12.72744083404541,53.81930541992188,1.1860969066619873,0.4405,1.0,0.6823,0.6968,High
2025-12-31,Lichtenberg,298187,5702.6,7.534276485443115,10.772018432617188,13.294608116149902,53.64945602416992,1.3580994606018066,0.4536,0.3909,0.8754,0.5371,Medium
2025-12-31,Marzahn-Hellersdorf,265225,4295.8,7.405916690826416,10.667338371276855,12.21016788482666,53.207027435302734,1.2150288820266724,0.4384,0.2945,0.9336,0.5118,Medium
2025-12-31,Mitte,386181,9784.2,7.159323215484619,10.09537124633789,10.826286315917969,55.09958267211914,1.160942554473877,0.4206,0.6707,0.9171,0.6323,High
2025-12-31,Neukölln,328826,7318.6,7.290838241577148,10.415059089660645,11.972046852111816,55.17364883422852,1.3629990816116333,0.4366,0.5017,0.8575,0.5646,High
2025-12-31,Pankow,415257,4031.2,7.296014308929443,10.15579319000244,12.72744083404541,53.81930541992188,1.1860969066619873,0.4405,0.2763,0.6479,0.4349,Medium
2025-12-31,Reinickendorf,268568,3001.1,7.159323215484619,10.09537124633789,10.826286315917969,55.09958267211914,1.160942554473877,0.4206,0.2057,0.9299,0.4727,Medium
2025-12-31,Spandau,243977,2654.5,6.83759880065918,9.67014217376709,8.302454948425293,56.68113708496094,0.9973077178001404,0.3894,0.182,0.9691,0.4617,Medium
2025-12-31,Steglitz-Zehlendorf,308080,3006.0,6.570659637451172,9.412089347839355,7.85852575302124,57.55923461914063,0.9566993713378906,0.3796,0.2061,0.8377,0.4334,Medium
2025-12-31,Tempelhof-Schöneberg,359199,6765.9,7.072755336761475,10.037615776062012,10.384636878967283,56.1953239440918,1.260381102561951,0.4163,0.4638,0.8286,0.536,Medium
2025-12-31,Treptow-Köpenick,275469,1635.6,7.501136779785156,11.00081729888916,13.331680297851562,54.57217025756836,1.472706913948059,0.456,0.1121,0.8699,0.4391,Medium
